[INFO] Scanning for projects...
[INFO] ------------------------------------------------------------------------
[INFO] Detecting the operating system and CPU architecture
[INFO] ------------------------------------------------------------------------
[INFO] os.detected.name: linux
[INFO] os.detected.arch: x86_64
[INFO] os.detected.bitness: 64
[INFO] os.detected.version: 6.8
[INFO] os.detected.version.major: 6
[INFO] os.detected.version.minor: 8
[INFO] os.detected.release: ubuntu
[INFO] os.detected.release.version: 24.04
[INFO] os.detected.release.like.ubuntu: true
[INFO] os.detected.release.like.debian: true
[INFO] os.detected.classifier: linux-x86_64
[INFO] ------------------------------------------------------------------------
[INFO] Reactor Build Order:
[INFO]
[INFO] dolphinscheduler                                                   [pom]
[INFO] dolphinscheduler-bom                                               [pom]
[INFO] dolphinscheduler-authentication                                    [pom]
[INFO] dolphinscheduler-aws-authentication                                [jar]
[INFO] dolphinscheduler-common                                            [jar]
[INFO] dolphinscheduler-spi                                               [jar]
[INFO] dolphinscheduler-alert                                             [pom]
[INFO] dolphinscheduler-alert-plugins                                     [pom]
[INFO] dolphinscheduler-alert-api                                         [jar]
[INFO] dolphinscheduler-alert-prometheus                                  [jar]
[INFO] dolphinscheduler-alert-dingtalk                                    [jar]
[INFO] dolphinscheduler-alert-email                                       [jar]
[INFO] dolphinscheduler-alert-feishu                                      [jar]
[INFO] dolphinscheduler-alert-http                                        [jar]
[INFO] dolphinscheduler-alert-pagerduty                                   [jar]
[INFO] dolphinscheduler-alert-script                                      [jar]
[INFO] dolphinscheduler-alert-slack                                       [jar]
[INFO] dolphinscheduler-alert-telegram                                    [jar]
[INFO] dolphinscheduler-alert-webexteams                                  [jar]
[INFO] dolphinscheduler-alert-wechat                                      [jar]
[INFO] dolphinscheduler-alert-aliyunVoice                                 [jar]
[INFO] dolphinscheduler-alert-all                                         [jar]
[INFO] dolphinscheduler-meter                                             [jar]
[INFO] dolphinscheduler-task-plugin                                       [pom]
[INFO] dolphinscheduler-task-api                                          [jar]
[INFO] dolphinscheduler-dao-plugin                                        [pom]
[INFO] dolphinscheduler-dao-api                                           [jar]
[INFO] dolphinscheduler-dao-h2                                            [jar]
[INFO] dolphinscheduler-dao-postgresql                                    [jar]
[INFO] dolphinscheduler-dao-mysql                                         [jar]
[INFO] dolphinscheduler-dao-plugin-all                                    [jar]
[INFO] dolphinscheduler-dao                                               [jar]
[INFO] dolphinscheduler-extract                                           [pom]
[INFO] dolphinscheduler-extract-base                                      [jar]
[INFO] dolphinscheduler-registry                                          [pom]
[INFO] dolphinscheduler-registry-api                                      [jar]
[INFO] dolphinscheduler-registry-plugins                                  [pom]
[INFO] dolphinscheduler-registry-it                                       [jar]
[INFO] dolphinscheduler-registry-zookeeper                                [jar]
[INFO] dolphinscheduler-registry-jdbc                                     [jar]
[INFO] dolphinscheduler-registry-etcd                                     [jar]
[INFO] dolphinscheduler-registry-all                                      [jar]
[INFO] dolphinscheduler-extract-alert                                     [jar]
[INFO] dolphinscheduler-actuator-authentication                           [jar]
[INFO] dolphinscheduler-alert-server                                      [jar]
[INFO] dolphinscheduler-datasource-plugin                                 [pom]
[INFO] dolphinscheduler-datasource-api                                    [jar]
[INFO] dolphinscheduler-task-datax                                        [jar]
[INFO] dolphinscheduler-task-flink                                        [jar]
[INFO] dolphinscheduler-task-flink-stream                                 [jar]
[INFO] dolphinscheduler-task-grpc                                         [jar]
[INFO] dolphinscheduler-task-http                                         [jar]
[INFO] dolphinscheduler-task-mr                                           [jar]
[INFO] dolphinscheduler-task-procedure                                    [jar]
[INFO] dolphinscheduler-task-python                                       [jar]
[INFO] dolphinscheduler-task-seatunnel                                    [jar]
[INFO] dolphinscheduler-task-shell                                        [jar]
[INFO] dolphinscheduler-task-spark                                        [jar]
[INFO] dolphinscheduler-task-sql                                          [jar]
[INFO] dolphinscheduler-task-sqoop                                        [jar]
[INFO] dolphinscheduler-task-emr                                          [jar]
[INFO] dolphinscheduler-datasource-zeppelin                               [jar]
[INFO] dolphinscheduler-task-zeppelin                                     [jar]
[INFO] dolphinscheduler-task-jupyter                                      [jar]
[INFO] dolphinscheduler-datasource-k8s                                    [jar]
[INFO] dolphinscheduler-task-k8s                                          [jar]
[INFO] dolphinscheduler-task-mlflow                                       [jar]
[INFO] dolphinscheduler-task-openmldb                                     [jar]
[INFO] dolphinscheduler-task-dvc                                          [jar]
[INFO] dolphinscheduler-task-dinky                                        [jar]
[INFO] dolphinscheduler-task-java                                         [jar]
[INFO] dolphinscheduler-datasource-sagemaker                              [jar]
[INFO] dolphinscheduler-task-sagemaker                                    [jar]
[INFO] dolphinscheduler-task-hivecli                                      [jar]
[INFO] dolphinscheduler-task-chunjun                                      [jar]
[INFO] dolphinscheduler-task-dms                                          [jar]
[INFO] dolphinscheduler-task-datasync                                     [jar]
[INFO] dolphinscheduler-task-kubeflow                                     [jar]
[INFO] dolphinscheduler-task-linkis                                       [jar]
[INFO] dolphinscheduler-task-datafactory                                  [jar]
[INFO] dolphinscheduler-datasource-ssh                                    [jar]
[INFO] dolphinscheduler-task-remoteshell                                  [jar]
[INFO] dolphinscheduler-datasource-clickhouse                             [jar]
[INFO] dolphinscheduler-datasource-databend                               [jar]
[INFO] dolphinscheduler-datasource-db2                                    [jar]
[INFO] dolphinscheduler-datasource-hive                                   [jar]
[INFO] dolphinscheduler-datasource-mysql                                  [jar]
[INFO] dolphinscheduler-datasource-oceanbase                              [jar]
[INFO] dolphinscheduler-datasource-oracle                                 [jar]
[INFO] dolphinscheduler-datasource-postgresql                             [jar]
[INFO] dolphinscheduler-datasource-sqlserver                              [jar]
[INFO] dolphinscheduler-datasource-redshift                               [jar]
[INFO] dolphinscheduler-datasource-athena                                 [jar]
[INFO] dolphinscheduler-datasource-spark                                  [jar]
[INFO] dolphinscheduler-datasource-presto                                 [jar]
[INFO] dolphinscheduler-datasource-trino                                  [jar]
[INFO] dolphinscheduler-datasource-starrocks                              [jar]
[INFO] dolphinscheduler-datasource-azure-sql                              [jar]
[INFO] dolphinscheduler-datasource-dameng                                 [jar]
[INFO] dolphinscheduler-datasource-snowflake                              [jar]
[INFO] dolphinscheduler-datasource-kyuubi                                 [jar]
[INFO] dolphinscheduler-datasource-vertica                                [jar]
[INFO] dolphinscheduler-datasource-doris                                  [jar]
[INFO] dolphinscheduler-datasource-hana                                   [jar]
[INFO] dolphinscheduler-datasource-aliyunserverlessspark                  [jar]
[INFO] dolphinscheduler-datasource-dolphindb                              [jar]
[INFO] dolphinscheduler-datasource-all                                    [jar]
[INFO] dolphinscheduler-task-aliyunserverlessspark                        [jar]
[INFO] dolphinscheduler-task-all                                          [jar]
[INFO] dolphinscheduler-extract-common                                    [jar]
[INFO] dolphinscheduler-eventbus                                          [jar]
[INFO] dolphinscheduler-task-executor                                     [jar]
[INFO] dolphinscheduler-extract-master                                    [jar]
[INFO] dolphinscheduler-extract-worker                                    [jar]
[INFO] dolphinscheduler-service                                           [jar]
[INFO] dolphinscheduler-ui                                                [jar]
[INFO] dolphinscheduler-scheduler-plugin                                  [pom]
[INFO] dolphinscheduler-scheduler-api                                     [jar]
[INFO] dolphinscheduler-scheduler-quartz                                  [jar]
[INFO] dolphinscheduler-scheduler-all                                     [jar]
[INFO] dolphinscheduler-storage-plugin                                    [pom]
[INFO] dolphinscheduler-storage-api                                       [jar]
[INFO] dolphinscheduler-storage-s3                                        [jar]
[INFO] dolphinscheduler-storage-hdfs                                      [jar]
[INFO] dolphinscheduler-storage-oss                                       [jar]
[INFO] dolphinscheduler-storage-gcs                                       [jar]
[INFO] dolphinscheduler-storage-abs                                       [jar]
[INFO] dolphinscheduler-storage-obs                                       [jar]
[INFO] dolphinscheduler-storage-cos                                       [jar]
[INFO] dolphinscheduler-storage-all                                       [jar]
[INFO] dolphinscheduler-api                                               [jar]
[INFO] dolphinscheduler-yarn-aop                                          [jar]
[INFO] dolphinscheduler-worker                                            [jar]
[INFO] dolphinscheduler-master                                            [jar]
[INFO] dolphinscheduler-standalone-server                                 [jar]
[INFO] dolphinscheduler-tools                                             [jar]
[INFO] dolphinscheduler-dist                                              [jar]
[INFO] dolphinscheduler-microbench                                        [jar]
[INFO]
[INFO] Using the MultiThreadedBuilder implementation with a thread count of 8
[INFO]
[INFO] ------------< org.apache.dolphinscheduler:dolphinscheduler >------------
[INFO] Building dolphinscheduler 3.4.2-SNAPSHOT                         [1/138]
[INFO]   from pom.xml
[INFO] --------------------------------[ pom ]---------------------------------
[INFO]
[INFO] --- enforcer:3.0.0:enforce (enforce-maven-version) @ dolphinscheduler ---
[INFO]
[INFO] --- enforcer:3.0.0:enforce (enforce-java-version) @ dolphinscheduler ---
[INFO]
[INFO] --- remote-resources:1.7.0:process (process-resource-bundles) @ dolphinscheduler ---
[INFO] Preparing remote bundle org.apache:apache-jar-resource-bundle:1.4
[INFO] Copying 3 resources from 1 bundle.
[INFO]
[INFO] --- spotless:2.27.2:check (default) @ dolphinscheduler ---
[INFO] Spotless check skipped
[INFO]
[INFO] ----------< org.apache.dolphinscheduler:dolphinscheduler-bom >----------
[INFO] Building dolphinscheduler-bom 3.4.2-SNAPSHOT                     [2/138]
[INFO]   from dolphinscheduler-bom/pom.xml
[INFO] --------------------------------[ pom ]---------------------------------
[INFO]
[INFO] ----< org.apache.dolphinscheduler:dolphinscheduler-authentication >-----
[INFO] Building dolphinscheduler-authentication 3.4.2-SNAPSHOT          [3/138]
[INFO]   from dolphinscheduler-authentication/pom.xml
[INFO]
[INFO] --------------------------------[ pom ]---------------------------------
[INFO] ------< org.apache.dolphinscheduler:dolphinscheduler-task-plugin >------
[INFO] Building dolphinscheduler-task-plugin 3.4.2-SNAPSHOT             [4/138]
[INFO]   from dolphinscheduler-task-plugin/pom.xml
[INFO] --------------------------------[ pom ]---------------------------------
[INFO]
[INFO] ---------< org.apache.dolphinscheduler:dolphinscheduler-alert >---------
[INFO] Building dolphinscheduler-alert 3.4.2-SNAPSHOT                   [5/138]
[INFO]   from dolphinscheduler-alert/pom.xml
[INFO] --------------------------------[ pom ]---------------------------------
[INFO]
[INFO] ------< org.apache.dolphinscheduler:dolphinscheduler-dao-plugin >-------
[INFO] Building dolphinscheduler-dao-plugin 3.4.2-SNAPSHOT              [6/138]
[INFO]   from dolphinscheduler-dao-plugin/pom.xml
[INFO] --------------------------------[ pom ]---------------------------------
[INFO]
[INFO] --------< org.apache.dolphinscheduler:dolphinscheduler-extract >--------
[INFO] Building dolphinscheduler-extract 3.4.2-SNAPSHOT                 [7/138]
[INFO]   from dolphinscheduler-extract/pom.xml
[INFO] --------------------------------[ pom ]---------------------------------
[INFO]
[INFO] -------< org.apache.dolphinscheduler:dolphinscheduler-registry >--------
[INFO] Building dolphinscheduler-registry 3.4.2-SNAPSHOT                [8/138]
[INFO]   from dolphinscheduler-registry/pom.xml
[INFO] --------------------------------[ pom ]---------------------------------
[INFO]
[INFO] ---< org.apache.dolphinscheduler:dolphinscheduler-datasource-plugin >---
[INFO] Building dolphinscheduler-datasource-plugin 3.4.2-SNAPSHOT       [9/138]
[INFO]   from dolphinscheduler-datasource-plugin/pom.xml
[INFO] --------------------------------[ pom ]---------------------------------
[INFO]
[INFO] --- enforcer:3.0.0:enforce (enforce-maven-version) @ dolphinscheduler-authentication ---
[INFO]
[INFO] --- enforcer:3.0.0:enforce (enforce-maven-version) @ dolphinscheduler-datasource-plugin ---
[INFO]
[INFO] --- enforcer:3.0.0:enforce (enforce-maven-version) @ dolphinscheduler-dao-plugin ---
[INFO]
[INFO]
[INFO] --- enforcer:3.0.0:enforce (enforce-java-version) @ dolphinscheduler-datasource-plugin ---
[INFO]
[INFO]
[INFO] --- enforcer:3.0.0:enforce (enforce-maven-version) @ dolphinscheduler-task-plugin ---
[INFO]
[INFO] --- enforcer:3.0.0:enforce (enforce-maven-version) @ dolphinscheduler-registry ---
[INFO]
[INFO] --- enforcer:3.0.0:enforce (enforce-maven-version) @ dolphinscheduler-alert ---
[INFO]
[INFO] --- enforcer:3.0.0:enforce (enforce-maven-version) @ dolphinscheduler-extract ---
[INFO]
[INFO] --- enforcer:3.0.0:enforce (enforce-java-version) @ dolphinscheduler-alert ---
[INFO] --- enforcer:3.0.0:enforce (enforce-java-version) @ dolphinscheduler-authentication ---
[INFO]
[INFO] --- enforcer:3.0.0:enforce (enforce-maven-version) @ dolphinscheduler-bom ---
[INFO]
[INFO] --- remote-resources:1.7.0:process (process-resource-bundles) @ dolphinscheduler-alert ---
[INFO]
[INFO] --- enforcer:3.0.0:enforce (enforce-java-version) @ dolphinscheduler-bom ---
[INFO]
[INFO] --- remote-resources:1.7.0:process (process-resource-bundles) @ dolphinscheduler-bom ---
[INFO]
[INFO] --- enforcer:3.0.0:enforce (enforce-java-version) @ dolphinscheduler-registry ---
[INFO]
[INFO] --- remote-resources:1.7.0:process (process-resource-bundles) @ dolphinscheduler-registry ---
[INFO] Preparing remote bundle org.apache:apache-jar-resource-bundle:1.4
[INFO] Preparing remote bundle org.apache:apache-jar-resource-bundle:1.4
[INFO]
[INFO] --- enforcer:3.0.0:enforce (enforce-java-version) @ dolphinscheduler-extract ---
[INFO] Preparing remote bundle org.apache:apache-jar-resource-bundle:1.4
[INFO]
[INFO] --- remote-resources:1.7.0:process (process-resource-bundles) @ dolphinscheduler-authentication ---
[INFO] Preparing remote bundle org.apache:apache-jar-resource-bundle:1.4
[INFO]
[INFO] --- remote-resources:1.7.0:process (process-resource-bundles) @ dolphinscheduler-datasource-plugin ---
[INFO] Preparing remote bundle org.apache:apache-jar-resource-bundle:1.4
[INFO] Copying 3 resources from 1 bundle.
[INFO]
[INFO] --- enforcer:3.0.0:enforce (enforce-java-version) @ dolphinscheduler-task-plugin ---
[INFO]
[INFO] --- remote-resources:1.7.0:process (process-resource-bundles) @ dolphinscheduler-task-plugin ---
[INFO] Preparing remote bundle org.apache:apache-jar-resource-bundle:1.4
[INFO] Copying 3 resources from 1 bundle.
[INFO] --- enforcer:3.0.0:enforce (enforce-java-version) @ dolphinscheduler-dao-plugin ---
[INFO]
[INFO] --- remote-resources:1.7.0:process (process-resource-bundles) @ dolphinscheduler-extract ---
[INFO]
[INFO] --- remote-resources:1.7.0:process (process-resource-bundles) @ dolphinscheduler-dao-plugin ---
[INFO] Preparing remote bundle org.apache:apache-jar-resource-bundle:1.4
[INFO] Preparing remote bundle org.apache:apache-jar-resource-bundle:1.4
[INFO] Copying 3 resources from 1 bundle.
[INFO] Copying 3 resources from 1 bundle.
[INFO] Copying 3 resources from 1 bundle.
[INFO] Copying 3 resources from 1 bundle.
[INFO] Copying 3 resources from 1 bundle.
[INFO] Copying 3 resources from 1 bundle.
[INFO]
[INFO] --- spotless:2.27.2:check (default) @ dolphinscheduler-registry ---
[INFO]
[INFO] --- spotless:2.27.2:check (default) @ dolphinscheduler-dao-plugin ---
[INFO]
[INFO] --- spotless:2.27.2:check (default) @ dolphinscheduler-authentication ---
[INFO]
[INFO]
[INFO] --- spotless:2.27.2:check (default) @ dolphinscheduler-alert ---
[INFO] --- spotless:2.27.2:check (default) @ dolphinscheduler-task-plugin ---
[INFO]
[INFO] --- spotless:2.27.2:check (default) @ dolphinscheduler-datasource-plugin ---
[INFO]
[INFO] --- spotless:2.27.2:check (default) @ dolphinscheduler-extract ---
[INFO]
[INFO] --- spotless:2.27.2:check (default) @ dolphinscheduler-bom ---
[INFO] Spotless check skipped
[INFO]
[INFO] -------< org.apache.dolphinscheduler:dolphinscheduler-eventbus >--------
[INFO] Building dolphinscheduler-eventbus 3.4.2-SNAPSHOT               [10/138]
[INFO]   from dolphinscheduler-eventbus/pom.xml
[INFO] --------------------------------[ jar ]---------------------------------
[INFO] Spotless check skipped
[INFO] Spotless check skipped
[INFO]
[INFO] ----------< org.apache.dolphinscheduler:dolphinscheduler-ui >-----------
[INFO] Building dolphinscheduler-ui 3.4.2-SNAPSHOT                     [11/138]
[INFO]   from dolphinscheduler-ui/pom.xml
[INFO] --------------------------------[ jar ]---------------------------------
[INFO] Spotless check skipped
[INFO]
[INFO] ---< org.apache.dolphinscheduler:dolphinscheduler-scheduler-plugin >----
[INFO] Building dolphinscheduler-scheduler-plugin 3.4.2-SNAPSHOT       [12/138]
[INFO]   from dolphinscheduler-scheduler-plugin/pom.xml
[INFO] --------------------------------[ pom ]---------------------------------
[INFO] Spotless check skipped
[INFO] Spotless check skipped
[INFO]
[INFO] ----< org.apache.dolphinscheduler:dolphinscheduler-storage-plugin >-----
[INFO] Building dolphinscheduler-storage-plugin 3.4.2-SNAPSHOT         [13/138]
[INFO]   from dolphinscheduler-storage-plugin/pom.xml
[INFO] --------------------------------[ pom ]---------------------------------
[INFO]
[INFO] -------< org.apache.dolphinscheduler:dolphinscheduler-yarn-aop >--------
[INFO] Building dolphinscheduler-yarn-aop 3.4.2-SNAPSHOT               [14/138]
[INFO]   from dolphinscheduler-yarn-aop/pom.xml
[INFO] --------------------------------[ jar ]---------------------------------
[INFO] Spotless check skipped
[INFO] Spotless check skipped
[INFO]
[INFO] ---< org.apache.dolphinscheduler:dolphinscheduler-registry-plugins >----
[INFO] Building dolphinscheduler-registry-plugins 3.4.2-SNAPSHOT       [15/138]
[INFO]   from dolphinscheduler-registry/dolphinscheduler-registry-plugins/pom.xml
[INFO] --------------------------------[ pom ]---------------------------------
[INFO]
[INFO] --------< org.apache.dolphinscheduler:dolphinscheduler-dao-api >--------
[INFO] Building dolphinscheduler-dao-api 3.4.2-SNAPSHOT                [16/138]
[INFO]   from dolphinscheduler-dao-plugin/dolphinscheduler-dao-api/pom.xml
[INFO] --------------------------------[ jar ]---------------------------------
[INFO]
[INFO] --< org.apache.dolphinscheduler:dolphinscheduler-aws-authentication >---
[INFO] Building dolphinscheduler-aws-authentication 3.4.2-SNAPSHOT     [17/138]
[INFO]   from dolphinscheduler-authentication/dolphinscheduler-aws-authentication/pom.xml
[INFO] --------------------------------[ jar ]---------------------------------
[INFO]
[INFO] --- enforcer:3.0.0:enforce (enforce-maven-version) @ dolphinscheduler-storage-plugin ---
[INFO]
[INFO] --- enforcer:3.0.0:enforce (enforce-java-version) @ dolphinscheduler-storage-plugin ---
[INFO]
[INFO] --- remote-resources:1.7.0:process (process-resource-bundles) @ dolphinscheduler-storage-plugin ---
[INFO]
[INFO] --- enforcer:3.0.0:enforce (enforce-maven-version) @ dolphinscheduler-scheduler-plugin ---
[INFO]
[INFO] --- enforcer:3.0.0:enforce (enforce-java-version) @ dolphinscheduler-scheduler-plugin ---
[INFO]
[INFO] --- remote-resources:1.7.0:process (process-resource-bundles) @ dolphinscheduler-scheduler-plugin ---
[INFO] Preparing remote bundle org.apache:apache-jar-resource-bundle:1.4
[INFO]
[INFO] --- enforcer:3.0.0:enforce (enforce-maven-version) @ dolphinscheduler-ui ---
[INFO]
[INFO] --- enforcer:3.0.0:enforce (enforce-java-version) @ dolphinscheduler-ui ---
[INFO]
[INFO] --- enforcer:3.0.0:enforce (enforce-maven-version) @ dolphinscheduler-eventbus ---
[INFO]
[INFO] --- enforcer:3.0.0:enforce (enforce-java-version) @ dolphinscheduler-eventbus ---
[INFO]
[INFO] --- remote-resources:1.7.0:process (process-resource-bundles) @ dolphinscheduler-eventbus ---
[INFO] Copying 3 resources from 1 bundle.
[INFO]
[INFO] --- remote-resources:1.7.0:process (process-resource-bundles) @ dolphinscheduler-ui ---
[INFO] Preparing remote bundle org.apache:apache-jar-resource-bundle:1.4
[INFO] Preparing remote bundle org.apache:apache-jar-resource-bundle:1.4
[INFO] Preparing remote bundle org.apache:apache-jar-resource-bundle:1.4
[INFO] Copying 3 resources from 1 bundle.
[INFO] Copying 3 resources from 1 bundle.
[INFO] Copying 3 resources from 1 bundle.
[INFO]
[INFO] --- enforcer:3.0.0:enforce (enforce-maven-version) @ dolphinscheduler-registry-plugins ---
[INFO]
[INFO] --- enforcer:3.0.0:enforce (enforce-java-version) @ dolphinscheduler-registry-plugins ---
[INFO]
[INFO] --- remote-resources:1.7.0:process (process-resource-bundles) @ dolphinscheduler-registry-plugins ---
[INFO]
[INFO] --- enforcer:3.0.0:enforce (enforce-maven-version) @ dolphinscheduler-dao-api ---
[INFO]
[INFO] --- enforcer:3.0.0:enforce (enforce-java-version) @ dolphinscheduler-dao-api ---
[INFO]
[INFO] --- remote-resources:1.7.0:process (process-resource-bundles) @ dolphinscheduler-dao-api ---
[INFO] Preparing remote bundle org.apache:apache-jar-resource-bundle:1.4
[INFO] Copying 3 resources from 1 bundle.
[INFO] Preparing remote bundle org.apache:apache-jar-resource-bundle:1.4
[INFO] Copying 3 resources from 1 bundle.
[INFO]
[INFO] --- frontend:1.12.1:install-node-and-pnpm (install node and pnpm) @ dolphinscheduler-ui ---
[INFO]
[INFO] --- resources:3.2.0:resources (default-resources) @ dolphinscheduler-eventbus ---
[INFO]
[INFO]
[INFO] --- spotless:2.27.2:check (default) @ dolphinscheduler-registry-plugins ---
[INFO] --- spotless:2.27.2:check (default) @ dolphinscheduler-scheduler-plugin ---
[INFO] Spotless check skipped
[INFO]
[INFO] --< org.apache.dolphinscheduler:dolphinscheduler-actuator-authentication >--
[INFO] Building dolphinscheduler-actuator-authentication 3.4.2-SNAPSHOT [18/138]
[INFO]   from dolphinscheduler-authentication/dolphinscheduler-actuator-authentication/pom.xml
[INFO] --------------------------------[ jar ]---------------------------------
[INFO] Spotless check skipped
[INFO]
[INFO] -----< org.apache.dolphinscheduler:dolphinscheduler-alert-plugins >-----
[INFO] Building dolphinscheduler-alert-plugins 3.4.2-SNAPSHOT          [19/138]
[INFO]   from dolphinscheduler-alert/dolphinscheduler-alert-plugins/pom.xml
[INFO] --------------------------------[ pom ]---------------------------------
[INFO]
[INFO] --- spotless:2.27.2:check (default) @ dolphinscheduler-storage-plugin ---
[INFO]
[INFO] --- enforcer:3.0.0:enforce (enforce-maven-version) @ dolphinscheduler-alert-plugins ---
[INFO]
[INFO] --- enforcer:3.0.0:enforce (enforce-java-version) @ dolphinscheduler-alert-plugins ---
[INFO]
[INFO] --- remote-resources:1.7.0:process (process-resource-bundles) @ dolphinscheduler-alert-plugins ---
[INFO] Spotless check skipped
[INFO] Preparing remote bundle org.apache:apache-jar-resource-bundle:1.4
[INFO] Copying 3 resources from 1 bundle.
[INFO]
[INFO] --- enforcer:3.0.0:enforce (enforce-maven-version) @ dolphinscheduler-actuator-authentication ---
[INFO]
[INFO] --- enforcer:3.0.0:enforce (enforce-java-version) @ dolphinscheduler-actuator-authentication ---
[INFO]
[INFO] --- remote-resources:1.7.0:process (process-resource-bundles) @ dolphinscheduler-actuator-authentication ---
[INFO] Preparing remote bundle org.apache:apache-jar-resource-bundle:1.4
[INFO]
[INFO] --- spotless:2.27.2:check (default) @ dolphinscheduler-alert-plugins ---
[INFO] Spotless check skipped
[INFO] Copying 3 resources from 1 bundle.
[INFO] Using 'UTF-8' encoding to copy filtered resources.
[INFO] Using 'UTF-8' encoding to copy filtered properties files.
[INFO] skip non existing resourceDirectory /app/dolphinscheduler-eventbus/src/main/resources
[INFO] Copying 3 resources
[INFO]
[INFO] --- resources:3.2.0:resources (default-resources) @ dolphinscheduler-dao-api ---
[INFO]
[INFO] --- compiler:3.13.0:compile (default-compile) @ dolphinscheduler-eventbus ---
[INFO] Using 'UTF-8' encoding to copy filtered resources.
[INFO] Using 'UTF-8' encoding to copy filtered properties files.
[INFO] skip non existing resourceDirectory /app/dolphinscheduler-dao-plugin/dolphinscheduler-dao-api/src/main/resources
[INFO] Copying 3 resources
[INFO]
[INFO] --- compiler:3.13.0:compile (default-compile) @ dolphinscheduler-dao-api ---
[INFO] Skipping execution.
[INFO]
[INFO] --- frontend:1.12.1:pnpm (pnpm install) @ dolphinscheduler-ui ---
[INFO] Skipping execution.
[INFO]
[INFO] --- frontend:1.12.1:pnpm (pnpm run build:prod) @ dolphinscheduler-ui ---
[INFO] Skipping execution.
[INFO]
[INFO]
[INFO] --- resources:3.2.0:resources (default-resources) @ dolphinscheduler-ui ---
[INFO] --- enforcer:3.0.0:enforce (enforce-maven-version) @ dolphinscheduler-aws-authentication ---
[INFO]
[INFO] --- enforcer:3.0.0:enforce (enforce-java-version) @ dolphinscheduler-aws-authentication ---
[INFO] Using 'UTF-8' encoding to copy filtered resources.
[INFO] Using 'UTF-8' encoding to copy filtered properties files.
[INFO] skip non existing resourceDirectory /app/dolphinscheduler-ui/src/main/resources
[INFO]
[INFO] --- remote-resources:1.7.0:process (process-resource-bundles) @ dolphinscheduler-aws-authentication ---
[INFO] Copying 3 resources
[INFO]
[INFO] --- compiler:3.13.0:compile (default-compile) @ dolphinscheduler-ui ---
[INFO] Preparing remote bundle org.apache:apache-jar-resource-bundle:1.4
[INFO] Copying 3 resources from 1 bundle.
[INFO] No sources to compile
[INFO]
[INFO] --- spotless:2.27.2:check (default) @ dolphinscheduler-ui ---
[INFO] Spotless check skipped
[INFO] Nothing to compile - all classes are up to date.
[INFO]
[INFO] --- spotless:2.27.2:check (default) @ dolphinscheduler-dao-api ---
[INFO] Spotless check skipped
[INFO]
[INFO]
[INFO] --------< org.apache.dolphinscheduler:dolphinscheduler-dao-h2 >---------
[INFO] Building dolphinscheduler-dao-h2 3.4.2-SNAPSHOT                 [20/138]
[INFO]   from dolphinscheduler-dao-plugin/dolphinscheduler-dao-h2/pom.xml
[INFO] --------------------------------[ jar ]---------------------------------
[INFO]
[INFO] -------< org.apache.dolphinscheduler:dolphinscheduler-dao-mysql >-------
[INFO] Building dolphinscheduler-dao-mysql 3.4.2-SNAPSHOT              [21/138]
[INFO]   from dolphinscheduler-dao-plugin/dolphinscheduler-dao-mysql/pom.xml
[INFO] --------------------------------[ jar ]---------------------------------
[INFO] Nothing to compile - all classes are up to date.
[INFO]
[INFO] --- spotless:2.27.2:check (default) @ dolphinscheduler-eventbus ---
[INFO] Spotless check skipped
[INFO] ----< org.apache.dolphinscheduler:dolphinscheduler-dao-postgresql >-----
[INFO] Building dolphinscheduler-dao-postgresql 3.4.2-SNAPSHOT         [22/138]
[INFO]   from dolphinscheduler-dao-plugin/dolphinscheduler-dao-postgresql/pom.xml
[INFO] --------------------------------[ jar ]---------------------------------
[INFO]
[INFO] --- enforcer:3.0.0:enforce (enforce-maven-version) @ dolphinscheduler-dao-mysql ---
[INFO]
[INFO] --- enforcer:3.0.0:enforce (enforce-maven-version) @ dolphinscheduler-dao-h2 ---
[INFO]
[INFO] --- enforcer:3.0.0:enforce (enforce-java-version) @ dolphinscheduler-dao-h2 ---
[INFO]
[INFO] --- remote-resources:1.7.0:process (process-resource-bundles) @ dolphinscheduler-dao-h2 ---
[INFO]
[INFO] --- enforcer:3.0.0:enforce (enforce-java-version) @ dolphinscheduler-dao-mysql ---
[INFO]
[INFO] --- remote-resources:1.7.0:process (process-resource-bundles) @ dolphinscheduler-dao-mysql ---
[INFO] Preparing remote bundle org.apache:apache-jar-resource-bundle:1.4
[INFO]
[INFO] --- enforcer:3.0.0:enforce (enforce-maven-version) @ dolphinscheduler-dao-postgresql ---
[INFO]
[INFO] --- enforcer:3.0.0:enforce (enforce-java-version) @ dolphinscheduler-dao-postgresql ---
[INFO]
[INFO] --- remote-resources:1.7.0:process (process-resource-bundles) @ dolphinscheduler-dao-postgresql ---
[INFO] Copying 3 resources from 1 bundle.
[INFO] Preparing remote bundle org.apache:apache-jar-resource-bundle:1.4
[INFO] Preparing remote bundle org.apache:apache-jar-resource-bundle:1.4
[INFO] Copying 3 resources from 1 bundle.
[INFO] Copying 3 resources from 1 bundle.
[INFO]
[INFO] --- resources:3.2.0:resources (default-resources) @ dolphinscheduler-dao-h2 ---
[INFO] Using 'UTF-8' encoding to copy filtered resources.
[INFO] Using 'UTF-8' encoding to copy filtered properties files.
[INFO] Copying 1 resource
[INFO] Copying 3 resources
[INFO]
[INFO] --- compiler:3.13.0:compile (default-compile) @ dolphinscheduler-dao-h2 ---
[INFO]
[INFO] --- resources:3.2.0:resources (default-resources) @ dolphinscheduler-actuator-authentication ---
[INFO] Using 'UTF-8' encoding to copy filtered resources.
[INFO] Using 'UTF-8' encoding to copy filtered properties files.
[INFO]
[INFO] --- resources:3.2.0:resources (default-resources) @ dolphinscheduler-dao-mysql ---
[INFO] Using 'UTF-8' encoding to copy filtered resources.
[INFO] Using 'UTF-8' encoding to copy filtered properties files.
[INFO] Copying 1 resource
[INFO] Copying 3 resources
[INFO] Copying 1 resource
[INFO]
[INFO] --- compiler:3.13.0:compile (default-compile) @ dolphinscheduler-dao-mysql ---
[INFO] Copying 3 resources
[INFO]
[INFO] --- compiler:3.13.0:compile (default-compile) @ dolphinscheduler-actuator-authentication ---
[INFO] Nothing to compile - all classes are up to date.
[INFO]
[INFO] --- spotless:2.27.2:check (default) @ dolphinscheduler-dao-mysql ---
[INFO] Spotless check skipped
[INFO] Nothing to compile - all classes are up to date.
[INFO]
[INFO] --- spotless:2.27.2:check (default) @ dolphinscheduler-actuator-authentication ---
[INFO] Nothing to compile - all classes are up to date.
[INFO]
[INFO] --- spotless:2.27.2:check (default) @ dolphinscheduler-dao-h2 ---
[INFO] Spotless check skipped
[INFO] Spotless check skipped
[INFO]
[INFO] --- resources:3.2.0:resources (default-resources) @ dolphinscheduler-dao-postgresql ---
[INFO] Using 'UTF-8' encoding to copy filtered resources.
[INFO] Using 'UTF-8' encoding to copy filtered properties files.
[INFO] Copying 1 resource
[INFO] Copying 3 resources
[INFO]
[INFO] --- compiler:3.13.0:compile (default-compile) @ dolphinscheduler-dao-postgresql ---
[INFO] Nothing to compile - all classes are up to date.
[INFO]
[INFO] --- spotless:2.27.2:check (default) @ dolphinscheduler-dao-postgresql ---
[INFO] Spotless check skipped
[INFO]
[INFO] ----< org.apache.dolphinscheduler:dolphinscheduler-dao-plugin-all >-----
[INFO] Building dolphinscheduler-dao-plugin-all 3.4.2-SNAPSHOT         [23/138]
[INFO]   from dolphinscheduler-dao-plugin/dolphinscheduler-dao-plugin-all/pom.xml
[INFO] --------------------------------[ jar ]---------------------------------
[INFO]
[INFO] --- enforcer:3.0.0:enforce (enforce-maven-version) @ dolphinscheduler-dao-plugin-all ---
[INFO]
[INFO] --- enforcer:3.0.0:enforce (enforce-java-version) @ dolphinscheduler-dao-plugin-all ---
[INFO]
[INFO] --- remote-resources:1.7.0:process (process-resource-bundles) @ dolphinscheduler-dao-plugin-all ---
[INFO] Preparing remote bundle org.apache:apache-jar-resource-bundle:1.4
[INFO]
[INFO] --- enforcer:3.0.0:enforce (enforce-maven-version) @ dolphinscheduler-yarn-aop ---
[INFO] Copying 3 resources from 1 bundle.
[INFO]
[INFO] --- enforcer:3.0.0:enforce (enforce-java-version) @ dolphinscheduler-yarn-aop ---
[INFO]
[INFO] --- remote-resources:1.7.0:process (process-resource-bundles) @ dolphinscheduler-yarn-aop ---
[INFO] Preparing remote bundle org.apache:apache-jar-resource-bundle:1.4
[INFO] Copying 3 resources from 1 bundle.
[INFO]
[INFO] --- resources:3.2.0:resources (default-resources) @ dolphinscheduler-dao-plugin-all ---
[INFO] Using 'UTF-8' encoding to copy filtered resources.
[INFO] Using 'UTF-8' encoding to copy filtered properties files.
[INFO] skip non existing resourceDirectory /app/dolphinscheduler-dao-plugin/dolphinscheduler-dao-plugin-all/src/main/resources
[INFO] Copying 3 resources
[INFO]
[INFO] --- compiler:3.13.0:compile (default-compile) @ dolphinscheduler-dao-plugin-all ---
[INFO] No sources to compile
[INFO]
[INFO] --- spotless:2.27.2:check (default) @ dolphinscheduler-dao-plugin-all ---
[INFO] Spotless check skipped
[INFO]
[INFO] --- resources:3.2.0:resources (default-resources) @ dolphinscheduler-aws-authentication ---
[INFO] Using 'UTF-8' encoding to copy filtered resources.
[INFO] Using 'UTF-8' encoding to copy filtered properties files.
[INFO] Copying 1 resource
[INFO] Copying 3 resources
[INFO]
[INFO] --- compiler:3.13.0:compile (default-compile) @ dolphinscheduler-aws-authentication ---
[INFO] Nothing to compile - all classes are up to date.
[INFO]
[INFO] --- spotless:2.27.2:check (default) @ dolphinscheduler-aws-authentication ---
[INFO] Spotless check skipped
[INFO]
[INFO] --------< org.apache.dolphinscheduler:dolphinscheduler-common >---------
[INFO] Building dolphinscheduler-common 3.4.2-SNAPSHOT                 [24/138]
[INFO]   from dolphinscheduler-common/pom.xml
[INFO] --------------------------------[ jar ]---------------------------------
[INFO]
[INFO] --- enforcer:3.0.0:enforce (enforce-maven-version) @ dolphinscheduler-common ---
[INFO]
[INFO] --- enforcer:3.0.0:enforce (enforce-java-version) @ dolphinscheduler-common ---
[INFO]
[INFO] --- remote-resources:1.7.0:process (process-resource-bundles) @ dolphinscheduler-common ---
[INFO] Preparing remote bundle org.apache:apache-jar-resource-bundle:1.4
[INFO] Copying 3 resources from 1 bundle.
[INFO]
[INFO] --- resources:3.2.0:resources (default-resources) @ dolphinscheduler-yarn-aop ---
[INFO] Using 'UTF-8' encoding to copy filtered resources.
[INFO] Using 'UTF-8' encoding to copy filtered properties files.
[INFO] Copying 2 resources
[INFO] Copying 3 resources
[INFO]
[INFO] --- compiler:3.13.0:compile (default-compile) @ dolphinscheduler-yarn-aop ---
[INFO] Nothing to compile - all classes are up to date.
[INFO]
[INFO] --- spotless:2.27.2:check (default) @ dolphinscheduler-yarn-aop ---
[INFO] Spotless check skipped
[INFO]
[INFO] --- aspectj:1.14:compile (default) @ dolphinscheduler-yarn-aop ---
[INFO]
[INFO] --- resources:3.2.0:resources (default-resources) @ dolphinscheduler-common ---
[INFO] Using 'UTF-8' encoding to copy filtered resources.
[INFO] Using 'UTF-8' encoding to copy filtered properties files.
[INFO] Copying 3 resources
[INFO] Copying 3 resources
[INFO]
[INFO] --- compiler:3.13.0:compile (default-compile) @ dolphinscheduler-common ---
[INFO] Nothing to compile - all classes are up to date.
[INFO]
[INFO] --- spotless:2.27.2:check (default) @ dolphinscheduler-common ---
[INFO] Spotless check skipped
[INFO]
[INFO]
[INFO] ---------< org.apache.dolphinscheduler:dolphinscheduler-meter >---------
[INFO] Building dolphinscheduler-meter 3.4.2-SNAPSHOT                  [25/138]
[INFO]   from dolphinscheduler-meter/pom.xml
[INFO] --------------------------------[ jar ]---------------------------------
[INFO] ----------< org.apache.dolphinscheduler:dolphinscheduler-spi >----------
[INFO] Building dolphinscheduler-spi 3.4.2-SNAPSHOT                    [26/138]
[INFO]   from dolphinscheduler-spi/pom.xml
[INFO] --------------------------------[ jar ]---------------------------------
[INFO]
[INFO] --- enforcer:3.0.0:enforce (enforce-maven-version) @ dolphinscheduler-spi ---
[INFO]
[INFO] --- enforcer:3.0.0:enforce (enforce-java-version) @ dolphinscheduler-spi ---
[INFO]
[INFO] --- remote-resources:1.7.0:process (process-resource-bundles) @ dolphinscheduler-spi ---
[INFO] Preparing remote bundle org.apache:apache-jar-resource-bundle:1.4
[INFO] Copying 3 resources from 1 bundle.
[INFO]
[INFO] --- enforcer:3.0.0:enforce (enforce-maven-version) @ dolphinscheduler-meter ---
[INFO]
[INFO] --- enforcer:3.0.0:enforce (enforce-java-version) @ dolphinscheduler-meter ---
[INFO]
[INFO] --- remote-resources:1.7.0:process (process-resource-bundles) @ dolphinscheduler-meter ---
[INFO] Preparing remote bundle org.apache:apache-jar-resource-bundle:1.4
[INFO] Copying 3 resources from 1 bundle.
[INFO] No modifications found skipping aspectJ compile
[INFO]
[INFO] --- resources:3.2.0:resources (default-resources) @ dolphinscheduler-spi ---
[INFO] Using 'UTF-8' encoding to copy filtered resources.
[INFO] Using 'UTF-8' encoding to copy filtered properties files.
[INFO] skip non existing resourceDirectory /app/dolphinscheduler-spi/src/main/resources
[INFO] Copying 3 resources
[INFO]
[INFO] --- compiler:3.13.0:compile (default-compile) @ dolphinscheduler-spi ---
[INFO] Nothing to compile - all classes are up to date.
[INFO]
[INFO] --- spotless:2.27.2:check (default) @ dolphinscheduler-spi ---
[INFO] Spotless check skipped
[INFO]
[INFO] -------< org.apache.dolphinscheduler:dolphinscheduler-alert-api >-------
[INFO] Building dolphinscheduler-alert-api 3.4.2-SNAPSHOT              [27/138]
[INFO]   from dolphinscheduler-alert/dolphinscheduler-alert-plugins/dolphinscheduler-alert-api/pom.xml
[INFO] --------------------------------[ jar ]---------------------------------
[INFO]
[INFO] -------< org.apache.dolphinscheduler:dolphinscheduler-task-api >--------
[INFO] Building dolphinscheduler-task-api 3.4.2-SNAPSHOT               [28/138]
[INFO]   from dolphinscheduler-task-plugin/dolphinscheduler-task-api/pom.xml
[INFO] --------------------------------[ jar ]---------------------------------
[INFO]
[INFO] ----< org.apache.dolphinscheduler:dolphinscheduler-datasource-api >-----
[INFO] Building dolphinscheduler-datasource-api 3.4.2-SNAPSHOT         [29/138]
[INFO]   from dolphinscheduler-datasource-plugin/dolphinscheduler-datasource-api/pom.xml
[INFO] --------------------------------[ jar ]---------------------------------
[INFO]
[INFO] ------< org.apache.dolphinscheduler:dolphinscheduler-storage-api >------
[INFO] Building dolphinscheduler-storage-api 3.4.2-SNAPSHOT            [30/138]
[INFO]   from dolphinscheduler-storage-plugin/dolphinscheduler-storage-api/pom.xml
[INFO] --------------------------------[ jar ]---------------------------------
[INFO]
[INFO] --- enforcer:3.0.0:enforce (enforce-maven-version) @ dolphinscheduler-storage-api ---
[INFO]
[INFO] --- enforcer:3.0.0:enforce (enforce-java-version) @ dolphinscheduler-storage-api ---
[INFO]
[INFO] --- enforcer:3.0.0:enforce (enforce-maven-version) @ dolphinscheduler-alert-api ---
[INFO]
[INFO] --- enforcer:3.0.0:enforce (enforce-java-version) @ dolphinscheduler-alert-api ---
[INFO]
[INFO] --- remote-resources:1.7.0:process (process-resource-bundles) @ dolphinscheduler-alert-api ---
[INFO]
[INFO] --- remote-resources:1.7.0:process (process-resource-bundles) @ dolphinscheduler-storage-api ---
[INFO] Preparing remote bundle org.apache:apache-jar-resource-bundle:1.4
[INFO] Preparing remote bundle org.apache:apache-jar-resource-bundle:1.4
[INFO] Copying 3 resources from 1 bundle.
[INFO] Copying 3 resources from 1 bundle.
[INFO]
[INFO] --- enforcer:3.0.0:enforce (enforce-maven-version) @ dolphinscheduler-datasource-api ---
[INFO]
[INFO] --- enforcer:3.0.0:enforce (enforce-java-version) @ dolphinscheduler-datasource-api ---
[INFO]
[INFO] --- remote-resources:1.7.0:process (process-resource-bundles) @ dolphinscheduler-datasource-api ---
[INFO] Preparing remote bundle org.apache:apache-jar-resource-bundle:1.4
[INFO] Copying 3 resources from 1 bundle.
[INFO]
[INFO] --- enforcer:3.0.0:enforce (enforce-maven-version) @ dolphinscheduler-task-api ---
[INFO]
[INFO] --- enforcer:3.0.0:enforce (enforce-java-version) @ dolphinscheduler-task-api ---
[INFO]
[INFO] --- remote-resources:1.7.0:process (process-resource-bundles) @ dolphinscheduler-task-api ---
[INFO] Preparing remote bundle org.apache:apache-jar-resource-bundle:1.4
[INFO] Copying 3 resources from 1 bundle.
[INFO]
[INFO] --- resources:3.2.0:resources (default-resources) @ dolphinscheduler-alert-api ---
[INFO] Using 'UTF-8' encoding to copy filtered resources.
[INFO] Using 'UTF-8' encoding to copy filtered properties files.
[INFO] skip non existing resourceDirectory /app/dolphinscheduler-alert/dolphinscheduler-alert-plugins/dolphinscheduler-alert-api/src/main/resources
[INFO] Copying 3 resources
[INFO]
[INFO] --- compiler:3.13.0:compile (default-compile) @ dolphinscheduler-alert-api ---
[INFO] Nothing to compile - all classes are up to date.
[INFO]
[INFO] --- spotless:2.27.2:check (default) @ dolphinscheduler-alert-api ---
[INFO] Spotless check skipped
[INFO]
[INFO] ---< org.apache.dolphinscheduler:dolphinscheduler-alert-prometheus >----
[INFO] Building dolphinscheduler-alert-prometheus 3.4.2-SNAPSHOT       [31/138]
[INFO]   from dolphinscheduler-alert/dolphinscheduler-alert-plugins/dolphinscheduler-alert-prometheus/pom.xml
[INFO] --------------------------------[ jar ]---------------------------------
[INFO]
[INFO] ----< org.apache.dolphinscheduler:dolphinscheduler-alert-dingtalk >-----
[INFO] Building dolphinscheduler-alert-dingtalk 3.4.2-SNAPSHOT         [32/138]
[INFO]   from dolphinscheduler-alert/dolphinscheduler-alert-plugins/dolphinscheduler-alert-dingtalk/pom.xml
[INFO] --------------------------------[ jar ]---------------------------------
[INFO]
[INFO] ------< org.apache.dolphinscheduler:dolphinscheduler-alert-email >------
[INFO] Building dolphinscheduler-alert-email 3.4.2-SNAPSHOT            [33/138]
[INFO]   from dolphinscheduler-alert/dolphinscheduler-alert-plugins/dolphinscheduler-alert-email/pom.xml
[INFO] --------------------------------[ jar ]---------------------------------
[INFO]
[INFO] -----< org.apache.dolphinscheduler:dolphinscheduler-alert-feishu >------
[INFO] Building dolphinscheduler-alert-feishu 3.4.2-SNAPSHOT           [34/138]
[INFO]   from dolphinscheduler-alert/dolphinscheduler-alert-plugins/dolphinscheduler-alert-feishu/pom.xml
[INFO] --------------------------------[ jar ]---------------------------------
[INFO]
[INFO] --- resources:3.2.0:resources (default-resources) @ dolphinscheduler-storage-api ---
[INFO] Using 'UTF-8' encoding to copy filtered resources.
[INFO] Using 'UTF-8' encoding to copy filtered properties files.
[INFO] skip non existing resourceDirectory /app/dolphinscheduler-storage-plugin/dolphinscheduler-storage-api/src/main/resources
[INFO] Copying 3 resources
[INFO]
[INFO] --- compiler:3.13.0:compile (default-compile) @ dolphinscheduler-storage-api ---
[INFO]
[INFO] --- enforcer:3.0.0:enforce (enforce-maven-version) @ dolphinscheduler-alert-prometheus ---
[INFO]
[INFO] --- enforcer:3.0.0:enforce (enforce-java-version) @ dolphinscheduler-alert-prometheus ---
[INFO]
[INFO] --- remote-resources:1.7.0:process (process-resource-bundles) @ dolphinscheduler-alert-prometheus ---
[INFO]
[INFO] --- enforcer:3.0.0:enforce (enforce-maven-version) @ dolphinscheduler-alert-dingtalk ---
[INFO]
[INFO] --- enforcer:3.0.0:enforce (enforce-java-version) @ dolphinscheduler-alert-dingtalk ---
[INFO]
[INFO] --- remote-resources:1.7.0:process (process-resource-bundles) @ dolphinscheduler-alert-dingtalk ---
[INFO] Preparing remote bundle org.apache:apache-jar-resource-bundle:1.4
[INFO]
[INFO] --- enforcer:3.0.0:enforce (enforce-maven-version) @ dolphinscheduler-alert-feishu ---
[INFO]
[INFO] --- enforcer:3.0.0:enforce (enforce-java-version) @ dolphinscheduler-alert-feishu ---
[INFO]
[INFO] --- remote-resources:1.7.0:process (process-resource-bundles) @ dolphinscheduler-alert-feishu ---
[INFO] Preparing remote bundle org.apache:apache-jar-resource-bundle:1.4
[INFO] Preparing remote bundle org.apache:apache-jar-resource-bundle:1.4
[INFO] Copying 3 resources from 1 bundle.
[INFO] Copying 3 resources from 1 bundle.
[INFO] Copying 3 resources from 1 bundle.
[INFO] Nothing to compile - all classes are up to date.
[INFO]
[INFO] --- spotless:2.27.2:check (default) @ dolphinscheduler-storage-api ---
[INFO]
[INFO] --- enforcer:3.0.0:enforce (enforce-maven-version) @ dolphinscheduler-alert-email ---
[INFO] Spotless check skipped
[INFO]
[INFO] ------< org.apache.dolphinscheduler:dolphinscheduler-alert-http >-------
[INFO] Building dolphinscheduler-alert-http 3.4.2-SNAPSHOT             [35/138]
[INFO]   from dolphinscheduler-alert/dolphinscheduler-alert-plugins/dolphinscheduler-alert-http/pom.xml
[INFO] --------------------------------[ jar ]---------------------------------
[INFO]
[INFO] --- enforcer:3.0.0:enforce (enforce-java-version) @ dolphinscheduler-alert-email ---
[INFO]
[INFO] --- remote-resources:1.7.0:process (process-resource-bundles) @ dolphinscheduler-alert-email ---
[INFO] Preparing remote bundle org.apache:apache-jar-resource-bundle:1.4
[INFO] Copying 3 resources from 1 bundle.
[INFO]
[INFO] --- enforcer:3.0.0:enforce (enforce-maven-version) @ dolphinscheduler-alert-http ---
[INFO]
[INFO] --- enforcer:3.0.0:enforce (enforce-java-version) @ dolphinscheduler-alert-http ---
[INFO]
[INFO] --- remote-resources:1.7.0:process (process-resource-bundles) @ dolphinscheduler-alert-http ---
[INFO] Preparing remote bundle org.apache:apache-jar-resource-bundle:1.4
[INFO] Copying 3 resources from 1 bundle.
[INFO]
[INFO] --- resources:3.2.0:resources (default-resources) @ dolphinscheduler-meter ---
[INFO] Using 'UTF-8' encoding to copy filtered resources.
[INFO] Using 'UTF-8' encoding to copy filtered properties files.
[INFO] Copying 11 resources
[INFO] Copying 3 resources
[INFO]
[INFO] --- compiler:3.13.0:compile (default-compile) @ dolphinscheduler-meter ---
[INFO] Nothing to compile - all classes are up to date.
[INFO]
[INFO] --- spotless:2.27.2:check (default) @ dolphinscheduler-meter ---
[INFO] Spotless check skipped
[INFO]
[INFO] ----< org.apache.dolphinscheduler:dolphinscheduler-alert-pagerduty >----
[INFO] Building dolphinscheduler-alert-pagerduty 3.4.2-SNAPSHOT        [36/138]
[INFO]   from dolphinscheduler-alert/dolphinscheduler-alert-plugins/dolphinscheduler-alert-pagerduty/pom.xml
[INFO] --------------------------------[ jar ]---------------------------------
[INFO]
[INFO] --- enforcer:3.0.0:enforce (enforce-maven-version) @ dolphinscheduler-alert-pagerduty ---
[INFO]
[INFO] --- enforcer:3.0.0:enforce (enforce-java-version) @ dolphinscheduler-alert-pagerduty ---
[INFO]
[INFO] --- remote-resources:1.7.0:process (process-resource-bundles) @ dolphinscheduler-alert-pagerduty ---
[INFO] Preparing remote bundle org.apache:apache-jar-resource-bundle:1.4
[INFO] Copying 3 resources from 1 bundle.
[INFO]
[INFO] --- resources:3.2.0:resources (default-resources) @ dolphinscheduler-task-api ---
[INFO] Using 'UTF-8' encoding to copy filtered resources.
[INFO] Using 'UTF-8' encoding to copy filtered properties files.
[INFO] skip non existing resourceDirectory /app/dolphinscheduler-task-plugin/dolphinscheduler-task-api/src/main/resources
[INFO] Copying 3 resources
[INFO]
[INFO] --- compiler:3.13.0:compile (default-compile) @ dolphinscheduler-task-api ---
[INFO] Nothing to compile - all classes are up to date.
[INFO]
[INFO] --- spotless:2.27.2:check (default) @ dolphinscheduler-task-api ---
[INFO] Spotless check skipped
[INFO]
[INFO] -----< org.apache.dolphinscheduler:dolphinscheduler-alert-script >------
[INFO] Building dolphinscheduler-alert-script 3.4.2-SNAPSHOT           [37/138]
[INFO]   from dolphinscheduler-alert/dolphinscheduler-alert-plugins/dolphinscheduler-alert-script/pom.xml
[INFO] --------------------------------[ jar ]---------------------------------
[INFO]
[INFO] --- enforcer:3.0.0:enforce (enforce-maven-version) @ dolphinscheduler-alert-script ---
[INFO]
[INFO] --- enforcer:3.0.0:enforce (enforce-java-version) @ dolphinscheduler-alert-script ---
[INFO]
[INFO] --- remote-resources:1.7.0:process (process-resource-bundles) @ dolphinscheduler-alert-script ---
[INFO] Preparing remote bundle org.apache:apache-jar-resource-bundle:1.4
[INFO] Copying 3 resources from 1 bundle.
[INFO]
[INFO] --- resources:3.2.0:resources (default-resources) @ dolphinscheduler-alert-dingtalk ---
[INFO] Using 'UTF-8' encoding to copy filtered resources.
[INFO] Using 'UTF-8' encoding to copy filtered properties files.
[INFO] skip non existing resourceDirectory /app/dolphinscheduler-alert/dolphinscheduler-alert-plugins/dolphinscheduler-alert-dingtalk/src/main/resources
[INFO] Copying 3 resources
[INFO]
[INFO] --- compiler:3.13.0:compile (default-compile) @ dolphinscheduler-alert-dingtalk ---
[INFO] Nothing to compile - all classes are up to date.
[INFO]
[INFO] --- spotless:2.27.2:check (default) @ dolphinscheduler-alert-dingtalk ---
[INFO] Spotless check skipped
[INFO]
[INFO] ------< org.apache.dolphinscheduler:dolphinscheduler-alert-slack >------
[INFO] Building dolphinscheduler-alert-slack 3.4.2-SNAPSHOT            [38/138]
[INFO]   from dolphinscheduler-alert/dolphinscheduler-alert-plugins/dolphinscheduler-alert-slack/pom.xml
[INFO] --------------------------------[ jar ]---------------------------------
[INFO]
[INFO] --- enforcer:3.0.0:enforce (enforce-maven-version) @ dolphinscheduler-alert-slack ---
[INFO]
[INFO] --- enforcer:3.0.0:enforce (enforce-java-version) @ dolphinscheduler-alert-slack ---
[INFO]
[INFO] --- remote-resources:1.7.0:process (process-resource-bundles) @ dolphinscheduler-alert-slack ---
[INFO] Preparing remote bundle org.apache:apache-jar-resource-bundle:1.4
[INFO] Copying 3 resources from 1 bundle.
[INFO]
[INFO]
[INFO] --- resources:3.2.0:resources (default-resources) @ dolphinscheduler-alert-prometheus ---
[INFO] --- resources:3.2.0:resources (default-resources) @ dolphinscheduler-alert-feishu ---
[INFO] Using 'UTF-8' encoding to copy filtered resources.
[INFO] Using 'UTF-8' encoding to copy filtered properties files.
[INFO] skip non existing resourceDirectory /app/dolphinscheduler-alert/dolphinscheduler-alert-plugins/dolphinscheduler-alert-feishu/src/main/resources
[INFO] Copying 3 resources
[INFO]
[INFO] --- compiler:3.13.0:compile (default-compile) @ dolphinscheduler-alert-feishu ---
[INFO] Using 'UTF-8' encoding to copy filtered resources.
[INFO] Using 'UTF-8' encoding to copy filtered properties files.
[INFO] skip non existing resourceDirectory /app/dolphinscheduler-alert/dolphinscheduler-alert-plugins/dolphinscheduler-alert-prometheus/src/main/resources
[INFO] Copying 3 resources
[INFO]
[INFO] --- compiler:3.13.0:compile (default-compile) @ dolphinscheduler-alert-prometheus ---
[INFO]
[INFO] --- resources:3.2.0:resources (default-resources) @ dolphinscheduler-alert-http ---
[INFO] Using 'UTF-8' encoding to copy filtered resources.
[INFO] Using 'UTF-8' encoding to copy filtered properties files.
[INFO] skip non existing resourceDirectory /app/dolphinscheduler-alert/dolphinscheduler-alert-plugins/dolphinscheduler-alert-http/src/main/resources
[INFO] Copying 3 resources
[INFO]
[INFO] --- compiler:3.13.0:compile (default-compile) @ dolphinscheduler-alert-http ---
[INFO] Nothing to compile - all classes are up to date.
[INFO]
[INFO] --- spotless:2.27.2:check (default) @ dolphinscheduler-alert-feishu ---
[INFO] Nothing to compile - all classes are up to date.
[INFO]
[INFO] --- spotless:2.27.2:check (default) @ dolphinscheduler-alert-prometheus ---
[INFO] Spotless check skipped
[INFO]
[INFO] ----< org.apache.dolphinscheduler:dolphinscheduler-alert-telegram >-----
[INFO] Building dolphinscheduler-alert-telegram 3.4.2-SNAPSHOT         [39/138]
[INFO]   from dolphinscheduler-alert/dolphinscheduler-alert-plugins/dolphinscheduler-alert-telegram/pom.xml
[INFO] --------------------------------[ jar ]---------------------------------
[INFO] Spotless check skipped
[INFO]
[INFO] ---< org.apache.dolphinscheduler:dolphinscheduler-alert-webexteams >----
[INFO] Building dolphinscheduler-alert-webexteams 3.4.2-SNAPSHOT       [40/138]
[INFO]   from dolphinscheduler-alert/dolphinscheduler-alert-plugins/dolphinscheduler-alert-webexteams/pom.xml
[INFO] --------------------------------[ jar ]---------------------------------
[INFO] Nothing to compile - all classes are up to date.
[INFO]
[INFO] --- spotless:2.27.2:check (default) @ dolphinscheduler-alert-http ---
[INFO] Spotless check skipped
[INFO]
[INFO] -----< org.apache.dolphinscheduler:dolphinscheduler-alert-wechat >------
[INFO] Building dolphinscheduler-alert-wechat 3.4.2-SNAPSHOT           [41/138]
[INFO]   from dolphinscheduler-alert/dolphinscheduler-alert-plugins/dolphinscheduler-alert-wechat/pom.xml
[INFO] --------------------------------[ jar ]---------------------------------
[INFO]
[INFO] --- enforcer:3.0.0:enforce (enforce-maven-version) @ dolphinscheduler-alert-webexteams ---
[INFO]
[INFO] --- enforcer:3.0.0:enforce (enforce-java-version) @ dolphinscheduler-alert-webexteams ---
[INFO]
[INFO] --- remote-resources:1.7.0:process (process-resource-bundles) @ dolphinscheduler-alert-webexteams ---
[INFO]
[INFO] --- enforcer:3.0.0:enforce (enforce-maven-version) @ dolphinscheduler-alert-telegram ---
[INFO]
[INFO] --- enforcer:3.0.0:enforce (enforce-java-version) @ dolphinscheduler-alert-telegram ---
[INFO]
[INFO] --- remote-resources:1.7.0:process (process-resource-bundles) @ dolphinscheduler-alert-telegram ---
[INFO] Preparing remote bundle org.apache:apache-jar-resource-bundle:1.4
[INFO] Preparing remote bundle org.apache:apache-jar-resource-bundle:1.4
[INFO] Copying 3 resources from 1 bundle.
[INFO] Copying 3 resources from 1 bundle.
[INFO]
[INFO] --- resources:3.2.0:resources (default-resources) @ dolphinscheduler-alert-email ---
[INFO] Using 'UTF-8' encoding to copy filtered resources.
[INFO] Using 'UTF-8' encoding to copy filtered properties files.
[INFO] skip non existing resourceDirectory /app/dolphinscheduler-alert/dolphinscheduler-alert-plugins/dolphinscheduler-alert-email/src/main/resources
[INFO] Copying 3 resources
[INFO]
[INFO] --- compiler:3.13.0:compile (default-compile) @ dolphinscheduler-alert-email ---
[INFO]
[INFO] --- enforcer:3.0.0:enforce (enforce-maven-version) @ dolphinscheduler-alert-wechat ---
[INFO]
[INFO] --- enforcer:3.0.0:enforce (enforce-java-version) @ dolphinscheduler-alert-wechat ---
[INFO]
[INFO] --- remote-resources:1.7.0:process (process-resource-bundles) @ dolphinscheduler-alert-wechat ---
[INFO] Preparing remote bundle org.apache:apache-jar-resource-bundle:1.4
[INFO] Copying 3 resources from 1 bundle.
[INFO] Nothing to compile - all classes are up to date.
[INFO]
[INFO] --- spotless:2.27.2:check (default) @ dolphinscheduler-alert-email ---
[INFO] Spotless check skipped
[INFO]
[INFO] ---< org.apache.dolphinscheduler:dolphinscheduler-alert-aliyunVoice >---
[INFO] Building dolphinscheduler-alert-aliyunVoice 3.4.2-SNAPSHOT      [42/138]
[INFO]   from dolphinscheduler-alert/dolphinscheduler-alert-plugins/dolphinscheduler-alert-aliyunVoice/pom.xml
[INFO] --------------------------------[ jar ]---------------------------------
[INFO]
[INFO] --- enforcer:3.0.0:enforce (enforce-maven-version) @ dolphinscheduler-alert-aliyunVoice ---
[INFO]
[INFO] --- enforcer:3.0.0:enforce (enforce-java-version) @ dolphinscheduler-alert-aliyunVoice ---
[INFO]
[INFO] --- remote-resources:1.7.0:process (process-resource-bundles) @ dolphinscheduler-alert-aliyunVoice ---
[INFO] Preparing remote bundle org.apache:apache-jar-resource-bundle:1.4
[INFO] Copying 3 resources from 1 bundle.
[INFO]
[INFO] --- resources:3.2.0:resources (default-resources) @ dolphinscheduler-datasource-api ---
[INFO] Using 'UTF-8' encoding to copy filtered resources.
[INFO] Using 'UTF-8' encoding to copy filtered properties files.
[INFO] skip non existing resourceDirectory /app/dolphinscheduler-datasource-plugin/dolphinscheduler-datasource-api/src/main/resources
[INFO] Copying 3 resources
[INFO]
[INFO] --- compiler:3.13.0:compile (default-compile) @ dolphinscheduler-datasource-api ---
[INFO] Nothing to compile - all classes are up to date.
[INFO]
[INFO] --- spotless:2.27.2:check (default) @ dolphinscheduler-datasource-api ---
[INFO] Spotless check skipped
[INFO]
[INFO] ------< org.apache.dolphinscheduler:dolphinscheduler-storage-s3 >-------
[INFO] Building dolphinscheduler-storage-s3 3.4.2-SNAPSHOT             [43/138]
[INFO]   from dolphinscheduler-storage-plugin/dolphinscheduler-storage-s3/pom.xml
[INFO] --------------------------------[ jar ]---------------------------------
[INFO]
[INFO] --- enforcer:3.0.0:enforce (enforce-maven-version) @ dolphinscheduler-storage-s3 ---
[INFO]
[INFO] --- enforcer:3.0.0:enforce (enforce-java-version) @ dolphinscheduler-storage-s3 ---
[INFO]
[INFO] --- remote-resources:1.7.0:process (process-resource-bundles) @ dolphinscheduler-storage-s3 ---
[INFO] Preparing remote bundle org.apache:apache-jar-resource-bundle:1.4
[INFO] Copying 3 resources from 1 bundle.
[INFO]
[INFO] --- resources:3.2.0:resources (default-resources) @ dolphinscheduler-alert-pagerduty ---
[INFO] Using 'UTF-8' encoding to copy filtered resources.
[INFO] Using 'UTF-8' encoding to copy filtered properties files.
[INFO] skip non existing resourceDirectory /app/dolphinscheduler-alert/dolphinscheduler-alert-plugins/dolphinscheduler-alert-pagerduty/src/main/resources
[INFO] Copying 3 resources
[INFO]
[INFO] --- compiler:3.13.0:compile (default-compile) @ dolphinscheduler-alert-pagerduty ---
[INFO] Nothing to compile - all classes are up to date.
[INFO]
[INFO] --- spotless:2.27.2:check (default) @ dolphinscheduler-alert-pagerduty ---
[INFO] Spotless check skipped
[INFO]
[INFO] ------< org.apache.dolphinscheduler:dolphinscheduler-storage-oss >------
[INFO] Building dolphinscheduler-storage-oss 3.4.2-SNAPSHOT            [44/138]
[INFO]   from dolphinscheduler-storage-plugin/dolphinscheduler-storage-oss/pom.xml
[INFO] --------------------------------[ jar ]---------------------------------
[INFO]
[INFO] --- enforcer:3.0.0:enforce (enforce-maven-version) @ dolphinscheduler-storage-oss ---
[INFO]
[INFO] --- enforcer:3.0.0:enforce (enforce-java-version) @ dolphinscheduler-storage-oss ---
[INFO]
[INFO] --- remote-resources:1.7.0:process (process-resource-bundles) @ dolphinscheduler-storage-oss ---
[INFO] Preparing remote bundle org.apache:apache-jar-resource-bundle:1.4
[INFO] Copying 3 resources from 1 bundle.
[INFO]
[INFO] --- resources:3.2.0:resources (default-resources) @ dolphinscheduler-alert-slack ---
[INFO] Using 'UTF-8' encoding to copy filtered resources.
[INFO] Using 'UTF-8' encoding to copy filtered properties files.
[INFO] skip non existing resourceDirectory /app/dolphinscheduler-alert/dolphinscheduler-alert-plugins/dolphinscheduler-alert-slack/src/main/resources
[INFO] Copying 3 resources
[INFO]
[INFO] --- compiler:3.13.0:compile (default-compile) @ dolphinscheduler-alert-slack ---
[INFO] Nothing to compile - all classes are up to date.
[INFO]
[INFO] --- spotless:2.27.2:check (default) @ dolphinscheduler-alert-slack ---
[INFO] Spotless check skipped
[INFO]
[INFO] ------< org.apache.dolphinscheduler:dolphinscheduler-storage-gcs >------
[INFO] Building dolphinscheduler-storage-gcs 3.4.2-SNAPSHOT            [45/138]
[INFO]   from dolphinscheduler-storage-plugin/dolphinscheduler-storage-gcs/pom.xml
[INFO] --------------------------------[ jar ]---------------------------------
[INFO]
[INFO] --- enforcer:3.0.0:enforce (enforce-maven-version) @ dolphinscheduler-storage-gcs ---
[INFO]
[INFO] --- enforcer:3.0.0:enforce (enforce-java-version) @ dolphinscheduler-storage-gcs ---
[INFO]
[INFO] --- remote-resources:1.7.0:process (process-resource-bundles) @ dolphinscheduler-storage-gcs ---
[INFO] Preparing remote bundle org.apache:apache-jar-resource-bundle:1.4
[INFO] Copying 3 resources from 1 bundle.
[INFO]
[INFO] --- resources:3.2.0:resources (default-resources) @ dolphinscheduler-alert-script ---
[INFO] Using 'UTF-8' encoding to copy filtered resources.
[INFO] Using 'UTF-8' encoding to copy filtered properties files.
[INFO] skip non existing resourceDirectory /app/dolphinscheduler-alert/dolphinscheduler-alert-plugins/dolphinscheduler-alert-script/src/main/resources
[INFO] Copying 3 resources
[INFO]
[INFO] --- compiler:3.13.0:compile (default-compile) @ dolphinscheduler-alert-script ---
[INFO] Nothing to compile - all classes are up to date.
[INFO]
[INFO] --- spotless:2.27.2:check (default) @ dolphinscheduler-alert-script ---
[INFO] Spotless check skipped
[INFO]
[INFO] ------< org.apache.dolphinscheduler:dolphinscheduler-storage-abs >------
[INFO] Building dolphinscheduler-storage-abs 3.4.2-SNAPSHOT            [46/138]
[INFO]   from dolphinscheduler-storage-plugin/dolphinscheduler-storage-abs/pom.xml
[INFO] --------------------------------[ jar ]---------------------------------
[INFO]
[INFO] --- enforcer:3.0.0:enforce (enforce-maven-version) @ dolphinscheduler-storage-abs ---
[INFO]
[INFO] --- enforcer:3.0.0:enforce (enforce-java-version) @ dolphinscheduler-storage-abs ---
[INFO]
[INFO] --- remote-resources:1.7.0:process (process-resource-bundles) @ dolphinscheduler-storage-abs ---
[INFO]
[INFO] --- resources:3.2.0:resources (default-resources) @ dolphinscheduler-alert-webexteams ---
[INFO] Preparing remote bundle org.apache:apache-jar-resource-bundle:1.4
[INFO] Copying 3 resources from 1 bundle.
[INFO] Using 'UTF-8' encoding to copy filtered resources.
[INFO] Using 'UTF-8' encoding to copy filtered properties files.
[INFO] skip non existing resourceDirectory /app/dolphinscheduler-alert/dolphinscheduler-alert-plugins/dolphinscheduler-alert-webexteams/src/main/resources
[INFO] Copying 3 resources
[INFO]
[INFO] --- compiler:3.13.0:compile (default-compile) @ dolphinscheduler-alert-webexteams ---
[INFO] Nothing to compile - all classes are up to date.
[INFO]
[INFO] --- spotless:2.27.2:check (default) @ dolphinscheduler-alert-webexteams ---
[INFO] Spotless check skipped
[INFO]
[INFO] ------< org.apache.dolphinscheduler:dolphinscheduler-storage-obs >------
[INFO] Building dolphinscheduler-storage-obs 3.4.2-SNAPSHOT            [47/138]
[INFO]   from dolphinscheduler-storage-plugin/dolphinscheduler-storage-obs/pom.xml
[INFO] --------------------------------[ jar ]---------------------------------
[INFO]
[INFO] --- enforcer:3.0.0:enforce (enforce-maven-version) @ dolphinscheduler-storage-obs ---
[INFO]
[INFO] --- enforcer:3.0.0:enforce (enforce-java-version) @ dolphinscheduler-storage-obs ---
[INFO]
[INFO] --- remote-resources:1.7.0:process (process-resource-bundles) @ dolphinscheduler-storage-obs ---
[INFO] Preparing remote bundle org.apache:apache-jar-resource-bundle:1.4
[INFO] Copying 3 resources from 1 bundle.
[INFO]
[INFO] --- resources:3.2.0:resources (default-resources) @ dolphinscheduler-alert-telegram ---
[INFO] Using 'UTF-8' encoding to copy filtered resources.
[INFO] Using 'UTF-8' encoding to copy filtered properties files.
[INFO] skip non existing resourceDirectory /app/dolphinscheduler-alert/dolphinscheduler-alert-plugins/dolphinscheduler-alert-telegram/src/main/resources
[INFO] Copying 3 resources
[INFO]
[INFO] --- compiler:3.13.0:compile (default-compile) @ dolphinscheduler-alert-telegram ---
[INFO]
[INFO] --- resources:3.2.0:resources (default-resources) @ dolphinscheduler-alert-wechat ---
[INFO] Using 'UTF-8' encoding to copy filtered resources.
[INFO] Using 'UTF-8' encoding to copy filtered properties files.
[INFO] skip non existing resourceDirectory /app/dolphinscheduler-alert/dolphinscheduler-alert-plugins/dolphinscheduler-alert-wechat/src/main/resources
[INFO] Copying 3 resources
[INFO]
[INFO] --- compiler:3.13.0:compile (default-compile) @ dolphinscheduler-alert-wechat ---
[INFO] Nothing to compile - all classes are up to date.
[INFO]
[INFO] --- spotless:2.27.2:check (default) @ dolphinscheduler-alert-telegram ---
[INFO] Spotless check skipped
[INFO]
[INFO] ------< org.apache.dolphinscheduler:dolphinscheduler-storage-cos >------
[INFO] Building dolphinscheduler-storage-cos 3.4.2-SNAPSHOT            [48/138]
[INFO]   from dolphinscheduler-storage-plugin/dolphinscheduler-storage-cos/pom.xml
[INFO] --------------------------------[ jar ]---------------------------------
[INFO] Nothing to compile - all classes are up to date.
[INFO]
[INFO] --- spotless:2.27.2:check (default) @ dolphinscheduler-alert-wechat ---
[INFO] Spotless check skipped
[INFO]
[INFO] -----< org.apache.dolphinscheduler:dolphinscheduler-extract-base >------
[INFO] Building dolphinscheduler-extract-base 3.4.2-SNAPSHOT           [49/138]
[INFO]   from dolphinscheduler-extract/dolphinscheduler-extract-base/pom.xml
[INFO] --------------------------------[ jar ]---------------------------------
[INFO]
[INFO] --- enforcer:3.0.0:enforce (enforce-maven-version) @ dolphinscheduler-storage-cos ---
[INFO]
[INFO] --- enforcer:3.0.0:enforce (enforce-java-version) @ dolphinscheduler-storage-cos ---
[INFO]
[INFO] --- remote-resources:1.7.0:process (process-resource-bundles) @ dolphinscheduler-storage-cos ---
[INFO] Preparing remote bundle org.apache:apache-jar-resource-bundle:1.4
[INFO] Copying 3 resources from 1 bundle.
[INFO]
[INFO] --- enforcer:3.0.0:enforce (enforce-maven-version) @ dolphinscheduler-extract-base ---
[INFO]
[INFO] --- enforcer:3.0.0:enforce (enforce-java-version) @ dolphinscheduler-extract-base ---
[INFO]
[INFO] --- remote-resources:1.7.0:process (process-resource-bundles) @ dolphinscheduler-extract-base ---
[INFO] Preparing remote bundle org.apache:apache-jar-resource-bundle:1.4
[INFO] Copying 3 resources from 1 bundle.
[INFO]
[INFO] --- resources:3.2.0:resources (default-resources) @ dolphinscheduler-alert-aliyunVoice ---
[INFO] Using 'UTF-8' encoding to copy filtered resources.
[INFO] Using 'UTF-8' encoding to copy filtered properties files.
[INFO] skip non existing resourceDirectory /app/dolphinscheduler-alert/dolphinscheduler-alert-plugins/dolphinscheduler-alert-aliyunVoice/src/main/resources
[INFO] Copying 3 resources
[INFO]
[INFO] --- compiler:3.13.0:compile (default-compile) @ dolphinscheduler-alert-aliyunVoice ---
[INFO] Nothing to compile - all classes are up to date.
[INFO]
[INFO] --- spotless:2.27.2:check (default) @ dolphinscheduler-alert-aliyunVoice ---
[INFO] Spotless check skipped
[INFO]
[INFO] ----------< org.apache.dolphinscheduler:dolphinscheduler-dao >----------
[INFO] Building dolphinscheduler-dao 3.4.2-SNAPSHOT                    [50/138]
[INFO]   from dolphinscheduler-dao/pom.xml
[INFO] --------------------------------[ jar ]---------------------------------
[INFO]
[INFO] --- enforcer:3.0.0:enforce (enforce-maven-version) @ dolphinscheduler-dao ---
[INFO]
[INFO] --- enforcer:3.0.0:enforce (enforce-java-version) @ dolphinscheduler-dao ---
[INFO]
[INFO] --- remote-resources:1.7.0:process (process-resource-bundles) @ dolphinscheduler-dao ---
[INFO] Preparing remote bundle org.apache:apache-jar-resource-bundle:1.4
[INFO] Copying 3 resources from 1 bundle.
[INFO]
[INFO] --- resources:3.2.0:resources (default-resources) @ dolphinscheduler-storage-s3 ---
[INFO] Using 'UTF-8' encoding to copy filtered resources.
[INFO] Using 'UTF-8' encoding to copy filtered properties files.
[INFO] skip non existing resourceDirectory /app/dolphinscheduler-storage-plugin/dolphinscheduler-storage-s3/src/main/resources
[INFO] Copying 3 resources
[INFO]
[INFO] --- compiler:3.13.0:compile (default-compile) @ dolphinscheduler-storage-s3 ---
[INFO] Nothing to compile - all classes are up to date.
[INFO]
[INFO] --- spotless:2.27.2:check (default) @ dolphinscheduler-storage-s3 ---
[INFO] Spotless check skipped
[INFO]
[INFO] ------< org.apache.dolphinscheduler:dolphinscheduler-task-flink >-------
[INFO] Building dolphinscheduler-task-flink 3.4.2-SNAPSHOT             [51/138]
[INFO]   from dolphinscheduler-task-plugin/dolphinscheduler-task-flink/pom.xml
[INFO] --------------------------------[ jar ]---------------------------------
[INFO]
[INFO] --- enforcer:3.0.0:enforce (enforce-maven-version) @ dolphinscheduler-task-flink ---
[INFO]
[INFO] --- enforcer:3.0.0:enforce (enforce-java-version) @ dolphinscheduler-task-flink ---
[INFO]
[INFO] --- remote-resources:1.7.0:process (process-resource-bundles) @ dolphinscheduler-task-flink ---
[INFO] Preparing remote bundle org.apache:apache-jar-resource-bundle:1.4
[INFO] Copying 3 resources from 1 bundle.
[INFO]
[INFO] --- resources:3.2.0:resources (default-resources) @ dolphinscheduler-storage-oss ---
[INFO] Using 'UTF-8' encoding to copy filtered resources.
[INFO] Using 'UTF-8' encoding to copy filtered properties files.
[INFO] skip non existing resourceDirectory /app/dolphinscheduler-storage-plugin/dolphinscheduler-storage-oss/src/main/resources
[INFO] Copying 3 resources
[INFO]
[INFO] --- compiler:3.13.0:compile (default-compile) @ dolphinscheduler-storage-oss ---
[INFO] Nothing to compile - all classes are up to date.
[INFO]
[INFO] --- spotless:2.27.2:check (default) @ dolphinscheduler-storage-oss ---
[INFO] Spotless check skipped
[INFO]
[INFO] -------< org.apache.dolphinscheduler:dolphinscheduler-task-grpc >-------
[INFO] Building dolphinscheduler-task-grpc 3.4.2-SNAPSHOT              [52/138]
[INFO]   from dolphinscheduler-task-plugin/dolphinscheduler-task-grpc/pom.xml
[INFO] --------------------------------[ jar ]---------------------------------
[INFO]
[INFO] --- enforcer:3.5.0:enforce (enforce-maven-version) @ dolphinscheduler-task-grpc ---
[INFO] Rule 0: org.apache.maven.enforcer.rules.version.RequireMavenVersion passed
[INFO]
[INFO] --- enforcer:3.5.0:enforce (enforce-java-version) @ dolphinscheduler-task-grpc ---
[INFO] Rule 0: org.apache.maven.enforcer.rules.version.RequireJavaVersion passed
[INFO]
[INFO] --- enforcer:3.5.0:enforce (enforce) @ dolphinscheduler-task-grpc ---
[INFO] Rule 0: org.apache.maven.enforcer.rules.dependency.RequireUpperBoundDeps passed
[INFO]
[INFO] --- remote-resources:1.7.0:process (process-resource-bundles) @ dolphinscheduler-task-grpc ---
[INFO]
[INFO] --- resources:3.2.0:resources (default-resources) @ dolphinscheduler-storage-obs ---
[INFO] Using 'UTF-8' encoding to copy filtered resources.
[INFO] Using 'UTF-8' encoding to copy filtered properties files.
[INFO] skip non existing resourceDirectory /app/dolphinscheduler-storage-plugin/dolphinscheduler-storage-obs/src/main/resources
[INFO] Copying 3 resources
[INFO]
[INFO] --- compiler:3.13.0:compile (default-compile) @ dolphinscheduler-storage-obs ---
[INFO] Nothing to compile - all classes are up to date.
[INFO]
[INFO] --- spotless:2.27.2:check (default) @ dolphinscheduler-storage-obs ---
[INFO] Spotless check skipped
[INFO]
[INFO] -------< org.apache.dolphinscheduler:dolphinscheduler-task-http >-------
[INFO] Building dolphinscheduler-task-http 3.4.2-SNAPSHOT              [53/138]
[INFO]   from dolphinscheduler-task-plugin/dolphinscheduler-task-http/pom.xml
[INFO] --------------------------------[ jar ]---------------------------------
[INFO]
[INFO] --- resources:3.2.0:resources (default-resources) @ dolphinscheduler-storage-gcs ---
[INFO] Using 'UTF-8' encoding to copy filtered resources.
[INFO] Using 'UTF-8' encoding to copy filtered properties files.
[INFO] skip non existing resourceDirectory /app/dolphinscheduler-storage-plugin/dolphinscheduler-storage-gcs/src/main/resources
[INFO] Copying 3 resources
[INFO]
[INFO] --- compiler:3.13.0:compile (default-compile) @ dolphinscheduler-storage-gcs ---
[INFO]
[INFO] --- enforcer:3.0.0:enforce (enforce-maven-version) @ dolphinscheduler-task-http ---
[INFO]
[INFO] --- enforcer:3.0.0:enforce (enforce-java-version) @ dolphinscheduler-task-http ---
[INFO]
[INFO] --- remote-resources:1.7.0:process (process-resource-bundles) @ dolphinscheduler-task-http ---
[INFO] Preparing remote bundle org.apache:apache-jar-resource-bundle:1.4
[INFO] Copying 3 resources from 1 bundle.
[INFO] Nothing to compile - all classes are up to date.
[INFO]
[INFO] --- spotless:2.27.2:check (default) @ dolphinscheduler-storage-gcs ---
[INFO] Spotless check skipped
[INFO]
[INFO] --------< org.apache.dolphinscheduler:dolphinscheduler-task-mr >--------
[INFO] Building dolphinscheduler-task-mr 3.4.2-SNAPSHOT                [54/138]
[INFO]   from dolphinscheduler-task-plugin/dolphinscheduler-task-mr/pom.xml
[INFO] --------------------------------[ jar ]---------------------------------
[INFO] Preparing remote bundle org.apache:apache-jar-resource-bundle:1.4
[INFO]
[INFO] --- enforcer:3.0.0:enforce (enforce-maven-version) @ dolphinscheduler-task-mr ---
[INFO]
[INFO] --- enforcer:3.0.0:enforce (enforce-java-version) @ dolphinscheduler-task-mr ---
[INFO]
[INFO] --- remote-resources:1.7.0:process (process-resource-bundles) @ dolphinscheduler-task-mr ---
[INFO] Preparing remote bundle org.apache:apache-jar-resource-bundle:1.4
[INFO] Copying 3 resources from 1 bundle.
[INFO] Copying 3 resources from 1 bundle.
[INFO]
[INFO] --- resources:3.2.0:resources (default-resources) @ dolphinscheduler-storage-cos ---
[INFO] Using 'UTF-8' encoding to copy filtered resources.
[INFO] Using 'UTF-8' encoding to copy filtered properties files.
[INFO] skip non existing resourceDirectory /app/dolphinscheduler-storage-plugin/dolphinscheduler-storage-cos/src/main/resources
[INFO] Copying 3 resources
[INFO]
[INFO] --- compiler:3.13.0:compile (default-compile) @ dolphinscheduler-storage-cos ---
[INFO] Nothing to compile - all classes are up to date.
[INFO]
[INFO] --- spotless:2.27.2:check (default) @ dolphinscheduler-storage-cos ---
[INFO] Spotless check skipped
[INFO]
[INFO] ------< org.apache.dolphinscheduler:dolphinscheduler-task-python >------
[INFO] Building dolphinscheduler-task-python 3.4.2-SNAPSHOT            [55/138]
[INFO]   from dolphinscheduler-task-plugin/dolphinscheduler-task-python/pom.xml
[INFO] --------------------------------[ jar ]---------------------------------
[INFO]
[INFO] --- enforcer:3.0.0:enforce (enforce-maven-version) @ dolphinscheduler-task-python ---
[INFO]
[INFO] --- enforcer:3.0.0:enforce (enforce-java-version) @ dolphinscheduler-task-python ---
[INFO]
[INFO] --- remote-resources:1.7.0:process (process-resource-bundles) @ dolphinscheduler-task-python ---
[INFO] Preparing remote bundle org.apache:apache-jar-resource-bundle:1.4
[INFO] Copying 3 resources from 1 bundle.
[INFO]
[INFO] --- resources:3.2.0:resources (default-resources) @ dolphinscheduler-task-flink ---
[INFO] Using 'UTF-8' encoding to copy filtered resources.
[INFO] Using 'UTF-8' encoding to copy filtered properties files.
[INFO] skip non existing resourceDirectory /app/dolphinscheduler-task-plugin/dolphinscheduler-task-flink/src/main/resources
[INFO] Copying 3 resources
[INFO]
[INFO] --- compiler:3.13.0:compile (default-compile) @ dolphinscheduler-task-flink ---
[INFO]
[INFO] --- resources:3.2.0:resources (default-resources) @ dolphinscheduler-storage-abs ---
[INFO] Using 'UTF-8' encoding to copy filtered resources.
[INFO] Using 'UTF-8' encoding to copy filtered properties files.
[INFO] skip non existing resourceDirectory /app/dolphinscheduler-storage-plugin/dolphinscheduler-storage-abs/src/main/resources
[INFO] Copying 3 resources
[INFO] Nothing to compile - all classes are up to date.
[INFO]
[INFO] --- compiler:3.13.0:compile (default-compile) @ dolphinscheduler-storage-abs ---
[INFO]
[INFO] --- spotless:2.27.2:check (default) @ dolphinscheduler-task-flink ---
[INFO] Spotless check skipped
[INFO]
[INFO] ----< org.apache.dolphinscheduler:dolphinscheduler-task-seatunnel >-----
[INFO] Building dolphinscheduler-task-seatunnel 3.4.2-SNAPSHOT         [56/138]
[INFO]   from dolphinscheduler-task-plugin/dolphinscheduler-task-seatunnel/pom.xml
[INFO] --------------------------------[ jar ]---------------------------------
[INFO] Nothing to compile - all classes are up to date.
[INFO]
[INFO] --- spotless:2.27.2:check (default) @ dolphinscheduler-storage-abs ---
[INFO] Spotless check skipped
[INFO]
[INFO] ------< org.apache.dolphinscheduler:dolphinscheduler-task-shell >-------
[INFO] Building dolphinscheduler-task-shell 3.4.2-SNAPSHOT             [57/138]
[INFO]   from dolphinscheduler-task-plugin/dolphinscheduler-task-shell/pom.xml
[INFO] --------------------------------[ jar ]---------------------------------
[INFO]
[INFO] --- enforcer:3.0.0:enforce (enforce-maven-version) @ dolphinscheduler-task-seatunnel ---
[INFO]
[INFO] --- enforcer:3.0.0:enforce (enforce-java-version) @ dolphinscheduler-task-seatunnel ---
[INFO]
[INFO] --- remote-resources:1.7.0:process (process-resource-bundles) @ dolphinscheduler-task-seatunnel ---
[INFO] Preparing remote bundle org.apache:apache-jar-resource-bundle:1.4
[INFO] Copying 3 resources from 1 bundle.
[INFO]
[INFO] --- enforcer:3.0.0:enforce (enforce-maven-version) @ dolphinscheduler-task-shell ---
[INFO]
[INFO] --- enforcer:3.0.0:enforce (enforce-java-version) @ dolphinscheduler-task-shell ---
[INFO]
[INFO] --- remote-resources:1.7.0:process (process-resource-bundles) @ dolphinscheduler-task-shell ---
[INFO] Preparing remote bundle org.apache:apache-jar-resource-bundle:1.4
[INFO] Copying 3 resources from 1 bundle.
[INFO]
[INFO] --- resources:3.2.0:resources (default-resources) @ dolphinscheduler-task-mr ---
[INFO] Using 'UTF-8' encoding to copy filtered resources.
[INFO] Using 'UTF-8' encoding to copy filtered properties files.
[INFO] skip non existing resourceDirectory /app/dolphinscheduler-task-plugin/dolphinscheduler-task-mr/src/main/resources
[INFO] Copying 3 resources
[INFO]
[INFO] --- compiler:3.13.0:compile (default-compile) @ dolphinscheduler-task-mr ---
[INFO] Nothing to compile - all classes are up to date.
[INFO]
[INFO] --- spotless:2.27.2:check (default) @ dolphinscheduler-task-mr ---
[INFO] Spotless check skipped
[INFO]
[INFO] ------< org.apache.dolphinscheduler:dolphinscheduler-task-spark >-------
[INFO] Building dolphinscheduler-task-spark 3.4.2-SNAPSHOT             [58/138]
[INFO]   from dolphinscheduler-task-plugin/dolphinscheduler-task-spark/pom.xml
[INFO] --------------------------------[ jar ]---------------------------------
[INFO]
[INFO] --- resources:3.2.0:resources (default-resources) @ dolphinscheduler-task-http ---
[INFO] Using 'UTF-8' encoding to copy filtered resources.
[INFO] Using 'UTF-8' encoding to copy filtered properties files.
[INFO] skip non existing resourceDirectory /app/dolphinscheduler-task-plugin/dolphinscheduler-task-http/src/main/resources
[INFO] Copying 3 resources
[INFO]
[INFO] --- compiler:3.13.0:compile (default-compile) @ dolphinscheduler-task-http ---
[INFO]
[INFO] --- enforcer:3.0.0:enforce (enforce-maven-version) @ dolphinscheduler-task-spark ---
[INFO]
[INFO] --- enforcer:3.0.0:enforce (enforce-java-version) @ dolphinscheduler-task-spark ---
[INFO]
[INFO] --- remote-resources:1.7.0:process (process-resource-bundles) @ dolphinscheduler-task-spark ---
[INFO] Preparing remote bundle org.apache:apache-jar-resource-bundle:1.4
[INFO] Nothing to compile - all classes are up to date.
[INFO]
[INFO] --- spotless:2.27.2:check (default) @ dolphinscheduler-task-http ---
[INFO] Spotless check skipped
[INFO]
[INFO] -------< org.apache.dolphinscheduler:dolphinscheduler-task-emr >--------
[INFO] Building dolphinscheduler-task-emr 3.4.2-SNAPSHOT               [59/138]
[INFO]   from dolphinscheduler-task-plugin/dolphinscheduler-task-emr/pom.xml
[INFO] --------------------------------[ jar ]---------------------------------
[INFO] Copying 3 resources from 1 bundle.
[INFO]
[INFO] --- enforcer:3.0.0:enforce (enforce-maven-version) @ dolphinscheduler-task-emr ---
[INFO]
[INFO] --- enforcer:3.0.0:enforce (enforce-java-version) @ dolphinscheduler-task-emr ---
[INFO]
[INFO] --- remote-resources:1.7.0:process (process-resource-bundles) @ dolphinscheduler-task-emr ---
[INFO] Preparing remote bundle org.apache:apache-jar-resource-bundle:1.4
[INFO] Copying 3 resources from 1 bundle.
[INFO]
[INFO] --- resources:3.2.0:resources (default-resources) @ dolphinscheduler-dao ---
[INFO] Using 'UTF-8' encoding to copy filtered resources.
[INFO] Using 'UTF-8' encoding to copy filtered properties files.
[INFO] Copying 98 resources
[INFO] Copying 3 resources
[INFO]
[INFO] --- compiler:3.13.0:compile (default-compile) @ dolphinscheduler-dao ---
[INFO] Nothing to compile - all classes are up to date.
[INFO]
[INFO] --- spotless:2.27.2:check (default) @ dolphinscheduler-dao ---
[INFO] Spotless check skipped
[INFO]
[INFO] -----< org.apache.dolphinscheduler:dolphinscheduler-task-jupyter >------
[INFO] Building dolphinscheduler-task-jupyter 3.4.2-SNAPSHOT           [60/138]
[INFO]   from dolphinscheduler-task-plugin/dolphinscheduler-task-jupyter/pom.xml
[INFO] --------------------------------[ jar ]---------------------------------
[INFO]
[INFO] --- resources:3.2.0:resources (default-resources) @ dolphinscheduler-task-python ---
[INFO] Using 'UTF-8' encoding to copy filtered resources.
[INFO] Using 'UTF-8' encoding to copy filtered properties files.
[INFO] skip non existing resourceDirectory /app/dolphinscheduler-task-plugin/dolphinscheduler-task-python/src/main/resources
[INFO] Copying 3 resources
[INFO]
[INFO] --- compiler:3.13.0:compile (default-compile) @ dolphinscheduler-task-python ---
[INFO] Nothing to compile - all classes are up to date.
[INFO]
[INFO] --- spotless:2.27.2:check (default) @ dolphinscheduler-task-python ---
[INFO] Spotless check skipped
[INFO]
[INFO] ------< org.apache.dolphinscheduler:dolphinscheduler-task-mlflow >------
[INFO] Building dolphinscheduler-task-mlflow 3.4.2-SNAPSHOT            [61/138]
[INFO]   from dolphinscheduler-task-plugin/dolphinscheduler-task-mlflow/pom.xml
[INFO] --------------------------------[ jar ]---------------------------------
[INFO]
[INFO] --- enforcer:3.0.0:enforce (enforce-maven-version) @ dolphinscheduler-task-jupyter ---
[INFO]
[INFO] --- enforcer:3.0.0:enforce (enforce-java-version) @ dolphinscheduler-task-jupyter ---
[INFO]
[INFO] --- remote-resources:1.7.0:process (process-resource-bundles) @ dolphinscheduler-task-jupyter ---
[INFO] Preparing remote bundle org.apache:apache-jar-resource-bundle:1.4
[INFO] Copying 3 resources from 1 bundle.
[INFO]
[INFO] --- enforcer:3.0.0:enforce (enforce-maven-version) @ dolphinscheduler-task-mlflow ---
[INFO]
[INFO] --- enforcer:3.0.0:enforce (enforce-java-version) @ dolphinscheduler-task-mlflow ---
[INFO]
[INFO] --- remote-resources:1.7.0:process (process-resource-bundles) @ dolphinscheduler-task-mlflow ---
[INFO] Preparing remote bundle org.apache:apache-jar-resource-bundle:1.4
[INFO] Copying 3 resources from 1 bundle.
[INFO]
[INFO] --- resources:3.2.0:resources (default-resources) @ dolphinscheduler-task-shell ---
[INFO] Using 'UTF-8' encoding to copy filtered resources.
[INFO] Using 'UTF-8' encoding to copy filtered properties files.
[INFO] skip non existing resourceDirectory /app/dolphinscheduler-task-plugin/dolphinscheduler-task-shell/src/main/resources
[INFO] Copying 3 resources
[INFO]
[INFO] --- compiler:3.13.0:compile (default-compile) @ dolphinscheduler-task-shell ---
[INFO] Nothing to compile - all classes are up to date.
[INFO]
[INFO] --- spotless:2.27.2:check (default) @ dolphinscheduler-task-shell ---
[INFO] Spotless check skipped
[INFO]
[INFO] -------< org.apache.dolphinscheduler:dolphinscheduler-task-dvc >--------
[INFO] Building dolphinscheduler-task-dvc 3.4.2-SNAPSHOT               [62/138]
[INFO]   from dolphinscheduler-task-plugin/dolphinscheduler-task-dvc/pom.xml
[INFO] --------------------------------[ jar ]---------------------------------
[INFO]
[INFO] --- resources:3.2.0:resources (default-resources) @ dolphinscheduler-task-seatunnel ---
[INFO] Using 'UTF-8' encoding to copy filtered resources.
[INFO] Using 'UTF-8' encoding to copy filtered properties files.
[INFO] skip non existing resourceDirectory /app/dolphinscheduler-task-plugin/dolphinscheduler-task-seatunnel/src/main/resources
[INFO] Copying 3 resources
[INFO]
[INFO] --- compiler:3.13.0:compile (default-compile) @ dolphinscheduler-task-seatunnel ---
[INFO]
[INFO] --- resources:3.2.0:resources (default-resources) @ dolphinscheduler-task-grpc ---
[INFO] Nothing to compile - all classes are up to date.
[INFO]
[INFO] --- spotless:2.27.2:check (default) @ dolphinscheduler-task-seatunnel ---
[INFO]
[INFO] --- enforcer:3.0.0:enforce (enforce-maven-version) @ dolphinscheduler-task-dvc ---
[INFO]
[INFO] --- enforcer:3.0.0:enforce (enforce-java-version) @ dolphinscheduler-task-dvc ---
[INFO]
[INFO] --- remote-resources:1.7.0:process (process-resource-bundles) @ dolphinscheduler-task-dvc ---
[INFO] Spotless check skipped
[INFO]
[INFO] ------< org.apache.dolphinscheduler:dolphinscheduler-task-dinky >-------
[INFO] Building dolphinscheduler-task-dinky 3.4.2-SNAPSHOT             [63/138]
[INFO]   from dolphinscheduler-task-plugin/dolphinscheduler-task-dinky/pom.xml
[INFO] --------------------------------[ jar ]---------------------------------
[INFO] Preparing remote bundle org.apache:apache-jar-resource-bundle:1.4
[INFO] Copying 3 resources from 1 bundle.
[INFO]
[INFO] --- enforcer:3.0.0:enforce (enforce-maven-version) @ dolphinscheduler-task-dinky ---
[INFO] Using 'UTF-8' encoding to copy filtered resources.
[INFO] Using 'UTF-8' encoding to copy filtered properties files.
[INFO] skip non existing resourceDirectory /app/dolphinscheduler-task-plugin/dolphinscheduler-task-grpc/src/main/resources
[INFO] Copying 3 resources
[INFO]
[INFO] --- compiler:3.13.0:compile (default-compile) @ dolphinscheduler-task-grpc ---
[INFO]
[INFO] --- enforcer:3.0.0:enforce (enforce-java-version) @ dolphinscheduler-task-dinky ---
[INFO]
[INFO] --- remote-resources:1.7.0:process (process-resource-bundles) @ dolphinscheduler-task-dinky ---
[INFO] Preparing remote bundle org.apache:apache-jar-resource-bundle:1.4
[INFO] Copying 3 resources from 1 bundle.
[INFO]
[INFO] --- resources:3.2.0:resources (default-resources) @ dolphinscheduler-extract-base ---
[INFO] Using 'UTF-8' encoding to copy filtered resources.
[INFO] Using 'UTF-8' encoding to copy filtered properties files.
[INFO] skip non existing resourceDirectory /app/dolphinscheduler-extract/dolphinscheduler-extract-base/src/main/resources
[INFO] Copying 3 resources
[INFO]
[INFO] --- compiler:3.13.0:compile (default-compile) @ dolphinscheduler-extract-base ---
[INFO] Nothing to compile - all classes are up to date.
[INFO]
[INFO] --- spotless:2.27.2:check (default) @ dolphinscheduler-extract-base ---
[INFO] Spotless check skipped
[INFO]
[INFO] -------< org.apache.dolphinscheduler:dolphinscheduler-task-java >-------
[INFO] Building dolphinscheduler-task-java 3.4.2-SNAPSHOT              [64/138]
[INFO]   from dolphinscheduler-task-plugin/dolphinscheduler-task-java/pom.xml
[INFO] --------------------------------[ jar ]---------------------------------
[INFO]
[INFO] --- enforcer:3.0.0:enforce (enforce-maven-version) @ dolphinscheduler-task-java ---
[INFO]
[INFO] --- enforcer:3.0.0:enforce (enforce-java-version) @ dolphinscheduler-task-java ---
[INFO]
[INFO] --- remote-resources:1.7.0:process (process-resource-bundles) @ dolphinscheduler-task-java ---
[INFO] Preparing remote bundle org.apache:apache-jar-resource-bundle:1.4
[INFO] Copying 3 resources from 1 bundle.
[INFO] Nothing to compile - all classes are up to date.
[INFO]
[INFO] --- spotless:2.27.2:check (default) @ dolphinscheduler-task-grpc ---
[INFO] Spotless check skipped
[INFO]
[INFO] -----< org.apache.dolphinscheduler:dolphinscheduler-task-hivecli >------
[INFO] Building dolphinscheduler-task-hivecli 3.4.2-SNAPSHOT           [65/138]
[INFO]   from dolphinscheduler-task-plugin/dolphinscheduler-task-hivecli/pom.xml
[INFO] --------------------------------[ jar ]---------------------------------
[INFO]
[INFO] --- enforcer:3.0.0:enforce (enforce-maven-version) @ dolphinscheduler-task-hivecli ---
[INFO]
[INFO] --- enforcer:3.0.0:enforce (enforce-java-version) @ dolphinscheduler-task-hivecli ---
[INFO]
[INFO] --- resources:3.2.0:resources (default-resources) @ dolphinscheduler-task-emr ---
[INFO] Using 'UTF-8' encoding to copy filtered resources.
[INFO] Using 'UTF-8' encoding to copy filtered properties files.
[INFO] skip non existing resourceDirectory /app/dolphinscheduler-task-plugin/dolphinscheduler-task-emr/src/main/resources
[INFO] Copying 3 resources
[INFO]
[INFO] --- compiler:3.13.0:compile (default-compile) @ dolphinscheduler-task-emr ---
[INFO]
[INFO] --- remote-resources:1.7.0:process (process-resource-bundles) @ dolphinscheduler-task-hivecli ---
[INFO] Preparing remote bundle org.apache:apache-jar-resource-bundle:1.4
[INFO] Copying 3 resources from 1 bundle.
[INFO] Nothing to compile - all classes are up to date.
[INFO]
[INFO] --- spotless:2.27.2:check (default) @ dolphinscheduler-task-emr ---
[INFO] Spotless check skipped
[INFO]
[INFO] -------< org.apache.dolphinscheduler:dolphinscheduler-task-dms >--------
[INFO] Building dolphinscheduler-task-dms 3.4.2-SNAPSHOT               [66/138]
[INFO]   from dolphinscheduler-task-plugin/dolphinscheduler-task-dms/pom.xml
[INFO] --------------------------------[ jar ]---------------------------------
[INFO]
[INFO] --- enforcer:3.0.0:enforce (enforce-maven-version) @ dolphinscheduler-task-dms ---
[INFO]
[INFO] --- enforcer:3.0.0:enforce (enforce-java-version) @ dolphinscheduler-task-dms ---
[INFO]
[INFO] --- remote-resources:1.7.0:process (process-resource-bundles) @ dolphinscheduler-task-dms ---
[INFO] Preparing remote bundle org.apache:apache-jar-resource-bundle:1.4
[INFO] Copying 3 resources from 1 bundle.
[INFO]
[INFO] --- resources:3.2.0:resources (default-resources) @ dolphinscheduler-task-spark ---
[INFO] Using 'UTF-8' encoding to copy filtered resources.
[INFO] Using 'UTF-8' encoding to copy filtered properties files.
[INFO] skip non existing resourceDirectory /app/dolphinscheduler-task-plugin/dolphinscheduler-task-spark/src/main/resources
[INFO] Copying 3 resources
[INFO]
[INFO] --- compiler:3.13.0:compile (default-compile) @ dolphinscheduler-task-spark ---
[INFO] Nothing to compile - all classes are up to date.
[INFO]
[INFO] --- spotless:2.27.2:check (default) @ dolphinscheduler-task-spark ---
[INFO] Spotless check skipped
[INFO]
[INFO] -----< org.apache.dolphinscheduler:dolphinscheduler-task-datasync >-----
[INFO] Building dolphinscheduler-task-datasync 3.4.2-SNAPSHOT          [67/138]
[INFO]   from dolphinscheduler-task-plugin/dolphinscheduler-task-datasync/pom.xml
[INFO] --------------------------------[ jar ]---------------------------------
[INFO]
[INFO] --- enforcer:3.0.0:enforce (enforce-maven-version) @ dolphinscheduler-task-datasync ---
[INFO]
[INFO] --- enforcer:3.0.0:enforce (enforce-java-version) @ dolphinscheduler-task-datasync ---
[INFO]
[INFO] --- remote-resources:1.7.0:process (process-resource-bundles) @ dolphinscheduler-task-datasync ---
[INFO] Preparing remote bundle org.apache:apache-jar-resource-bundle:1.4
[INFO] Copying 3 resources from 1 bundle.
[INFO]
[INFO] --- resources:3.2.0:resources (default-resources) @ dolphinscheduler-task-mlflow ---
[INFO] Using 'UTF-8' encoding to copy filtered resources.
[INFO] Using 'UTF-8' encoding to copy filtered properties files.
[INFO] skip non existing resourceDirectory /app/dolphinscheduler-task-plugin/dolphinscheduler-task-mlflow/src/main/resources
[INFO] Copying 3 resources
[INFO]
[INFO] --- compiler:3.13.0:compile (default-compile) @ dolphinscheduler-task-mlflow ---
[INFO] Nothing to compile - all classes are up to date.
[INFO]
[INFO] --- spotless:2.27.2:check (default) @ dolphinscheduler-task-mlflow ---
[INFO] Spotless check skipped
[INFO]
[INFO] ------< org.apache.dolphinscheduler:dolphinscheduler-task-linkis >------
[INFO] Building dolphinscheduler-task-linkis 3.4.2-SNAPSHOT            [68/138]
[INFO]   from dolphinscheduler-task-plugin/dolphinscheduler-task-linkis/pom.xml
[INFO] --------------------------------[ jar ]---------------------------------
[INFO]
[INFO] --- resources:3.2.0:resources (default-resources) @ dolphinscheduler-task-jupyter ---
[INFO] Using 'UTF-8' encoding to copy filtered resources.
[INFO] Using 'UTF-8' encoding to copy filtered properties files.
[INFO] skip non existing resourceDirectory /app/dolphinscheduler-task-plugin/dolphinscheduler-task-jupyter/src/main/resources
[INFO] Copying 3 resources
[INFO]
[INFO] --- compiler:3.13.0:compile (default-compile) @ dolphinscheduler-task-jupyter ---
[INFO]
[INFO] --- enforcer:3.0.0:enforce (enforce-maven-version) @ dolphinscheduler-task-linkis ---
[INFO]
[INFO] --- enforcer:3.0.0:enforce (enforce-java-version) @ dolphinscheduler-task-linkis ---
[INFO]
[INFO] --- remote-resources:1.7.0:process (process-resource-bundles) @ dolphinscheduler-task-linkis ---
[INFO] Preparing remote bundle org.apache:apache-jar-resource-bundle:1.4
[INFO] Nothing to compile - all classes are up to date.
[INFO]
[INFO] --- spotless:2.27.2:check (default) @ dolphinscheduler-task-jupyter ---
[INFO] Spotless check skipped
[INFO]
[INFO] ---< org.apache.dolphinscheduler:dolphinscheduler-task-datafactory >----
[INFO] Building dolphinscheduler-task-datafactory 3.4.2-SNAPSHOT       [69/138]
[INFO]   from dolphinscheduler-task-plugin/dolphinscheduler-task-datafactory/pom.xml
[INFO] --------------------------------[ jar ]---------------------------------
[INFO] Copying 3 resources from 1 bundle.
[INFO]
[INFO] --- resources:3.2.0:resources (default-resources) @ dolphinscheduler-task-dvc ---
[INFO] Using 'UTF-8' encoding to copy filtered resources.
[INFO] Using 'UTF-8' encoding to copy filtered properties files.
[INFO] skip non existing resourceDirectory /app/dolphinscheduler-task-plugin/dolphinscheduler-task-dvc/src/main/resources
[INFO] Copying 3 resources
[INFO]
[INFO] --- compiler:3.13.0:compile (default-compile) @ dolphinscheduler-task-dvc ---
[INFO] Nothing to compile - all classes are up to date.
[INFO]
[INFO] --- spotless:2.27.2:check (default) @ dolphinscheduler-task-dvc ---
[INFO] Spotless check skipped
[INFO]
[INFO] -----< org.apache.dolphinscheduler:dolphinscheduler-task-executor >-----
[INFO] Building dolphinscheduler-task-executor 3.4.2-SNAPSHOT          [70/138]
[INFO]   from dolphinscheduler-task-executor/pom.xml
[INFO] --------------------------------[ jar ]---------------------------------
[INFO]
[INFO] --- enforcer:3.0.0:enforce (enforce-maven-version) @ dolphinscheduler-task-executor ---
[INFO]
[INFO] --- enforcer:3.0.0:enforce (enforce-java-version) @ dolphinscheduler-task-executor ---
[INFO]
[INFO] --- remote-resources:1.7.0:process (process-resource-bundles) @ dolphinscheduler-task-executor ---
[INFO] Preparing remote bundle org.apache:apache-jar-resource-bundle:1.4
[INFO] Copying 3 resources from 1 bundle.
[INFO]
[INFO] --- resources:3.2.0:resources (default-resources) @ dolphinscheduler-task-java ---
[INFO] Using 'UTF-8' encoding to copy filtered resources.
[INFO] Using 'UTF-8' encoding to copy filtered properties files.
[INFO] skip non existing resourceDirectory /app/dolphinscheduler-task-plugin/dolphinscheduler-task-java/src/main/resources
[INFO] Copying 3 resources
[INFO]
[INFO] --- compiler:3.13.0:compile (default-compile) @ dolphinscheduler-task-java ---
[INFO]
[INFO] --- resources:3.2.0:resources (default-resources) @ dolphinscheduler-task-dinky ---
[INFO] Using 'UTF-8' encoding to copy filtered resources.
[INFO] Using 'UTF-8' encoding to copy filtered properties files.
[INFO] skip non existing resourceDirectory /app/dolphinscheduler-task-plugin/dolphinscheduler-task-dinky/src/main/resources
[INFO] Copying 3 resources
[INFO]
[INFO] --- compiler:3.13.0:compile (default-compile) @ dolphinscheduler-task-dinky ---
[INFO]
[INFO] --- enforcer:3.0.0:enforce (enforce-maven-version) @ dolphinscheduler-task-datafactory ---
[INFO]
[INFO] --- enforcer:3.0.0:enforce (enforce-java-version) @ dolphinscheduler-task-datafactory ---
[INFO]
[INFO] --- remote-resources:1.7.0:process (process-resource-bundles) @ dolphinscheduler-task-datafactory ---
[INFO] Preparing remote bundle org.apache:apache-jar-resource-bundle:1.4
[INFO] Nothing to compile - all classes are up to date.
[INFO]
[INFO] --- spotless:2.27.2:check (default) @ dolphinscheduler-task-dinky ---
[INFO] Copying 3 resources from 1 bundle.
[INFO] Spotless check skipped
[INFO]
[INFO] ------< org.apache.dolphinscheduler:dolphinscheduler-task-datax >-------
[INFO] Building dolphinscheduler-task-datax 3.4.2-SNAPSHOT             [71/138]
[INFO]   from dolphinscheduler-task-plugin/dolphinscheduler-task-datax/pom.xml
[INFO] --------------------------------[ jar ]---------------------------------
[INFO] Nothing to compile - all classes are up to date.
[INFO]
[INFO] --- spotless:2.27.2:check (default) @ dolphinscheduler-task-java ---
[INFO] Spotless check skipped
[INFO]
[INFO] ----< org.apache.dolphinscheduler:dolphinscheduler-task-procedure >-----
[INFO] Building dolphinscheduler-task-procedure 3.4.2-SNAPSHOT         [72/138]
[INFO]   from dolphinscheduler-task-plugin/dolphinscheduler-task-procedure/pom.xml
[INFO] --------------------------------[ jar ]---------------------------------
[INFO]
[INFO] --- resources:3.2.0:resources (default-resources) @ dolphinscheduler-task-dms ---
[INFO] Using 'UTF-8' encoding to copy filtered resources.
[INFO] Using 'UTF-8' encoding to copy filtered properties files.
[INFO] skip non existing resourceDirectory /app/dolphinscheduler-task-plugin/dolphinscheduler-task-dms/src/main/resources
[INFO] Copying 3 resources
[INFO]
[INFO] --- compiler:3.13.0:compile (default-compile) @ dolphinscheduler-task-dms ---
[INFO]
[INFO] --- enforcer:3.0.0:enforce (enforce-maven-version) @ dolphinscheduler-task-datax ---
[INFO]
[INFO] --- enforcer:3.0.0:enforce (enforce-java-version) @ dolphinscheduler-task-datax ---
[INFO]
[INFO] --- remote-resources:1.7.0:process (process-resource-bundles) @ dolphinscheduler-task-datax ---
[INFO] Preparing remote bundle org.apache:apache-jar-resource-bundle:1.4
[INFO] Copying 3 resources from 1 bundle.
[INFO] Nothing to compile - all classes are up to date.
[INFO]
[INFO] --- spotless:2.27.2:check (default) @ dolphinscheduler-task-dms ---
[INFO]
[INFO] --- enforcer:3.0.0:enforce (enforce-maven-version) @ dolphinscheduler-task-procedure ---
[INFO]
[INFO] --- enforcer:3.0.0:enforce (enforce-java-version) @ dolphinscheduler-task-procedure ---
[INFO]
[INFO] --- remote-resources:1.7.0:process (process-resource-bundles) @ dolphinscheduler-task-procedure ---
[INFO] Preparing remote bundle org.apache:apache-jar-resource-bundle:1.4
[INFO] Spotless check skipped
[INFO]
[INFO] -------< org.apache.dolphinscheduler:dolphinscheduler-task-sql >--------
[INFO] Building dolphinscheduler-task-sql 3.4.2-SNAPSHOT               [73/138]
[INFO]   from dolphinscheduler-task-plugin/dolphinscheduler-task-sql/pom.xml
[INFO] --------------------------------[ jar ]---------------------------------
[INFO] Copying 3 resources from 1 bundle.
[INFO]
[INFO] --- resources:3.2.0:resources (default-resources) @ dolphinscheduler-task-hivecli ---
[INFO] Using 'UTF-8' encoding to copy filtered resources.
[INFO] Using 'UTF-8' encoding to copy filtered properties files.
[INFO] skip non existing resourceDirectory /app/dolphinscheduler-task-plugin/dolphinscheduler-task-hivecli/src/main/resources
[INFO] Copying 3 resources
[INFO]
[INFO] --- compiler:3.13.0:compile (default-compile) @ dolphinscheduler-task-hivecli ---
[INFO]
[INFO] --- resources:3.2.0:resources (default-resources) @ dolphinscheduler-task-datasync ---
[INFO] Using 'UTF-8' encoding to copy filtered resources.
[INFO] Using 'UTF-8' encoding to copy filtered properties files.
[INFO] skip non existing resourceDirectory /app/dolphinscheduler-task-plugin/dolphinscheduler-task-datasync/src/main/resources
[INFO] Copying 3 resources
[INFO]
[INFO] --- compiler:3.13.0:compile (default-compile) @ dolphinscheduler-task-datasync ---
[INFO]
[INFO] --- enforcer:3.0.0:enforce (enforce-maven-version) @ dolphinscheduler-task-sql ---
[INFO]
[INFO] --- enforcer:3.0.0:enforce (enforce-java-version) @ dolphinscheduler-task-sql ---
[INFO] Nothing to compile - all classes are up to date.
[INFO]
[INFO] --- spotless:2.27.2:check (default) @ dolphinscheduler-task-hivecli ---
[INFO] Spotless check skipped
[INFO]
[INFO] ------< org.apache.dolphinscheduler:dolphinscheduler-task-sqoop >-------
[INFO] Building dolphinscheduler-task-sqoop 3.4.2-SNAPSHOT             [74/138]
[INFO]   from dolphinscheduler-task-plugin/dolphinscheduler-task-sqoop/pom.xml
[INFO] --------------------------------[ jar ]---------------------------------
[INFO]
[INFO] --- remote-resources:1.7.0:process (process-resource-bundles) @ dolphinscheduler-task-sql ---
[INFO] Preparing remote bundle org.apache:apache-jar-resource-bundle:1.4
[INFO] Copying 3 resources from 1 bundle.
[INFO] Nothing to compile - all classes are up to date.
[INFO]
[INFO] --- spotless:2.27.2:check (default) @ dolphinscheduler-task-datasync ---
[INFO] Spotless check skipped
[INFO]
[INFO] --< org.apache.dolphinscheduler:dolphinscheduler-datasource-zeppelin >--
[INFO] Building dolphinscheduler-datasource-zeppelin 3.4.2-SNAPSHOT    [75/138]
[INFO]   from dolphinscheduler-datasource-plugin/dolphinscheduler-datasource-zeppelin/pom.xml
[INFO] --------------------------------[ jar ]---------------------------------
[INFO]
[INFO] --- enforcer:3.0.0:enforce (enforce-maven-version) @ dolphinscheduler-task-sqoop ---
[INFO]
[INFO] --- enforcer:3.0.0:enforce (enforce-java-version) @ dolphinscheduler-task-sqoop ---
[INFO]
[INFO] --- remote-resources:1.7.0:process (process-resource-bundles) @ dolphinscheduler-task-sqoop ---
[INFO] Preparing remote bundle org.apache:apache-jar-resource-bundle:1.4
[INFO] Copying 3 resources from 1 bundle.
[INFO]
[INFO] --- enforcer:3.0.0:enforce (enforce-maven-version) @ dolphinscheduler-datasource-zeppelin ---
[INFO]
[INFO] --- enforcer:3.0.0:enforce (enforce-java-version) @ dolphinscheduler-datasource-zeppelin ---
[INFO]
[INFO] --- remote-resources:1.7.0:process (process-resource-bundles) @ dolphinscheduler-datasource-zeppelin ---
[INFO] Preparing remote bundle org.apache:apache-jar-resource-bundle:1.4
[INFO] Copying 3 resources from 1 bundle.
[INFO]
[INFO] --- resources:3.2.0:resources (default-resources) @ dolphinscheduler-task-linkis ---
[INFO] Using 'UTF-8' encoding to copy filtered resources.
[INFO] Using 'UTF-8' encoding to copy filtered properties files.
[INFO] skip non existing resourceDirectory /app/dolphinscheduler-task-plugin/dolphinscheduler-task-linkis/src/main/resources
[INFO] Copying 3 resources
[INFO]
[INFO] --- compiler:3.13.0:compile (default-compile) @ dolphinscheduler-task-linkis ---
[INFO] Nothing to compile - all classes are up to date.
[INFO]
[INFO] --- spotless:2.27.2:check (default) @ dolphinscheduler-task-linkis ---
[INFO] Spotless check skipped
[INFO]
[INFO] ----< org.apache.dolphinscheduler:dolphinscheduler-datasource-k8s >-----
[INFO] Building dolphinscheduler-datasource-k8s 3.4.2-SNAPSHOT         [76/138]
[INFO]   from dolphinscheduler-datasource-plugin/dolphinscheduler-datasource-k8s/pom.xml
[INFO] --------------------------------[ jar ]---------------------------------
[INFO]
[INFO] --- enforcer:3.0.0:enforce (enforce-maven-version) @ dolphinscheduler-datasource-k8s ---
[INFO]
[INFO] --- enforcer:3.0.0:enforce (enforce-java-version) @ dolphinscheduler-datasource-k8s ---
[INFO]
[INFO] --- remote-resources:1.7.0:process (process-resource-bundles) @ dolphinscheduler-datasource-k8s ---
[INFO] Preparing remote bundle org.apache:apache-jar-resource-bundle:1.4
[INFO] Copying 3 resources from 1 bundle.
[INFO]
[INFO] --- resources:3.2.0:resources (default-resources) @ dolphinscheduler-task-datafactory ---
[INFO] Using 'UTF-8' encoding to copy filtered resources.
[INFO] Using 'UTF-8' encoding to copy filtered properties files.
[INFO] skip non existing resourceDirectory /app/dolphinscheduler-task-plugin/dolphinscheduler-task-datafactory/src/main/resources
[INFO] Copying 3 resources
[INFO]
[INFO] --- compiler:3.13.0:compile (default-compile) @ dolphinscheduler-task-datafactory ---
[INFO] Nothing to compile - all classes are up to date.
[INFO]
[INFO] --- spotless:2.27.2:check (default) @ dolphinscheduler-task-datafactory ---
[INFO] Spotless check skipped
[INFO]
[INFO] --< org.apache.dolphinscheduler:dolphinscheduler-datasource-sagemaker >--
[INFO] Building dolphinscheduler-datasource-sagemaker 3.4.2-SNAPSHOT   [77/138]
[INFO]   from dolphinscheduler-datasource-plugin/dolphinscheduler-datasource-sagemaker/pom.xml
[INFO] --------------------------------[ jar ]---------------------------------
[INFO]
[INFO] --- enforcer:3.0.0:enforce (enforce-maven-version) @ dolphinscheduler-datasource-sagemaker ---
[INFO]
[INFO] --- enforcer:3.0.0:enforce (enforce-java-version) @ dolphinscheduler-datasource-sagemaker ---
[INFO]
[INFO] --- remote-resources:1.7.0:process (process-resource-bundles) @ dolphinscheduler-datasource-sagemaker ---
[INFO] Preparing remote bundle org.apache:apache-jar-resource-bundle:1.4
[INFO] Copying 3 resources from 1 bundle.
[INFO]
[INFO] --- resources:3.2.0:resources (default-resources) @ dolphinscheduler-task-executor ---
[INFO] Using 'UTF-8' encoding to copy filtered resources.
[INFO] Using 'UTF-8' encoding to copy filtered properties files.
[INFO] skip non existing resourceDirectory /app/dolphinscheduler-task-executor/src/main/resources
[INFO] Copying 3 resources
[INFO]
[INFO] --- compiler:3.13.0:compile (default-compile) @ dolphinscheduler-task-executor ---
[INFO] Nothing to compile - all classes are up to date.
[INFO]
[INFO] --- spotless:2.27.2:check (default) @ dolphinscheduler-task-executor ---
[INFO] Spotless check skipped
[INFO]
[INFO] -----< org.apache.dolphinscheduler:dolphinscheduler-task-chunjun >------
[INFO] Building dolphinscheduler-task-chunjun 3.4.2-SNAPSHOT           [78/138]
[INFO]   from dolphinscheduler-task-plugin/dolphinscheduler-task-chunjun/pom.xml
[INFO] --------------------------------[ jar ]---------------------------------
[INFO]
[INFO] --- enforcer:3.0.0:enforce (enforce-maven-version) @ dolphinscheduler-task-chunjun ---
[INFO]
[INFO] --- enforcer:3.0.0:enforce (enforce-java-version) @ dolphinscheduler-task-chunjun ---
[INFO]
[INFO] --- remote-resources:1.7.0:process (process-resource-bundles) @ dolphinscheduler-task-chunjun ---
[INFO] Preparing remote bundle org.apache:apache-jar-resource-bundle:1.4
[INFO] Copying 3 resources from 1 bundle.
[INFO]
[INFO] --- resources:3.2.0:resources (default-resources) @ dolphinscheduler-task-sql ---
[INFO] Using 'UTF-8' encoding to copy filtered resources.
[INFO] Using 'UTF-8' encoding to copy filtered properties files.
[INFO] skip non existing resourceDirectory /app/dolphinscheduler-task-plugin/dolphinscheduler-task-sql/src/main/resources
[INFO] Copying 3 resources
[INFO]
[INFO] --- compiler:3.13.0:compile (default-compile) @ dolphinscheduler-task-sql ---
[INFO] Nothing to compile - all classes are up to date.
[INFO]
[INFO] --- spotless:2.27.2:check (default) @ dolphinscheduler-task-sql ---
[INFO] Spotless check skipped
[INFO]
[INFO] -----< org.apache.dolphinscheduler:dolphinscheduler-task-kubeflow >-----
[INFO] Building dolphinscheduler-task-kubeflow 3.4.2-SNAPSHOT          [79/138]
[INFO]   from dolphinscheduler-task-plugin/dolphinscheduler-task-kubeflow/pom.xml
[INFO] --------------------------------[ jar ]---------------------------------
[INFO]
[INFO] --- enforcer:3.0.0:enforce (enforce-maven-version) @ dolphinscheduler-task-kubeflow ---
[INFO]
[INFO] --- enforcer:3.0.0:enforce (enforce-java-version) @ dolphinscheduler-task-kubeflow ---
[INFO]
[INFO] --- remote-resources:1.7.0:process (process-resource-bundles) @ dolphinscheduler-task-kubeflow ---
[INFO] Preparing remote bundle org.apache:apache-jar-resource-bundle:1.4
[INFO] Copying 3 resources from 1 bundle.
[INFO]
[INFO]
[INFO] --- resources:3.2.0:resources (default-resources) @ dolphinscheduler-task-datax ---
[INFO] --- resources:3.2.0:resources (default-resources) @ dolphinscheduler-task-sqoop ---
[INFO] Using 'UTF-8' encoding to copy filtered resources.
[INFO] Using 'UTF-8' encoding to copy filtered properties files.
[INFO] skip non existing resourceDirectory /app/dolphinscheduler-task-plugin/dolphinscheduler-task-sqoop/src/main/resources
[INFO] Copying 3 resources
[INFO]
[INFO] --- compiler:3.13.0:compile (default-compile) @ dolphinscheduler-task-sqoop ---
[INFO] Using 'UTF-8' encoding to copy filtered resources.
[INFO] Using 'UTF-8' encoding to copy filtered properties files.
[INFO] skip non existing resourceDirectory /app/dolphinscheduler-task-plugin/dolphinscheduler-task-datax/src/main/resources
[INFO] Copying 3 resources
[INFO]
[INFO] --- compiler:3.13.0:compile (default-compile) @ dolphinscheduler-task-datax ---
[INFO]
[INFO] --- resources:3.2.0:resources (default-resources) @ dolphinscheduler-task-procedure ---
[INFO] Nothing to compile - all classes are up to date.
[INFO] Using 'UTF-8' encoding to copy filtered resources.
[INFO] Using 'UTF-8' encoding to copy filtered properties files.
[INFO] skip non existing resourceDirectory /app/dolphinscheduler-task-plugin/dolphinscheduler-task-procedure/src/main/resources
[INFO]
[INFO] --- spotless:2.27.2:check (default) @ dolphinscheduler-task-sqoop ---
[INFO] Copying 3 resources
[INFO]
[INFO] --- compiler:3.13.0:compile (default-compile) @ dolphinscheduler-task-procedure ---
[INFO] Spotless check skipped
[INFO]
[INFO] ----< org.apache.dolphinscheduler:dolphinscheduler-datasource-ssh >-----
[INFO] Building dolphinscheduler-datasource-ssh 3.4.2-SNAPSHOT         [80/138]
[INFO]   from dolphinscheduler-datasource-plugin/dolphinscheduler-datasource-ssh/pom.xml
[INFO] --------------------------------[ jar ]---------------------------------
[INFO] Nothing to compile - all classes are up to date.
[INFO]
[INFO] --- spotless:2.27.2:check (default) @ dolphinscheduler-task-datax ---
[INFO] Spotless check skipped
[INFO]
[INFO] --< org.apache.dolphinscheduler:dolphinscheduler-datasource-clickhouse >--
[INFO] Building dolphinscheduler-datasource-clickhouse 3.4.2-SNAPSHOT  [81/138]
[INFO]   from dolphinscheduler-datasource-plugin/dolphinscheduler-datasource-clickhouse/pom.xml
[INFO] --------------------------------[ jar ]---------------------------------
[INFO] Nothing to compile - all classes are up to date.
[INFO]
[INFO] --- spotless:2.27.2:check (default) @ dolphinscheduler-task-procedure ---
[INFO] Spotless check skipped
[INFO]
[INFO] --< org.apache.dolphinscheduler:dolphinscheduler-datasource-databend >--
[INFO] Building dolphinscheduler-datasource-databend 3.4.2-SNAPSHOT    [82/138]
[INFO]   from dolphinscheduler-datasource-plugin/dolphinscheduler-datasource-databend/pom.xml
[INFO] --------------------------------[ jar ]---------------------------------
[INFO]
[INFO] --- enforcer:3.0.0:enforce (enforce-maven-version) @ dolphinscheduler-datasource-ssh ---
[INFO]
[INFO] --- enforcer:3.0.0:enforce (enforce-java-version) @ dolphinscheduler-datasource-ssh ---
[INFO]
[INFO] --- remote-resources:1.7.0:process (process-resource-bundles) @ dolphinscheduler-datasource-ssh ---
[INFO] Preparing remote bundle org.apache:apache-jar-resource-bundle:1.4
[INFO]
[INFO] --- enforcer:3.0.0:enforce (enforce-maven-version) @ dolphinscheduler-datasource-clickhouse ---
[INFO]
[INFO] --- enforcer:3.0.0:enforce (enforce-java-version) @ dolphinscheduler-datasource-clickhouse ---
[INFO]
[INFO] --- remote-resources:1.7.0:process (process-resource-bundles) @ dolphinscheduler-datasource-clickhouse ---
[INFO] Copying 3 resources from 1 bundle.
[INFO] Preparing remote bundle org.apache:apache-jar-resource-bundle:1.4
[INFO] Copying 3 resources from 1 bundle.
[INFO]
[INFO] --- enforcer:3.0.0:enforce (enforce-maven-version) @ dolphinscheduler-datasource-databend ---
[INFO]
[INFO] --- enforcer:3.0.0:enforce (enforce-java-version) @ dolphinscheduler-datasource-databend ---
[INFO]
[INFO] --- remote-resources:1.7.0:process (process-resource-bundles) @ dolphinscheduler-datasource-databend ---
[INFO] Preparing remote bundle org.apache:apache-jar-resource-bundle:1.4
[INFO] Copying 3 resources from 1 bundle.
[INFO]
[INFO] --- resources:3.2.0:resources (default-resources) @ dolphinscheduler-datasource-zeppelin ---
[INFO] Using 'UTF-8' encoding to copy filtered resources.
[INFO] Using 'UTF-8' encoding to copy filtered properties files.
[INFO] skip non existing resourceDirectory /app/dolphinscheduler-datasource-plugin/dolphinscheduler-datasource-zeppelin/src/main/resources
[INFO] Copying 3 resources
[INFO]
[INFO] --- compiler:3.13.0:compile (default-compile) @ dolphinscheduler-datasource-zeppelin ---
[INFO] Nothing to compile - all classes are up to date.
[INFO]
[INFO] --- spotless:2.27.2:check (default) @ dolphinscheduler-datasource-zeppelin ---
[INFO] Spotless check skipped
[INFO]
[INFO] ----< org.apache.dolphinscheduler:dolphinscheduler-datasource-db2 >-----
[INFO] Building dolphinscheduler-datasource-db2 3.4.2-SNAPSHOT         [83/138]
[INFO]   from dolphinscheduler-datasource-plugin/dolphinscheduler-datasource-db2/pom.xml
[INFO] --------------------------------[ jar ]---------------------------------
[INFO]
[INFO] --- enforcer:3.0.0:enforce (enforce-maven-version) @ dolphinscheduler-datasource-db2 ---
[INFO]
[INFO] --- enforcer:3.0.0:enforce (enforce-java-version) @ dolphinscheduler-datasource-db2 ---
[INFO]
[INFO] --- remote-resources:1.7.0:process (process-resource-bundles) @ dolphinscheduler-datasource-db2 ---
[INFO] Preparing remote bundle org.apache:apache-jar-resource-bundle:1.4
[INFO] Copying 3 resources from 1 bundle.
[INFO]
[INFO] --- resources:3.2.0:resources (default-resources) @ dolphinscheduler-datasource-k8s ---
[INFO] Using 'UTF-8' encoding to copy filtered resources.
[INFO] Using 'UTF-8' encoding to copy filtered properties files.
[INFO] skip non existing resourceDirectory /app/dolphinscheduler-datasource-plugin/dolphinscheduler-datasource-k8s/src/main/resources
[INFO] Copying 3 resources
[INFO]
[INFO] --- compiler:3.13.0:compile (default-compile) @ dolphinscheduler-datasource-k8s ---
[INFO] Nothing to compile - all classes are up to date.
[INFO]
[INFO] --- spotless:2.27.2:check (default) @ dolphinscheduler-datasource-k8s ---
[INFO] Spotless check skipped
[INFO]
[INFO] ----< org.apache.dolphinscheduler:dolphinscheduler-datasource-hive >----
[INFO] Building dolphinscheduler-datasource-hive 3.4.2-SNAPSHOT        [84/138]
[INFO]   from dolphinscheduler-datasource-plugin/dolphinscheduler-datasource-hive/pom.xml
[INFO] --------------------------------[ jar ]---------------------------------
[INFO]
[INFO] --- enforcer:3.0.0:enforce (enforce-maven-version) @ dolphinscheduler-datasource-hive ---
[INFO]
[INFO] --- enforcer:3.0.0:enforce (enforce-java-version) @ dolphinscheduler-datasource-hive ---
[INFO]
[INFO] --- remote-resources:1.7.0:process (process-resource-bundles) @ dolphinscheduler-datasource-hive ---
[INFO] Preparing remote bundle org.apache:apache-jar-resource-bundle:1.4
[INFO] Copying 3 resources from 1 bundle.
[INFO]
[INFO] --- resources:3.2.0:resources (default-resources) @ dolphinscheduler-datasource-sagemaker ---
[INFO] Using 'UTF-8' encoding to copy filtered resources.
[INFO] Using 'UTF-8' encoding to copy filtered properties files.
[INFO] skip non existing resourceDirectory /app/dolphinscheduler-datasource-plugin/dolphinscheduler-datasource-sagemaker/src/main/resources
[INFO] Copying 3 resources
[INFO]
[INFO] --- compiler:3.13.0:compile (default-compile) @ dolphinscheduler-datasource-sagemaker ---
[INFO] Nothing to compile - all classes are up to date.
[INFO]
[INFO] --- spotless:2.27.2:check (default) @ dolphinscheduler-datasource-sagemaker ---
[INFO] Spotless check skipped
[INFO]
[INFO] ---< org.apache.dolphinscheduler:dolphinscheduler-datasource-mysql >----
[INFO] Building dolphinscheduler-datasource-mysql 3.4.2-SNAPSHOT       [85/138]
[INFO]   from dolphinscheduler-datasource-plugin/dolphinscheduler-datasource-mysql/pom.xml
[INFO] --------------------------------[ jar ]---------------------------------
[INFO]
[INFO] --- enforcer:3.0.0:enforce (enforce-maven-version) @ dolphinscheduler-datasource-mysql ---
[INFO]
[INFO] --- enforcer:3.0.0:enforce (enforce-java-version) @ dolphinscheduler-datasource-mysql ---
[INFO]
[INFO] --- remote-resources:1.7.0:process (process-resource-bundles) @ dolphinscheduler-datasource-mysql ---
[INFO] Preparing remote bundle org.apache:apache-jar-resource-bundle:1.4
[INFO] Copying 3 resources from 1 bundle.
[INFO]
[INFO] --- resources:3.2.0:resources (default-resources) @ dolphinscheduler-task-kubeflow ---
[INFO] Using 'UTF-8' encoding to copy filtered resources.
[INFO] Using 'UTF-8' encoding to copy filtered properties files.
[INFO] skip non existing resourceDirectory /app/dolphinscheduler-task-plugin/dolphinscheduler-task-kubeflow/src/main/resources
[INFO] Copying 3 resources
[INFO]
[INFO] --- compiler:3.13.0:compile (default-compile) @ dolphinscheduler-task-kubeflow ---
[INFO] Nothing to compile - all classes are up to date.
[INFO]
[INFO] --- spotless:2.27.2:check (default) @ dolphinscheduler-task-kubeflow ---
[INFO] Spotless check skipped
[INFO]
[INFO] --< org.apache.dolphinscheduler:dolphinscheduler-datasource-oceanbase >--
[INFO] Building dolphinscheduler-datasource-oceanbase 3.4.2-SNAPSHOT   [86/138]
[INFO]   from dolphinscheduler-datasource-plugin/dolphinscheduler-datasource-oceanbase/pom.xml
[INFO] --------------------------------[ jar ]---------------------------------
[INFO]
[INFO] --- enforcer:3.0.0:enforce (enforce-maven-version) @ dolphinscheduler-datasource-oceanbase ---
[INFO]
[INFO] --- enforcer:3.0.0:enforce (enforce-java-version) @ dolphinscheduler-datasource-oceanbase ---
[INFO]
[INFO] --- remote-resources:1.7.0:process (process-resource-bundles) @ dolphinscheduler-datasource-oceanbase ---
[INFO] Preparing remote bundle org.apache:apache-jar-resource-bundle:1.4
[INFO] Copying 3 resources from 1 bundle.
[INFO]
[INFO] --- resources:3.2.0:resources (default-resources) @ dolphinscheduler-datasource-clickhouse ---
[INFO] Using 'UTF-8' encoding to copy filtered resources.
[INFO] Using 'UTF-8' encoding to copy filtered properties files.
[INFO] skip non existing resourceDirectory /app/dolphinscheduler-datasource-plugin/dolphinscheduler-datasource-clickhouse/src/main/resources
[INFO] Copying 3 resources
[INFO]
[INFO] --- compiler:3.13.0:compile (default-compile) @ dolphinscheduler-datasource-clickhouse ---
[INFO] Nothing to compile - all classes are up to date.
[INFO]
[INFO] --- spotless:2.27.2:check (default) @ dolphinscheduler-datasource-clickhouse ---
[INFO] Spotless check skipped
[INFO]
[INFO] ---< org.apache.dolphinscheduler:dolphinscheduler-datasource-oracle >---
[INFO] Building dolphinscheduler-datasource-oracle 3.4.2-SNAPSHOT      [87/138]
[INFO]   from dolphinscheduler-datasource-plugin/dolphinscheduler-datasource-oracle/pom.xml
[INFO] --------------------------------[ jar ]---------------------------------
[INFO]
[INFO] --- resources:3.2.0:resources (default-resources) @ dolphinscheduler-datasource-ssh ---
[INFO] Using 'UTF-8' encoding to copy filtered resources.
[INFO] Using 'UTF-8' encoding to copy filtered properties files.
[INFO] skip non existing resourceDirectory /app/dolphinscheduler-datasource-plugin/dolphinscheduler-datasource-ssh/src/main/resources
[INFO] Copying 3 resources
[INFO]
[INFO] --- compiler:3.13.0:compile (default-compile) @ dolphinscheduler-datasource-ssh ---
[INFO]
[INFO] --- enforcer:3.0.0:enforce (enforce-maven-version) @ dolphinscheduler-datasource-oracle ---
[INFO]
[INFO] --- enforcer:3.0.0:enforce (enforce-java-version) @ dolphinscheduler-datasource-oracle ---
[INFO]
[INFO] --- remote-resources:1.7.0:process (process-resource-bundles) @ dolphinscheduler-datasource-oracle ---
[INFO] Nothing to compile - all classes are up to date.
[INFO]
[INFO] --- resources:3.2.0:resources (default-resources) @ dolphinscheduler-datasource-databend ---
[INFO]
[INFO] --- spotless:2.27.2:check (default) @ dolphinscheduler-datasource-ssh ---
[INFO] Using 'UTF-8' encoding to copy filtered resources.
[INFO] Using 'UTF-8' encoding to copy filtered properties files.
[INFO] skip non existing resourceDirectory /app/dolphinscheduler-datasource-plugin/dolphinscheduler-datasource-databend/src/main/resources
[INFO] Copying 3 resources
[INFO]
[INFO] --- compiler:3.13.0:compile (default-compile) @ dolphinscheduler-datasource-databend ---
[INFO] Spotless check skipped
[INFO]
[INFO] --< org.apache.dolphinscheduler:dolphinscheduler-datasource-postgresql >--
[INFO] Building dolphinscheduler-datasource-postgresql 3.4.2-SNAPSHOT  [88/138]
[INFO]   from dolphinscheduler-datasource-plugin/dolphinscheduler-datasource-postgresql/pom.xml
[INFO] --------------------------------[ jar ]---------------------------------
[INFO] Preparing remote bundle org.apache:apache-jar-resource-bundle:1.4
[INFO] Copying 3 resources from 1 bundle.
[INFO] Nothing to compile - all classes are up to date.
[INFO]
[INFO] --- spotless:2.27.2:check (default) @ dolphinscheduler-datasource-databend ---
[INFO] Spotless check skipped
[INFO]
[INFO] --< org.apache.dolphinscheduler:dolphinscheduler-datasource-sqlserver >--
[INFO] Building dolphinscheduler-datasource-sqlserver 3.4.2-SNAPSHOT   [89/138]
[INFO]   from dolphinscheduler-datasource-plugin/dolphinscheduler-datasource-sqlserver/pom.xml
[INFO] --------------------------------[ jar ]---------------------------------
[INFO]
[INFO] --- enforcer:3.0.0:enforce (enforce-maven-version) @ dolphinscheduler-datasource-postgresql ---
[INFO]
[INFO] --- enforcer:3.0.0:enforce (enforce-java-version) @ dolphinscheduler-datasource-postgresql ---
[INFO]
[INFO] --- remote-resources:1.7.0:process (process-resource-bundles) @ dolphinscheduler-datasource-postgresql ---
[INFO] Preparing remote bundle org.apache:apache-jar-resource-bundle:1.4
[INFO] Copying 3 resources from 1 bundle.
[INFO]
[INFO] --- enforcer:3.0.0:enforce (enforce-maven-version) @ dolphinscheduler-datasource-sqlserver ---
[INFO]
[INFO] --- enforcer:3.0.0:enforce (enforce-java-version) @ dolphinscheduler-datasource-sqlserver ---
[INFO]
[INFO] --- remote-resources:1.7.0:process (process-resource-bundles) @ dolphinscheduler-datasource-sqlserver ---
[INFO] Preparing remote bundle org.apache:apache-jar-resource-bundle:1.4
[INFO] Copying 3 resources from 1 bundle.
[INFO]
[INFO] --- resources:3.2.0:resources (default-resources) @ dolphinscheduler-datasource-db2 ---
[INFO] Using 'UTF-8' encoding to copy filtered resources.
[INFO] Using 'UTF-8' encoding to copy filtered properties files.
[INFO] skip non existing resourceDirectory /app/dolphinscheduler-datasource-plugin/dolphinscheduler-datasource-db2/src/main/resources
[INFO] Copying 3 resources
[INFO]
[INFO] --- compiler:3.13.0:compile (default-compile) @ dolphinscheduler-datasource-db2 ---
[INFO] Nothing to compile - all classes are up to date.
[INFO]
[INFO] --- spotless:2.27.2:check (default) @ dolphinscheduler-datasource-db2 ---
[INFO] Spotless check skipped
[INFO]
[INFO] --< org.apache.dolphinscheduler:dolphinscheduler-datasource-redshift >--
[INFO] Building dolphinscheduler-datasource-redshift 3.4.2-SNAPSHOT    [90/138]
[INFO]   from dolphinscheduler-datasource-plugin/dolphinscheduler-datasource-redshift/pom.xml
[INFO] --------------------------------[ jar ]---------------------------------
[INFO]
[INFO] --- enforcer:3.0.0:enforce (enforce-maven-version) @ dolphinscheduler-datasource-redshift ---
[INFO]
[INFO] --- enforcer:3.0.0:enforce (enforce-java-version) @ dolphinscheduler-datasource-redshift ---
[INFO]
[INFO] --- remote-resources:1.7.0:process (process-resource-bundles) @ dolphinscheduler-datasource-redshift ---
[INFO] Preparing remote bundle org.apache:apache-jar-resource-bundle:1.4
[INFO] Copying 3 resources from 1 bundle.
[INFO]
[INFO] --- resources:3.2.0:resources (default-resources) @ dolphinscheduler-task-chunjun ---
[INFO] Using 'UTF-8' encoding to copy filtered resources.
[INFO] Using 'UTF-8' encoding to copy filtered properties files.
[INFO] skip non existing resourceDirectory /app/dolphinscheduler-task-plugin/dolphinscheduler-task-chunjun/src/main/resources
[INFO] Copying 3 resources
[INFO]
[INFO] --- compiler:3.13.0:compile (default-compile) @ dolphinscheduler-task-chunjun ---
[INFO] Nothing to compile - all classes are up to date.
[INFO]
[INFO] --- spotless:2.27.2:check (default) @ dolphinscheduler-task-chunjun ---
[INFO] Spotless check skipped
[INFO]
[INFO] ---< org.apache.dolphinscheduler:dolphinscheduler-datasource-athena >---
[INFO] Building dolphinscheduler-datasource-athena 3.4.2-SNAPSHOT      [91/138]
[INFO]   from dolphinscheduler-datasource-plugin/dolphinscheduler-datasource-athena/pom.xml
[INFO] --------------------------------[ jar ]---------------------------------
[INFO]
[INFO] --- enforcer:3.0.0:enforce (enforce-maven-version) @ dolphinscheduler-datasource-athena ---
[INFO]
[INFO] --- enforcer:3.0.0:enforce (enforce-java-version) @ dolphinscheduler-datasource-athena ---
[INFO]
[INFO] --- remote-resources:1.7.0:process (process-resource-bundles) @ dolphinscheduler-datasource-athena ---
[INFO] Preparing remote bundle org.apache:apache-jar-resource-bundle:1.4
[INFO] Copying 3 resources from 1 bundle.
[INFO]
[INFO] --- resources:3.2.0:resources (default-resources) @ dolphinscheduler-datasource-mysql ---
[INFO] Using 'UTF-8' encoding to copy filtered resources.
[INFO] Using 'UTF-8' encoding to copy filtered properties files.
[INFO] skip non existing resourceDirectory /app/dolphinscheduler-datasource-plugin/dolphinscheduler-datasource-mysql/src/main/resources
[INFO] Copying 3 resources
[INFO]
[INFO] --- compiler:3.13.0:compile (default-compile) @ dolphinscheduler-datasource-mysql ---
[INFO] Nothing to compile - all classes are up to date.
[INFO]
[INFO] --- spotless:2.27.2:check (default) @ dolphinscheduler-datasource-mysql ---
[INFO] Spotless check skipped
[INFO]
[INFO] ---< org.apache.dolphinscheduler:dolphinscheduler-datasource-presto >---
[INFO] Building dolphinscheduler-datasource-presto 3.4.2-SNAPSHOT      [92/138]
[INFO]   from dolphinscheduler-datasource-plugin/dolphinscheduler-datasource-presto/pom.xml
[INFO] --------------------------------[ jar ]---------------------------------
[INFO]
[INFO] --- enforcer:3.0.0:enforce (enforce-maven-version) @ dolphinscheduler-datasource-presto ---
[INFO]
[INFO] --- enforcer:3.0.0:enforce (enforce-java-version) @ dolphinscheduler-datasource-presto ---
[INFO]
[INFO] --- remote-resources:1.7.0:process (process-resource-bundles) @ dolphinscheduler-datasource-presto ---
[INFO] Preparing remote bundle org.apache:apache-jar-resource-bundle:1.4
[INFO] Copying 3 resources from 1 bundle.
[INFO]
[INFO] --- resources:3.2.0:resources (default-resources) @ dolphinscheduler-datasource-oceanbase ---
[INFO] Using 'UTF-8' encoding to copy filtered resources.
[INFO] Using 'UTF-8' encoding to copy filtered properties files.
[INFO] skip non existing resourceDirectory /app/dolphinscheduler-datasource-plugin/dolphinscheduler-datasource-oceanbase/src/main/resources
[INFO] Copying 3 resources
[INFO]
[INFO] --- compiler:3.13.0:compile (default-compile) @ dolphinscheduler-datasource-oceanbase ---
[INFO]
[INFO] --- resources:3.2.0:resources (default-resources) @ dolphinscheduler-datasource-oracle ---
[INFO] Using 'UTF-8' encoding to copy filtered resources.
[INFO] Using 'UTF-8' encoding to copy filtered properties files.
[INFO] skip non existing resourceDirectory /app/dolphinscheduler-datasource-plugin/dolphinscheduler-datasource-oracle/src/main/resources
[INFO] Copying 3 resources
[INFO]
[INFO] --- compiler:3.13.0:compile (default-compile) @ dolphinscheduler-datasource-oracle ---
[INFO] Nothing to compile - all classes are up to date.
[INFO]
[INFO] --- spotless:2.27.2:check (default) @ dolphinscheduler-datasource-oceanbase ---
[INFO] Spotless check skipped
[INFO]
[INFO] ---< org.apache.dolphinscheduler:dolphinscheduler-datasource-trino >----
[INFO] Building dolphinscheduler-datasource-trino 3.4.2-SNAPSHOT       [93/138]
[INFO]   from dolphinscheduler-datasource-plugin/dolphinscheduler-datasource-trino/pom.xml
[INFO] --------------------------------[ jar ]---------------------------------
[INFO] Nothing to compile - all classes are up to date.
[INFO]
[INFO] --- spotless:2.27.2:check (default) @ dolphinscheduler-datasource-oracle ---
[INFO] Spotless check skipped
[INFO]
[INFO] --< org.apache.dolphinscheduler:dolphinscheduler-datasource-starrocks >--
[INFO] Building dolphinscheduler-datasource-starrocks 3.4.2-SNAPSHOT   [94/138]
[INFO]   from dolphinscheduler-datasource-plugin/dolphinscheduler-datasource-starrocks/pom.xml
[INFO] --------------------------------[ jar ]---------------------------------
[INFO]
[INFO] --- resources:3.2.0:resources (default-resources) @ dolphinscheduler-datasource-postgresql ---
[INFO] Using 'UTF-8' encoding to copy filtered resources.
[INFO] Using 'UTF-8' encoding to copy filtered properties files.
[INFO] skip non existing resourceDirectory /app/dolphinscheduler-datasource-plugin/dolphinscheduler-datasource-postgresql/src/main/resources
[INFO] Copying 3 resources
[INFO]
[INFO] --- compiler:3.13.0:compile (default-compile) @ dolphinscheduler-datasource-postgresql ---
[INFO]
[INFO] --- enforcer:3.0.0:enforce (enforce-maven-version) @ dolphinscheduler-datasource-trino ---
[INFO]
[INFO] --- enforcer:3.0.0:enforce (enforce-java-version) @ dolphinscheduler-datasource-trino ---
[INFO]
[INFO] --- remote-resources:1.7.0:process (process-resource-bundles) @ dolphinscheduler-datasource-trino ---
[INFO]
[INFO] --- enforcer:3.0.0:enforce (enforce-maven-version) @ dolphinscheduler-datasource-starrocks ---
[INFO]
[INFO] --- enforcer:3.0.0:enforce (enforce-java-version) @ dolphinscheduler-datasource-starrocks ---
[INFO]
[INFO] --- remote-resources:1.7.0:process (process-resource-bundles) @ dolphinscheduler-datasource-starrocks ---
[INFO] Preparing remote bundle org.apache:apache-jar-resource-bundle:1.4
[INFO] Preparing remote bundle org.apache:apache-jar-resource-bundle:1.4
[INFO] Nothing to compile - all classes are up to date.
[INFO]
[INFO] --- spotless:2.27.2:check (default) @ dolphinscheduler-datasource-postgresql ---
[INFO] Spotless check skipped
[INFO]
[INFO] --< org.apache.dolphinscheduler:dolphinscheduler-datasource-azure-sql >--
[INFO] Building dolphinscheduler-datasource-azure-sql 3.4.2-SNAPSHOT   [95/138]
[INFO]   from dolphinscheduler-datasource-plugin/dolphinscheduler-datasource-azure-sql/pom.xml
[INFO] --------------------------------[ jar ]---------------------------------
[INFO] Copying 3 resources from 1 bundle.
[INFO] Copying 3 resources from 1 bundle.
[INFO]
[INFO] --- resources:3.2.0:resources (default-resources) @ dolphinscheduler-datasource-redshift ---
[INFO] Using 'UTF-8' encoding to copy filtered resources.
[INFO] Using 'UTF-8' encoding to copy filtered properties files.
[INFO] skip non existing resourceDirectory /app/dolphinscheduler-datasource-plugin/dolphinscheduler-datasource-redshift/src/main/resources
[INFO] Copying 3 resources
[INFO]
[INFO] --- compiler:3.13.0:compile (default-compile) @ dolphinscheduler-datasource-redshift ---
[INFO]
[INFO] --- enforcer:3.0.0:enforce (enforce-maven-version) @ dolphinscheduler-datasource-azure-sql ---
[INFO]
[INFO] --- enforcer:3.0.0:enforce (enforce-java-version) @ dolphinscheduler-datasource-azure-sql ---
[INFO]
[INFO] --- remote-resources:1.7.0:process (process-resource-bundles) @ dolphinscheduler-datasource-azure-sql ---
[INFO] Preparing remote bundle org.apache:apache-jar-resource-bundle:1.4
[INFO] Copying 3 resources from 1 bundle.
[INFO] Nothing to compile - all classes are up to date.
[INFO]
[INFO] --- spotless:2.27.2:check (default) @ dolphinscheduler-datasource-redshift ---
[INFO] Spotless check skipped
[INFO]
[INFO] ---< org.apache.dolphinscheduler:dolphinscheduler-datasource-dameng >---
[INFO] Building dolphinscheduler-datasource-dameng 3.4.2-SNAPSHOT      [96/138]
[INFO]   from dolphinscheduler-datasource-plugin/dolphinscheduler-datasource-dameng/pom.xml
[INFO] --------------------------------[ jar ]---------------------------------
[INFO]
[INFO] --- resources:3.2.0:resources (default-resources) @ dolphinscheduler-datasource-sqlserver ---
[INFO] Using 'UTF-8' encoding to copy filtered resources.
[INFO] Using 'UTF-8' encoding to copy filtered properties files.
[INFO] skip non existing resourceDirectory /app/dolphinscheduler-datasource-plugin/dolphinscheduler-datasource-sqlserver/src/main/resources
[INFO] Copying 3 resources
[INFO]
[INFO] --- compiler:3.13.0:compile (default-compile) @ dolphinscheduler-datasource-sqlserver ---
[INFO] Nothing to compile - all classes are up to date.
[INFO]
[INFO] --- spotless:2.27.2:check (default) @ dolphinscheduler-datasource-sqlserver ---
[INFO] Spotless check skipped
[INFO]
[INFO] --< org.apache.dolphinscheduler:dolphinscheduler-datasource-snowflake >--
[INFO] Building dolphinscheduler-datasource-snowflake 3.4.2-SNAPSHOT   [97/138]
[INFO]   from dolphinscheduler-datasource-plugin/dolphinscheduler-datasource-snowflake/pom.xml
[INFO] --------------------------------[ jar ]---------------------------------
[INFO]
[INFO] --- enforcer:3.0.0:enforce (enforce-maven-version) @ dolphinscheduler-datasource-dameng ---
[INFO]
[INFO] --- enforcer:3.0.0:enforce (enforce-java-version) @ dolphinscheduler-datasource-dameng ---
[INFO]
[INFO] --- remote-resources:1.7.0:process (process-resource-bundles) @ dolphinscheduler-datasource-dameng ---
[INFO] Preparing remote bundle org.apache:apache-jar-resource-bundle:1.4
[INFO] Copying 3 resources from 1 bundle.
[INFO]
[INFO] --- enforcer:3.0.0:enforce (enforce-maven-version) @ dolphinscheduler-datasource-snowflake ---
[INFO]
[INFO] --- enforcer:3.0.0:enforce (enforce-java-version) @ dolphinscheduler-datasource-snowflake ---
[INFO]
[INFO] --- remote-resources:1.7.0:process (process-resource-bundles) @ dolphinscheduler-datasource-snowflake ---
[INFO] Preparing remote bundle org.apache:apache-jar-resource-bundle:1.4
[INFO] Copying 3 resources from 1 bundle.
[INFO]
[INFO] --- resources:3.2.0:resources (default-resources) @ dolphinscheduler-datasource-athena ---
[INFO] Using 'UTF-8' encoding to copy filtered resources.
[INFO] Using 'UTF-8' encoding to copy filtered properties files.
[INFO] skip non existing resourceDirectory /app/dolphinscheduler-datasource-plugin/dolphinscheduler-datasource-athena/src/main/resources
[INFO] Copying 3 resources
[INFO]
[INFO] --- compiler:3.13.0:compile (default-compile) @ dolphinscheduler-datasource-athena ---
[INFO]
[INFO] --- resources:3.2.0:resources (default-resources) @ dolphinscheduler-datasource-hive ---
[INFO] Using 'UTF-8' encoding to copy filtered resources.
[INFO] Using 'UTF-8' encoding to copy filtered properties files.
[INFO] skip non existing resourceDirectory /app/dolphinscheduler-datasource-plugin/dolphinscheduler-datasource-hive/src/main/resources
[INFO] Copying 3 resources
[INFO]
[INFO] --- compiler:3.13.0:compile (default-compile) @ dolphinscheduler-datasource-hive ---
[INFO] Nothing to compile - all classes are up to date.
[INFO]
[INFO] --- spotless:2.27.2:check (default) @ dolphinscheduler-datasource-athena ---
[INFO] Nothing to compile - all classes are up to date.
[INFO]
[INFO] --- spotless:2.27.2:check (default) @ dolphinscheduler-datasource-hive ---
[INFO] Spotless check skipped
[INFO]
[INFO] ---< org.apache.dolphinscheduler:dolphinscheduler-datasource-kyuubi >---
[INFO] Building dolphinscheduler-datasource-kyuubi 3.4.2-SNAPSHOT      [98/138]
[INFO]   from dolphinscheduler-datasource-plugin/dolphinscheduler-datasource-kyuubi/pom.xml
[INFO] --------------------------------[ jar ]---------------------------------
[INFO] Spotless check skipped
[INFO]
[INFO] --< org.apache.dolphinscheduler:dolphinscheduler-datasource-vertica >---
[INFO] Building dolphinscheduler-datasource-vertica 3.4.2-SNAPSHOT     [99/138]
[INFO]   from dolphinscheduler-datasource-plugin/dolphinscheduler-datasource-vertica/pom.xml
[INFO] --------------------------------[ jar ]---------------------------------
[INFO]
[INFO] --- enforcer:3.0.0:enforce (enforce-maven-version) @ dolphinscheduler-datasource-vertica ---
[INFO]
[INFO] --- enforcer:3.0.0:enforce (enforce-java-version) @ dolphinscheduler-datasource-vertica ---
[INFO]
[INFO] --- remote-resources:1.7.0:process (process-resource-bundles) @ dolphinscheduler-datasource-vertica ---
[INFO] Preparing remote bundle org.apache:apache-jar-resource-bundle:1.4
[INFO]
[INFO] --- enforcer:3.0.0:enforce (enforce-maven-version) @ dolphinscheduler-datasource-kyuubi ---
[INFO]
[INFO] --- enforcer:3.0.0:enforce (enforce-java-version) @ dolphinscheduler-datasource-kyuubi ---
[INFO] Copying 3 resources from 1 bundle.
[INFO]
[INFO] --- remote-resources:1.7.0:process (process-resource-bundles) @ dolphinscheduler-datasource-kyuubi ---
[INFO] Preparing remote bundle org.apache:apache-jar-resource-bundle:1.4
[INFO] Copying 3 resources from 1 bundle.
[INFO]
[INFO] --- resources:3.2.0:resources (default-resources) @ dolphinscheduler-datasource-presto ---
[INFO] Using 'UTF-8' encoding to copy filtered resources.
[INFO] Using 'UTF-8' encoding to copy filtered properties files.
[INFO] skip non existing resourceDirectory /app/dolphinscheduler-datasource-plugin/dolphinscheduler-datasource-presto/src/main/resources
[INFO] Copying 3 resources
[INFO]
[INFO] --- compiler:3.13.0:compile (default-compile) @ dolphinscheduler-datasource-presto ---
[INFO] Nothing to compile - all classes are up to date.
[INFO]
[INFO] --- spotless:2.27.2:check (default) @ dolphinscheduler-datasource-presto ---
[INFO] Spotless check skipped
[INFO]
[INFO] ---< org.apache.dolphinscheduler:dolphinscheduler-datasource-doris >----
[INFO] Building dolphinscheduler-datasource-doris 3.4.2-SNAPSHOT      [100/138]
[INFO]   from dolphinscheduler-datasource-plugin/dolphinscheduler-datasource-doris/pom.xml
[INFO] --------------------------------[ jar ]---------------------------------
[INFO]
[INFO] --- enforcer:3.0.0:enforce (enforce-maven-version) @ dolphinscheduler-datasource-doris ---
[INFO]
[INFO] --- enforcer:3.0.0:enforce (enforce-java-version) @ dolphinscheduler-datasource-doris ---
[INFO]
[INFO] --- remote-resources:1.7.0:process (process-resource-bundles) @ dolphinscheduler-datasource-doris ---
[INFO] Preparing remote bundle org.apache:apache-jar-resource-bundle:1.4
[INFO] Copying 3 resources from 1 bundle.
[INFO]
[INFO] --- resources:3.2.0:resources (default-resources) @ dolphinscheduler-datasource-trino ---
[INFO] Using 'UTF-8' encoding to copy filtered resources.
[INFO] Using 'UTF-8' encoding to copy filtered properties files.
[INFO] skip non existing resourceDirectory /app/dolphinscheduler-datasource-plugin/dolphinscheduler-datasource-trino/src/main/resources
[INFO] Copying 3 resources
[INFO]
[INFO] --- compiler:3.13.0:compile (default-compile) @ dolphinscheduler-datasource-trino ---
[INFO] Nothing to compile - all classes are up to date.
[INFO]
[INFO] --- spotless:2.27.2:check (default) @ dolphinscheduler-datasource-trino ---
[INFO] Spotless check skipped
[INFO]
[INFO] ----< org.apache.dolphinscheduler:dolphinscheduler-datasource-hana >----
[INFO] Building dolphinscheduler-datasource-hana 3.4.2-SNAPSHOT       [101/138]
[INFO]   from dolphinscheduler-datasource-plugin/dolphinscheduler-datasource-hana/pom.xml
[INFO] --------------------------------[ jar ]---------------------------------
[INFO]
[INFO] --- resources:3.2.0:resources (default-resources) @ dolphinscheduler-datasource-starrocks ---
[INFO] Using 'UTF-8' encoding to copy filtered resources.
[INFO] Using 'UTF-8' encoding to copy filtered properties files.
[INFO] skip non existing resourceDirectory /app/dolphinscheduler-datasource-plugin/dolphinscheduler-datasource-starrocks/src/main/resources
[INFO] Copying 3 resources
[INFO]
[INFO] --- compiler:3.13.0:compile (default-compile) @ dolphinscheduler-datasource-starrocks ---
[INFO] Nothing to compile - all classes are up to date.
[INFO]
[INFO] --- spotless:2.27.2:check (default) @ dolphinscheduler-datasource-starrocks ---
[INFO] Spotless check skipped
[INFO]
[INFO] --< org.apache.dolphinscheduler:dolphinscheduler-datasource-aliyunserverlessspark >--
[INFO] Building dolphinscheduler-datasource-aliyunserverlessspark 3.4.2-SNAPSHOT [102/138]
[INFO]   from dolphinscheduler-datasource-plugin/dolphinscheduler-datasource-aliyunserverlessspark/pom.xml
[INFO] --------------------------------[ jar ]---------------------------------
[INFO]
[INFO] --- enforcer:3.0.0:enforce (enforce-maven-version) @ dolphinscheduler-datasource-hana ---
[INFO]
[INFO] --- enforcer:3.0.0:enforce (enforce-java-version) @ dolphinscheduler-datasource-hana ---
[INFO]
[INFO] --- remote-resources:1.7.0:process (process-resource-bundles) @ dolphinscheduler-datasource-hana ---
[INFO] Preparing remote bundle org.apache:apache-jar-resource-bundle:1.4
[INFO] Copying 3 resources from 1 bundle.
[INFO]
[INFO] --- enforcer:3.0.0:enforce (enforce-maven-version) @ dolphinscheduler-datasource-aliyunserverlessspark ---
[INFO]
[INFO] --- enforcer:3.0.0:enforce (enforce-java-version) @ dolphinscheduler-datasource-aliyunserverlessspark ---
[INFO]
[INFO] --- remote-resources:1.7.0:process (process-resource-bundles) @ dolphinscheduler-datasource-aliyunserverlessspark ---
[INFO] Preparing remote bundle org.apache:apache-jar-resource-bundle:1.4
[INFO] Copying 3 resources from 1 bundle.
[INFO]
[INFO] --- resources:3.2.0:resources (default-resources) @ dolphinscheduler-datasource-dameng ---
[INFO] Using 'UTF-8' encoding to copy filtered resources.
[INFO] Using 'UTF-8' encoding to copy filtered properties files.
[INFO] skip non existing resourceDirectory /app/dolphinscheduler-datasource-plugin/dolphinscheduler-datasource-dameng/src/main/resources
[INFO] Copying 3 resources
[INFO]
[INFO] --- compiler:3.13.0:compile (default-compile) @ dolphinscheduler-datasource-dameng ---
[INFO] Nothing to compile - all classes are up to date.
[INFO]
[INFO] --- spotless:2.27.2:check (default) @ dolphinscheduler-datasource-dameng ---
[INFO] Spotless check skipped
[INFO]
[INFO] --< org.apache.dolphinscheduler:dolphinscheduler-datasource-dolphindb >--
[INFO] Building dolphinscheduler-datasource-dolphindb 3.4.2-SNAPSHOT  [103/138]
[INFO]   from dolphinscheduler-datasource-plugin/dolphinscheduler-datasource-dolphindb/pom.xml
[INFO] --------------------------------[ jar ]---------------------------------
[INFO]
[INFO] --- enforcer:3.0.0:enforce (enforce-maven-version) @ dolphinscheduler-datasource-dolphindb ---
[INFO]
[INFO] --- enforcer:3.0.0:enforce (enforce-java-version) @ dolphinscheduler-datasource-dolphindb ---
[INFO]
[INFO] --- remote-resources:1.7.0:process (process-resource-bundles) @ dolphinscheduler-datasource-dolphindb ---
[INFO]
[INFO] --- resources:3.2.0:resources (default-resources) @ dolphinscheduler-datasource-snowflake ---
[INFO] Preparing remote bundle org.apache:apache-jar-resource-bundle:1.4
[INFO] Using 'UTF-8' encoding to copy filtered resources.
[INFO] Using 'UTF-8' encoding to copy filtered properties files.
[INFO] skip non existing resourceDirectory /app/dolphinscheduler-datasource-plugin/dolphinscheduler-datasource-snowflake/src/main/resources
[INFO] Copying 3 resources
[INFO]
[INFO] --- compiler:3.13.0:compile (default-compile) @ dolphinscheduler-datasource-snowflake ---
[INFO] Copying 3 resources from 1 bundle.
[INFO]
[INFO] --- resources:3.2.0:resources (default-resources) @ dolphinscheduler-datasource-azure-sql ---
[INFO] Using 'UTF-8' encoding to copy filtered resources.
[INFO] Using 'UTF-8' encoding to copy filtered properties files.
[INFO] skip non existing resourceDirectory /app/dolphinscheduler-datasource-plugin/dolphinscheduler-datasource-azure-sql/src/main/resources
[INFO] Copying 3 resources
[INFO]
[INFO] --- compiler:3.13.0:compile (default-compile) @ dolphinscheduler-datasource-azure-sql ---
[INFO] Nothing to compile - all classes are up to date.
[INFO]
[INFO] --- spotless:2.27.2:check (default) @ dolphinscheduler-datasource-snowflake ---
[INFO] Spotless check skipped
[INFO]
[INFO] -----< org.apache.dolphinscheduler:dolphinscheduler-storage-hdfs >------
[INFO] Building dolphinscheduler-storage-hdfs 3.4.2-SNAPSHOT          [104/138]
[INFO]   from dolphinscheduler-storage-plugin/dolphinscheduler-storage-hdfs/pom.xml
[INFO] --------------------------------[ jar ]---------------------------------
[INFO] Nothing to compile - all classes are up to date.
[INFO]
[INFO] --- spotless:2.27.2:check (default) @ dolphinscheduler-datasource-azure-sql ---
[INFO] Spotless check skipped
[INFO]
[INFO] -------< org.apache.dolphinscheduler:dolphinscheduler-alert-all >-------
[INFO] Building dolphinscheduler-alert-all 3.4.2-SNAPSHOT             [105/138]
[INFO]   from dolphinscheduler-alert/dolphinscheduler-alert-plugins/dolphinscheduler-alert-all/pom.xml
[INFO] --------------------------------[ jar ]---------------------------------
[INFO]
[INFO] --- enforcer:3.0.0:enforce (enforce-maven-version) @ dolphinscheduler-alert-all ---
[INFO]
[INFO] --- enforcer:3.0.0:enforce (enforce-java-version) @ dolphinscheduler-alert-all ---
[INFO]
[INFO] --- remote-resources:1.7.0:process (process-resource-bundles) @ dolphinscheduler-alert-all ---
[INFO] Preparing remote bundle org.apache:apache-jar-resource-bundle:1.4
[INFO] Copying 3 resources from 1 bundle.
[INFO]
[INFO] --- enforcer:3.0.0:enforce (enforce-maven-version) @ dolphinscheduler-storage-hdfs ---
[INFO]
[INFO] --- enforcer:3.0.0:enforce (enforce-java-version) @ dolphinscheduler-storage-hdfs ---
[INFO]
[INFO] --- remote-resources:1.7.0:process (process-resource-bundles) @ dolphinscheduler-storage-hdfs ---
[INFO] Preparing remote bundle org.apache:apache-jar-resource-bundle:1.4
[INFO] Copying 3 resources from 1 bundle.
[INFO]
[INFO] --- resources:3.2.0:resources (default-resources) @ dolphinscheduler-alert-all ---
[INFO] Using 'UTF-8' encoding to copy filtered resources.
[INFO] Using 'UTF-8' encoding to copy filtered properties files.
[INFO] skip non existing resourceDirectory /app/dolphinscheduler-alert/dolphinscheduler-alert-plugins/dolphinscheduler-alert-all/src/main/resources
[INFO] Copying 3 resources
[INFO]
[INFO] --- compiler:3.13.0:compile (default-compile) @ dolphinscheduler-alert-all ---
[INFO] No sources to compile
[INFO]
[INFO] --- spotless:2.27.2:check (default) @ dolphinscheduler-alert-all ---
[INFO] Spotless check skipped
[INFO]
[INFO] ---< org.apache.dolphinscheduler:dolphinscheduler-task-flink-stream >---
[INFO] Building dolphinscheduler-task-flink-stream 3.4.2-SNAPSHOT     [106/138]
[INFO]   from dolphinscheduler-task-plugin/dolphinscheduler-task-flink-stream/pom.xml
[INFO] --------------------------------[ jar ]---------------------------------
[INFO]
[INFO] --- enforcer:3.0.0:enforce (enforce-maven-version) @ dolphinscheduler-task-flink-stream ---
[INFO]
[INFO] --- enforcer:3.0.0:enforce (enforce-java-version) @ dolphinscheduler-task-flink-stream ---
[INFO]
[INFO] --- remote-resources:1.7.0:process (process-resource-bundles) @ dolphinscheduler-task-flink-stream ---
[INFO] Preparing remote bundle org.apache:apache-jar-resource-bundle:1.4
[INFO] Copying 3 resources from 1 bundle.
[INFO]
[INFO] --- resources:3.2.0:resources (default-resources) @ dolphinscheduler-datasource-vertica ---
[INFO] Using 'UTF-8' encoding to copy filtered resources.
[INFO] Using 'UTF-8' encoding to copy filtered properties files.
[INFO] skip non existing resourceDirectory /app/dolphinscheduler-datasource-plugin/dolphinscheduler-datasource-vertica/src/main/resources
[INFO] Copying 3 resources
[INFO]
[INFO] --- compiler:3.13.0:compile (default-compile) @ dolphinscheduler-datasource-vertica ---
[INFO] Nothing to compile - all classes are up to date.
[INFO]
[INFO] --- spotless:2.27.2:check (default) @ dolphinscheduler-datasource-vertica ---
[INFO] Spotless check skipped
[INFO]
[INFO] -----< org.apache.dolphinscheduler:dolphinscheduler-scheduler-api >-----
[INFO] Building dolphinscheduler-scheduler-api 3.4.2-SNAPSHOT         [107/138]
[INFO]   from dolphinscheduler-scheduler-plugin/dolphinscheduler-scheduler-api/pom.xml
[INFO] --------------------------------[ jar ]---------------------------------
[INFO]
[INFO] --- resources:3.2.0:resources (default-resources) @ dolphinscheduler-datasource-kyuubi ---
[INFO] Using 'UTF-8' encoding to copy filtered resources.
[INFO] Using 'UTF-8' encoding to copy filtered properties files.
[INFO] skip non existing resourceDirectory /app/dolphinscheduler-datasource-plugin/dolphinscheduler-datasource-kyuubi/src/main/resources
[INFO] Copying 3 resources
[INFO]
[INFO] --- compiler:3.13.0:compile (default-compile) @ dolphinscheduler-datasource-kyuubi ---
[INFO] Nothing to compile - all classes are up to date.
[INFO]
[INFO] --- spotless:2.27.2:check (default) @ dolphinscheduler-datasource-kyuubi ---
[INFO] Spotless check skipped
[INFO]
[INFO] --- enforcer:3.0.0:enforce (enforce-maven-version) @ dolphinscheduler-scheduler-api ---
[INFO]
[INFO] --- enforcer:3.0.0:enforce (enforce-java-version) @ dolphinscheduler-scheduler-api ---
[INFO]
[INFO] --- remote-resources:1.7.0:process (process-resource-bundles) @ dolphinscheduler-scheduler-api ---
[INFO]
[INFO] -----< org.apache.dolphinscheduler:dolphinscheduler-task-openmldb >-----
[INFO] Building dolphinscheduler-task-openmldb 3.4.2-SNAPSHOT         [108/138]
[INFO]   from dolphinscheduler-task-plugin/dolphinscheduler-task-openmldb/pom.xml
[INFO] --------------------------------[ jar ]---------------------------------
[INFO] Preparing remote bundle org.apache:apache-jar-resource-bundle:1.4
[INFO] Copying 3 resources from 1 bundle.
[INFO]
[INFO] --- enforcer:3.0.0:enforce (enforce-maven-version) @ dolphinscheduler-task-openmldb ---
[INFO]
[INFO] --- enforcer:3.0.0:enforce (enforce-java-version) @ dolphinscheduler-task-openmldb ---
[INFO]
[INFO] --- remote-resources:1.7.0:process (process-resource-bundles) @ dolphinscheduler-task-openmldb ---
[INFO] Preparing remote bundle org.apache:apache-jar-resource-bundle:1.4
[INFO] Copying 3 resources from 1 bundle.
[INFO]
[INFO] --- resources:3.2.0:resources (default-resources) @ dolphinscheduler-datasource-doris ---
[INFO] Using 'UTF-8' encoding to copy filtered resources.
[INFO] Using 'UTF-8' encoding to copy filtered properties files.
[INFO] skip non existing resourceDirectory /app/dolphinscheduler-datasource-plugin/dolphinscheduler-datasource-doris/src/main/resources
[INFO] Copying 3 resources
[INFO]
[INFO] --- compiler:3.13.0:compile (default-compile) @ dolphinscheduler-datasource-doris ---
[INFO] Nothing to compile - all classes are up to date.
[INFO]
[INFO] --- spotless:2.27.2:check (default) @ dolphinscheduler-datasource-doris ---
[INFO] Spotless check skipped
[INFO]
[INFO] -----< org.apache.dolphinscheduler:dolphinscheduler-registry-api >------
[INFO] Building dolphinscheduler-registry-api 3.4.2-SNAPSHOT          [109/138]
[INFO]   from dolphinscheduler-registry/dolphinscheduler-registry-api/pom.xml
[INFO] --------------------------------[ jar ]---------------------------------
[INFO]
[INFO] --- enforcer:3.0.0:enforce (enforce-maven-version) @ dolphinscheduler-registry-api ---
[INFO]
[INFO] --- enforcer:3.0.0:enforce (enforce-java-version) @ dolphinscheduler-registry-api ---
[INFO]
[INFO] --- remote-resources:1.7.0:process (process-resource-bundles) @ dolphinscheduler-registry-api ---
[INFO] Preparing remote bundle org.apache:apache-jar-resource-bundle:1.4
[INFO] Copying 3 resources from 1 bundle.
[INFO]
[INFO] --- resources:3.2.0:resources (default-resources) @ dolphinscheduler-datasource-aliyunserverlessspark ---
[INFO] Using 'UTF-8' encoding to copy filtered resources.
[INFO] Using 'UTF-8' encoding to copy filtered properties files.
[INFO] skip non existing resourceDirectory /app/dolphinscheduler-datasource-plugin/dolphinscheduler-datasource-aliyunserverlessspark/src/main/resources
[INFO] Copying 3 resources
[INFO]
[INFO] --- compiler:3.13.0:compile (default-compile) @ dolphinscheduler-datasource-aliyunserverlessspark ---
[INFO] Nothing to compile - all classes are up to date.
[INFO]
[INFO] --- spotless:2.27.2:check (default) @ dolphinscheduler-datasource-aliyunserverlessspark ---
[INFO]
[INFO] --- resources:3.2.0:resources (default-resources) @ dolphinscheduler-datasource-hana ---
[INFO] Using 'UTF-8' encoding to copy filtered resources.
[INFO] Using 'UTF-8' encoding to copy filtered properties files.
[INFO] skip non existing resourceDirectory /app/dolphinscheduler-datasource-plugin/dolphinscheduler-datasource-hana/src/main/resources
[INFO] Copying 3 resources
[INFO]
[INFO] --- compiler:3.13.0:compile (default-compile) @ dolphinscheduler-datasource-hana ---
[INFO] Spotless check skipped
[INFO]
[INFO] -----< org.apache.dolphinscheduler:dolphinscheduler-extract-alert >-----
[INFO] Building dolphinscheduler-extract-alert 3.4.2-SNAPSHOT         [110/138]
[INFO]   from dolphinscheduler-extract/dolphinscheduler-extract-alert/pom.xml
[INFO] --------------------------------[ jar ]---------------------------------
[INFO] Nothing to compile - all classes are up to date.
[INFO]
[INFO] --- spotless:2.27.2:check (default) @ dolphinscheduler-datasource-hana ---
[INFO] Spotless check skipped
[INFO]
[INFO] ----< org.apache.dolphinscheduler:dolphinscheduler-extract-common >-----
[INFO] Building dolphinscheduler-extract-common 3.4.2-SNAPSHOT        [111/138]
[INFO]   from dolphinscheduler-extract/dolphinscheduler-extract-common/pom.xml
[INFO] --------------------------------[ jar ]---------------------------------
[INFO]
[INFO] --- enforcer:3.0.0:enforce (enforce-maven-version) @ dolphinscheduler-extract-alert ---
[INFO]
[INFO] --- enforcer:3.0.0:enforce (enforce-java-version) @ dolphinscheduler-extract-alert ---
[INFO]
[INFO] --- remote-resources:1.7.0:process (process-resource-bundles) @ dolphinscheduler-extract-alert ---
[INFO] Preparing remote bundle org.apache:apache-jar-resource-bundle:1.4
[INFO] Copying 3 resources from 1 bundle.
[INFO]
[INFO] --- enforcer:3.0.0:enforce (enforce-maven-version) @ dolphinscheduler-extract-common ---
[INFO]
[INFO] --- enforcer:3.0.0:enforce (enforce-java-version) @ dolphinscheduler-extract-common ---
[INFO]
[INFO] --- remote-resources:1.7.0:process (process-resource-bundles) @ dolphinscheduler-extract-common ---
[INFO] Preparing remote bundle org.apache:apache-jar-resource-bundle:1.4
[INFO] Copying 3 resources from 1 bundle.
[INFO]
[INFO] --- resources:3.2.0:resources (default-resources) @ dolphinscheduler-task-flink-stream ---
[INFO] Using 'UTF-8' encoding to copy filtered resources.
[INFO] Using 'UTF-8' encoding to copy filtered properties files.
[INFO] skip non existing resourceDirectory /app/dolphinscheduler-task-plugin/dolphinscheduler-task-flink-stream/src/main/resources
[INFO] Copying 3 resources
[INFO]
[INFO] --- compiler:3.13.0:compile (default-compile) @ dolphinscheduler-task-flink-stream ---
[INFO] Nothing to compile - all classes are up to date.
[INFO]
[INFO] --- spotless:2.27.2:check (default) @ dolphinscheduler-task-flink-stream ---
[INFO] Spotless check skipped
[INFO]
[INFO] ------< org.apache.dolphinscheduler:dolphinscheduler-microbench >-------
[INFO] Building dolphinscheduler-microbench 3.4.2-SNAPSHOT            [112/138]
[INFO]   from dolphinscheduler-microbench/pom.xml
[INFO] --------------------------------[ jar ]---------------------------------
[INFO]
[INFO] --- enforcer:3.0.0:enforce (enforce-maven-version) @ dolphinscheduler-microbench ---
[INFO]
[INFO] --- enforcer:3.0.0:enforce (enforce-java-version) @ dolphinscheduler-microbench ---
[INFO]
[INFO] --- remote-resources:1.7.0:process (process-resource-bundles) @ dolphinscheduler-microbench ---
[INFO] Preparing remote bundle org.apache:apache-jar-resource-bundle:1.4
[INFO]
[INFO] --- resources:3.2.0:resources (default-resources) @ dolphinscheduler-datasource-dolphindb ---
[INFO] Using 'UTF-8' encoding to copy filtered resources.
[INFO] Using 'UTF-8' encoding to copy filtered properties files.
[INFO] skip non existing resourceDirectory /app/dolphinscheduler-datasource-plugin/dolphinscheduler-datasource-dolphindb/src/main/resources
[INFO] Copying 3 resources
[INFO]
[INFO] --- compiler:3.13.0:compile (default-compile) @ dolphinscheduler-datasource-dolphindb ---
[INFO] Copying 3 resources from 1 bundle.
[INFO] Nothing to compile - all classes are up to date.
[INFO]
[INFO] --- spotless:2.27.2:check (default) @ dolphinscheduler-datasource-dolphindb ---
[INFO] Spotless check skipped
[INFO]
[INFO] -----< org.apache.dolphinscheduler:dolphinscheduler-task-zeppelin >-----
[INFO] Building dolphinscheduler-task-zeppelin 3.4.2-SNAPSHOT         [113/138]
[INFO]   from dolphinscheduler-task-plugin/dolphinscheduler-task-zeppelin/pom.xml
[INFO] --------------------------------[ jar ]---------------------------------
[INFO]
[INFO] --- enforcer:3.0.0:enforce (enforce-maven-version) @ dolphinscheduler-task-zeppelin ---
[INFO]
[INFO] --- enforcer:3.0.0:enforce (enforce-java-version) @ dolphinscheduler-task-zeppelin ---
[INFO]
[INFO] --- remote-resources:1.7.0:process (process-resource-bundles) @ dolphinscheduler-task-zeppelin ---
[INFO] Preparing remote bundle org.apache:apache-jar-resource-bundle:1.4
[INFO] Copying 3 resources from 1 bundle.
[INFO]
[INFO] --- resources:3.2.0:resources (default-resources) @ dolphinscheduler-task-openmldb ---
[INFO] Using 'UTF-8' encoding to copy filtered resources.
[INFO] Using 'UTF-8' encoding to copy filtered properties files.
[INFO] skip non existing resourceDirectory /app/dolphinscheduler-task-plugin/dolphinscheduler-task-openmldb/src/main/resources
[INFO] Copying 3 resources
[INFO]
[INFO] --- compiler:3.13.0:compile (default-compile) @ dolphinscheduler-task-openmldb ---
[INFO] Nothing to compile - all classes are up to date.
[INFO]
[INFO] --- spotless:2.27.2:check (default) @ dolphinscheduler-task-openmldb ---
[INFO] Spotless check skipped
[INFO]
[INFO] -------< org.apache.dolphinscheduler:dolphinscheduler-task-k8s >--------
[INFO] Building dolphinscheduler-task-k8s 3.4.2-SNAPSHOT              [114/138]
[INFO]   from dolphinscheduler-task-plugin/dolphinscheduler-task-k8s/pom.xml
[INFO] --------------------------------[ jar ]---------------------------------
[INFO]
[INFO] --- enforcer:3.0.0:enforce (enforce-maven-version) @ dolphinscheduler-task-k8s ---
[INFO]
[INFO] --- enforcer:3.0.0:enforce (enforce-java-version) @ dolphinscheduler-task-k8s ---
[INFO]
[INFO] --- remote-resources:1.7.0:process (process-resource-bundles) @ dolphinscheduler-task-k8s ---
[INFO] Preparing remote bundle org.apache:apache-jar-resource-bundle:1.4
[INFO] Copying 3 resources from 1 bundle.
[INFO]
[INFO] --- resources:3.2.0:resources (default-resources) @ dolphinscheduler-storage-hdfs ---
[INFO] Using 'UTF-8' encoding to copy filtered resources.
[INFO] Using 'UTF-8' encoding to copy filtered properties files.
[INFO] skip non existing resourceDirectory /app/dolphinscheduler-storage-plugin/dolphinscheduler-storage-hdfs/src/main/resources
[INFO] Copying 3 resources
[INFO]
[INFO] --- compiler:3.13.0:compile (default-compile) @ dolphinscheduler-storage-hdfs ---
[INFO] Nothing to compile - all classes are up to date.
[INFO]
[INFO] --- spotless:2.27.2:check (default) @ dolphinscheduler-storage-hdfs ---
[INFO] Spotless check skipped
[INFO]
[INFO] ----< org.apache.dolphinscheduler:dolphinscheduler-task-sagemaker >-----
[INFO] Building dolphinscheduler-task-sagemaker 3.4.2-SNAPSHOT        [115/138]
[INFO]   from dolphinscheduler-task-plugin/dolphinscheduler-task-sagemaker/pom.xml
[INFO] --------------------------------[ jar ]---------------------------------
[INFO]
[INFO] --- enforcer:3.0.0:enforce (enforce-maven-version) @ dolphinscheduler-task-sagemaker ---
[INFO]
[INFO] --- enforcer:3.0.0:enforce (enforce-java-version) @ dolphinscheduler-task-sagemaker ---
[INFO]
[INFO] --- remote-resources:1.7.0:process (process-resource-bundles) @ dolphinscheduler-task-sagemaker ---
[INFO] Preparing remote bundle org.apache:apache-jar-resource-bundle:1.4
[INFO] Copying 3 resources from 1 bundle.
[INFO]
[INFO] --- resources:3.2.0:resources (default-resources) @ dolphinscheduler-scheduler-api ---
[INFO] Using 'UTF-8' encoding to copy filtered resources.
[INFO] Using 'UTF-8' encoding to copy filtered properties files.
[INFO] skip non existing resourceDirectory /app/dolphinscheduler-scheduler-plugin/dolphinscheduler-scheduler-api/src/main/resources
[INFO] Copying 3 resources
[INFO]
[INFO] --- compiler:3.13.0:compile (default-compile) @ dolphinscheduler-scheduler-api ---
[INFO] Nothing to compile - all classes are up to date.
[INFO]
[INFO] --- spotless:2.27.2:check (default) @ dolphinscheduler-scheduler-api ---
[INFO] Spotless check skipped
[INFO]
[INFO] ---< org.apache.dolphinscheduler:dolphinscheduler-task-remoteshell >----
[INFO] Building dolphinscheduler-task-remoteshell 3.4.2-SNAPSHOT      [116/138]
[INFO]   from dolphinscheduler-task-plugin/dolphinscheduler-task-remoteshell/pom.xml
[INFO] --------------------------------[ jar ]---------------------------------
[INFO]
[INFO] --- enforcer:3.0.0:enforce (enforce-maven-version) @ dolphinscheduler-task-remoteshell ---
[INFO]
[INFO] --- enforcer:3.0.0:enforce (enforce-java-version) @ dolphinscheduler-task-remoteshell ---
[INFO]
[INFO] --- remote-resources:1.7.0:process (process-resource-bundles) @ dolphinscheduler-task-remoteshell ---
[INFO] Preparing remote bundle org.apache:apache-jar-resource-bundle:1.4
[INFO] Copying 3 resources from 1 bundle.
[INFO]
[INFO] --- resources:3.2.0:resources (default-resources) @ dolphinscheduler-task-zeppelin ---
[INFO] Using 'UTF-8' encoding to copy filtered resources.
[INFO] Using 'UTF-8' encoding to copy filtered properties files.
[INFO] skip non existing resourceDirectory /app/dolphinscheduler-task-plugin/dolphinscheduler-task-zeppelin/src/main/resources
[INFO] Copying 3 resources
[INFO]
[INFO] --- compiler:3.13.0:compile (default-compile) @ dolphinscheduler-task-zeppelin ---
[INFO] Nothing to compile - all classes are up to date.
[INFO]
[INFO] --- spotless:2.27.2:check (default) @ dolphinscheduler-task-zeppelin ---
[INFO] Spotless check skipped
[INFO]
[INFO] ---< org.apache.dolphinscheduler:dolphinscheduler-datasource-spark >----
[INFO] Building dolphinscheduler-datasource-spark 3.4.2-SNAPSHOT      [117/138]
[INFO]   from dolphinscheduler-datasource-plugin/dolphinscheduler-datasource-spark/pom.xml
[INFO] --------------------------------[ jar ]---------------------------------
[INFO]
[INFO] --- enforcer:3.0.0:enforce (enforce-maven-version) @ dolphinscheduler-datasource-spark ---
[INFO]
[INFO] --- enforcer:3.0.0:enforce (enforce-java-version) @ dolphinscheduler-datasource-spark ---
[INFO]
[INFO] --- remote-resources:1.7.0:process (process-resource-bundles) @ dolphinscheduler-datasource-spark ---
[INFO] Preparing remote bundle org.apache:apache-jar-resource-bundle:1.4
[INFO] Copying 3 resources from 1 bundle.
[INFO]
[INFO] --- resources:3.2.0:resources (default-resources) @ dolphinscheduler-task-k8s ---
[INFO] Using 'UTF-8' encoding to copy filtered resources.
[INFO] Using 'UTF-8' encoding to copy filtered properties files.
[INFO] skip non existing resourceDirectory /app/dolphinscheduler-task-plugin/dolphinscheduler-task-k8s/src/main/resources
[INFO] Copying 3 resources
[INFO]
[INFO] --- compiler:3.13.0:compile (default-compile) @ dolphinscheduler-task-k8s ---
[INFO] Nothing to compile - all classes are up to date.
[INFO]
[INFO] --- spotless:2.27.2:check (default) @ dolphinscheduler-task-k8s ---
[INFO] Spotless check skipped
[INFO]
[INFO] ------< org.apache.dolphinscheduler:dolphinscheduler-storage-all >------
[INFO] Building dolphinscheduler-storage-all 3.4.2-SNAPSHOT           [118/138]
[INFO]   from dolphinscheduler-storage-plugin/dolphinscheduler-storage-all/pom.xml
[INFO] --------------------------------[ jar ]---------------------------------
[INFO]
[INFO] --- enforcer:3.0.0:enforce (enforce-maven-version) @ dolphinscheduler-storage-all ---
[INFO]
[INFO] --- enforcer:3.0.0:enforce (enforce-java-version) @ dolphinscheduler-storage-all ---
[INFO]
[INFO] --- remote-resources:1.7.0:process (process-resource-bundles) @ dolphinscheduler-storage-all ---
[INFO] Preparing remote bundle org.apache:apache-jar-resource-bundle:1.4
[INFO] Copying 3 resources from 1 bundle.
[INFO]
[INFO] --- resources:3.2.0:resources (default-resources) @ dolphinscheduler-task-sagemaker ---
[INFO] Using 'UTF-8' encoding to copy filtered resources.
[INFO] Using 'UTF-8' encoding to copy filtered properties files.
[INFO] skip non existing resourceDirectory /app/dolphinscheduler-task-plugin/dolphinscheduler-task-sagemaker/src/main/resources
[INFO] Copying 3 resources
[INFO]
[INFO] --- compiler:3.13.0:compile (default-compile) @ dolphinscheduler-task-sagemaker ---
[INFO] Nothing to compile - all classes are up to date.
[INFO]
[INFO] --- spotless:2.27.2:check (default) @ dolphinscheduler-task-sagemaker ---
[INFO] Spotless check skipped
[INFO]
[INFO] --- resources:3.2.0:resources (default-resources) @ dolphinscheduler-registry-api ---
[INFO] Using 'UTF-8' encoding to copy filtered resources.
[INFO] Using 'UTF-8' encoding to copy filtered properties files.
[INFO] skip non existing resourceDirectory /app/dolphinscheduler-registry/dolphinscheduler-registry-api/src/main/resources
[INFO] Copying 3 resources
[INFO]
[INFO] --- compiler:3.13.0:compile (default-compile) @ dolphinscheduler-registry-api ---
[INFO] Nothing to compile - all classes are up to date.
[INFO]
[INFO] --- spotless:2.27.2:check (default) @ dolphinscheduler-registry-api ---
[INFO] Spotless check skipped
[INFO]
[INFO] ------< org.apache.dolphinscheduler:dolphinscheduler-registry-it >------
[INFO] Building dolphinscheduler-registry-it 3.4.2-SNAPSHOT           [119/138]
[INFO]   from dolphinscheduler-registry/dolphinscheduler-registry-plugins/dolphinscheduler-registry-it/pom.xml
[INFO] --------------------------------[ jar ]---------------------------------
[INFO]
[INFO] --- enforcer:3.0.0:enforce (enforce-maven-version) @ dolphinscheduler-registry-it ---
[INFO]
[INFO] --- enforcer:3.0.0:enforce (enforce-java-version) @ dolphinscheduler-registry-it ---
[INFO]
[INFO] --- remote-resources:1.7.0:process (process-resource-bundles) @ dolphinscheduler-registry-it ---
[INFO] Preparing remote bundle org.apache:apache-jar-resource-bundle:1.4
[INFO] Copying 3 resources from 1 bundle.
[INFO]
[INFO] --- resources:3.2.0:resources (default-resources) @ dolphinscheduler-extract-alert ---
[INFO] Using 'UTF-8' encoding to copy filtered resources.
[INFO] Using 'UTF-8' encoding to copy filtered properties files.
[INFO] skip non existing resourceDirectory /app/dolphinscheduler-extract/dolphinscheduler-extract-alert/src/main/resources
[INFO] Copying 3 resources
[INFO]
[INFO] --- compiler:3.13.0:compile (default-compile) @ dolphinscheduler-extract-alert ---
[INFO] Nothing to compile - all classes are up to date.
[INFO]
[INFO] --- spotless:2.27.2:check (default) @ dolphinscheduler-extract-alert ---
[INFO] Spotless check skipped
[INFO]
[INFO] --- resources:3.2.0:resources (default-resources) @ dolphinscheduler-extract-common ---
[INFO] Using 'UTF-8' encoding to copy filtered resources.
[INFO] Using 'UTF-8' encoding to copy filtered properties files.
[INFO] skip non existing resourceDirectory /app/dolphinscheduler-extract/dolphinscheduler-extract-common/src/main/resources
[INFO] Copying 3 resources
[INFO]
[INFO] --- compiler:3.13.0:compile (default-compile) @ dolphinscheduler-extract-common ---
[INFO] Nothing to compile - all classes are up to date.
[INFO]
[INFO] --- spotless:2.27.2:check (default) @ dolphinscheduler-extract-common ---
[INFO] Spotless check skipped
[INFO]
[INFO] ----< org.apache.dolphinscheduler:dolphinscheduler-extract-master >-----
[INFO] Building dolphinscheduler-extract-master 3.4.2-SNAPSHOT        [120/138]
[INFO]   from dolphinscheduler-extract/dolphinscheduler-extract-master/pom.xml
[INFO] --------------------------------[ jar ]---------------------------------
[INFO]
[INFO] ----< org.apache.dolphinscheduler:dolphinscheduler-extract-worker >-----
[INFO] Building dolphinscheduler-extract-worker 3.4.2-SNAPSHOT        [121/138]
[INFO]   from dolphinscheduler-extract/dolphinscheduler-extract-worker/pom.xml
[INFO] --------------------------------[ jar ]---------------------------------
[INFO]
[INFO] --- enforcer:3.0.0:enforce (enforce-maven-version) @ dolphinscheduler-extract-worker ---
[INFO]
[INFO] --- enforcer:3.0.0:enforce (enforce-java-version) @ dolphinscheduler-extract-worker ---
[INFO]
[INFO] --- remote-resources:1.7.0:process (process-resource-bundles) @ dolphinscheduler-extract-worker ---
[INFO]
[INFO] --- enforcer:3.0.0:enforce (enforce-maven-version) @ dolphinscheduler-extract-master ---
[INFO] Preparing remote bundle org.apache:apache-jar-resource-bundle:1.4
[INFO] Copying 3 resources from 1 bundle.
[INFO]
[INFO] --- enforcer:3.0.0:enforce (enforce-java-version) @ dolphinscheduler-extract-master ---
[INFO]
[INFO] --- remote-resources:1.7.0:process (process-resource-bundles) @ dolphinscheduler-extract-master ---
[INFO] Preparing remote bundle org.apache:apache-jar-resource-bundle:1.4
[INFO] Copying 3 resources from 1 bundle.
[INFO]
[INFO] --- resources:3.2.0:resources (default-resources) @ dolphinscheduler-storage-all ---
[INFO] Using 'UTF-8' encoding to copy filtered resources.
[INFO] Using 'UTF-8' encoding to copy filtered properties files.
[INFO] skip non existing resourceDirectory /app/dolphinscheduler-storage-plugin/dolphinscheduler-storage-all/src/main/resources
[INFO] Copying 3 resources
[INFO]
[INFO] --- compiler:3.13.0:compile (default-compile) @ dolphinscheduler-storage-all ---
[INFO] No sources to compile
[INFO]
[INFO] --- spotless:2.27.2:check (default) @ dolphinscheduler-storage-all ---
[INFO] Spotless check skipped
[INFO]
[INFO] ---------< org.apache.dolphinscheduler:dolphinscheduler-tools >---------
[INFO] Building dolphinscheduler-tools 3.4.2-SNAPSHOT                 [122/138]
[INFO]   from dolphinscheduler-tools/pom.xml
[INFO] --------------------------------[ jar ]---------------------------------
[INFO]
[INFO] --- enforcer:3.0.0:enforce (enforce-maven-version) @ dolphinscheduler-tools ---
[INFO]
[INFO] --- resources:3.2.0:resources (default-resources) @ dolphinscheduler-task-remoteshell ---
[INFO]
[INFO] --- enforcer:3.0.0:enforce (enforce-java-version) @ dolphinscheduler-tools ---
[INFO]
[INFO] --- remote-resources:1.7.0:process (process-resource-bundles) @ dolphinscheduler-tools ---
[INFO] Using 'UTF-8' encoding to copy filtered resources.
[INFO] Using 'UTF-8' encoding to copy filtered properties files.
[INFO] skip non existing resourceDirectory /app/dolphinscheduler-task-plugin/dolphinscheduler-task-remoteshell/src/main/resources
[INFO] Copying 3 resources
[INFO]
[INFO] --- compiler:3.13.0:compile (default-compile) @ dolphinscheduler-task-remoteshell ---
[INFO] Preparing remote bundle org.apache:apache-jar-resource-bundle:1.4
[INFO] Copying 3 resources from 1 bundle.
[INFO] Nothing to compile - all classes are up to date.
[INFO]
[INFO] --- spotless:2.27.2:check (default) @ dolphinscheduler-task-remoteshell ---
[INFO] Spotless check skipped
[INFO]
[INFO] --- resources:3.2.0:resources (default-resources) @ dolphinscheduler-microbench ---
[INFO] Using 'UTF-8' encoding to copy filtered resources.
[INFO] Using 'UTF-8' encoding to copy filtered properties files.
[INFO] skip non existing resourceDirectory /app/dolphinscheduler-microbench/src/main/resources
[INFO] Copying 3 resources
[INFO]
[INFO] --- compiler:3.13.0:compile (default-compile) @ dolphinscheduler-microbench ---
[WARNING]  Parameter 'compilerVersion' (user property 'maven.compiler.compilerVersion') is deprecated: This parameter is no longer evaluated by the underlying compilers, instead the actual version of the javac binary is automatically retrieved.
[INFO] Nothing to compile - all classes are up to date.
[INFO]
[INFO] --- spotless:2.27.2:check (default) @ dolphinscheduler-microbench ---
[INFO] Spotless check skipped
[INFO]
[INFO] --- resources:3.2.0:resources (default-resources) @ dolphinscheduler-tools ---
[INFO] Using 'UTF-8' encoding to copy filtered resources.
[INFO] Using 'UTF-8' encoding to copy filtered properties files.
[INFO] Copying 1 resource
[INFO] Copying 3 resources
[INFO]
[INFO] --- compiler:3.13.0:compile (default-compile) @ dolphinscheduler-tools ---
[INFO] Nothing to compile - all classes are up to date.
[INFO]
[INFO] --- spotless:2.27.2:check (default) @ dolphinscheduler-tools ---
[INFO] Spotless check skipped
[INFO]
[INFO] --- resources:3.2.0:resources (default-resources) @ dolphinscheduler-registry-it ---
[INFO] Using 'UTF-8' encoding to copy filtered resources.
[INFO] Using 'UTF-8' encoding to copy filtered properties files.
[INFO] skip non existing resourceDirectory /app/dolphinscheduler-registry/dolphinscheduler-registry-plugins/dolphinscheduler-registry-it/src/main/resources
[INFO] Copying 3 resources
[INFO]
[INFO] --- compiler:3.13.0:compile (default-compile) @ dolphinscheduler-registry-it ---
[INFO] No sources to compile
[INFO]
[INFO] --- spotless:2.27.2:check (default) @ dolphinscheduler-registry-it ---
[INFO] Spotless check skipped
[INFO]
[INFO] --< org.apache.dolphinscheduler:dolphinscheduler-registry-zookeeper >---
[INFO] Building dolphinscheduler-registry-zookeeper 3.4.2-SNAPSHOT    [123/138]
[INFO]   from dolphinscheduler-registry/dolphinscheduler-registry-plugins/dolphinscheduler-registry-zookeeper/pom.xml
[INFO] --------------------------------[ jar ]---------------------------------
[INFO]
[INFO] -----< org.apache.dolphinscheduler:dolphinscheduler-registry-jdbc >-----
[INFO] Building dolphinscheduler-registry-jdbc 3.4.2-SNAPSHOT         [124/138]
[INFO]   from dolphinscheduler-registry/dolphinscheduler-registry-plugins/dolphinscheduler-registry-jdbc/pom.xml
[INFO] --------------------------------[ jar ]---------------------------------
[INFO]
[INFO] -----< org.apache.dolphinscheduler:dolphinscheduler-registry-etcd >-----
[INFO] Building dolphinscheduler-registry-etcd 3.4.2-SNAPSHOT         [125/138]
[INFO]   from dolphinscheduler-registry/dolphinscheduler-registry-plugins/dolphinscheduler-registry-etcd/pom.xml
[INFO] --------------------------------[ jar ]---------------------------------
[INFO]
[INFO] --- enforcer:3.0.0:enforce (enforce-maven-version) @ dolphinscheduler-registry-jdbc ---
[INFO]
[INFO] --- enforcer:3.0.0:enforce (enforce-maven-version) @ dolphinscheduler-registry-etcd ---
[INFO]
[INFO] --- enforcer:3.0.0:enforce (enforce-java-version) @ dolphinscheduler-registry-etcd ---
[INFO]
[INFO] --- remote-resources:1.7.0:process (process-resource-bundles) @ dolphinscheduler-registry-etcd ---
[INFO] Preparing remote bundle org.apache:apache-jar-resource-bundle:1.4
[INFO]
[INFO] --- enforcer:3.0.0:enforce (enforce-maven-version) @ dolphinscheduler-registry-zookeeper ---
[INFO]
[INFO] --- enforcer:3.0.0:enforce (enforce-java-version) @ dolphinscheduler-registry-zookeeper ---
[INFO]
[INFO] --- remote-resources:1.7.0:process (process-resource-bundles) @ dolphinscheduler-registry-zookeeper ---
[INFO] Copying 3 resources from 1 bundle.
[INFO]
[INFO] --- enforcer:3.0.0:enforce (enforce-java-version) @ dolphinscheduler-registry-jdbc ---
[INFO]
[INFO] --- remote-resources:1.7.0:process (process-resource-bundles) @ dolphinscheduler-registry-jdbc ---
[INFO] Preparing remote bundle org.apache:apache-jar-resource-bundle:1.4
[INFO] Preparing remote bundle org.apache:apache-jar-resource-bundle:1.4
[INFO]
[INFO] --- resources:3.2.0:resources (default-resources) @ dolphinscheduler-datasource-spark ---
[INFO] Copying 3 resources from 1 bundle.
[INFO] Copying 3 resources from 1 bundle.
[INFO] Using 'UTF-8' encoding to copy filtered resources.
[INFO] Using 'UTF-8' encoding to copy filtered properties files.
[INFO] skip non existing resourceDirectory /app/dolphinscheduler-datasource-plugin/dolphinscheduler-datasource-spark/src/main/resources
[INFO] Copying 3 resources
[INFO]
[INFO] --- compiler:3.13.0:compile (default-compile) @ dolphinscheduler-datasource-spark ---
[INFO] Nothing to compile - all classes are up to date.
[INFO]
[INFO] --- spotless:2.27.2:check (default) @ dolphinscheduler-datasource-spark ---
[INFO] Spotless check skipped
[INFO]
[INFO] ----< org.apache.dolphinscheduler:dolphinscheduler-datasource-all >-----
[INFO] Building dolphinscheduler-datasource-all 3.4.2-SNAPSHOT        [126/138]
[INFO]   from dolphinscheduler-datasource-plugin/dolphinscheduler-datasource-all/pom.xml
[INFO] --------------------------------[ jar ]---------------------------------
[INFO]
[INFO] --- enforcer:3.0.0:enforce (enforce-maven-version) @ dolphinscheduler-datasource-all ---
[INFO]
[INFO] --- enforcer:3.0.0:enforce (enforce-java-version) @ dolphinscheduler-datasource-all ---
[INFO]
[INFO] --- remote-resources:1.7.0:process (process-resource-bundles) @ dolphinscheduler-datasource-all ---
[INFO] Preparing remote bundle org.apache:apache-jar-resource-bundle:1.4
[INFO] Copying 3 resources from 1 bundle.
[INFO]
[INFO] --- resources:3.2.0:resources (default-resources) @ dolphinscheduler-extract-worker ---
[INFO] Using 'UTF-8' encoding to copy filtered resources.
[INFO] Using 'UTF-8' encoding to copy filtered properties files.
[INFO] skip non existing resourceDirectory /app/dolphinscheduler-extract/dolphinscheduler-extract-worker/src/main/resources
[INFO] Copying 3 resources
[INFO]
[INFO] --- compiler:3.13.0:compile (default-compile) @ dolphinscheduler-extract-worker ---
[INFO] Nothing to compile - all classes are up to date.
[INFO]
[INFO] --- spotless:2.27.2:check (default) @ dolphinscheduler-extract-worker ---
[INFO] Spotless check skipped
[INFO]
[INFO] --- resources:3.2.0:resources (default-resources) @ dolphinscheduler-extract-master ---
[INFO] Using 'UTF-8' encoding to copy filtered resources.
[INFO] Using 'UTF-8' encoding to copy filtered properties files.
[INFO] skip non existing resourceDirectory /app/dolphinscheduler-extract/dolphinscheduler-extract-master/src/main/resources
[INFO] Copying 3 resources
[INFO]
[INFO] --- compiler:3.13.0:compile (default-compile) @ dolphinscheduler-extract-master ---
[INFO] Nothing to compile - all classes are up to date.
[INFO]
[INFO] --- spotless:2.27.2:check (default) @ dolphinscheduler-extract-master ---
[INFO] Spotless check skipped
[INFO]
[INFO] --------< org.apache.dolphinscheduler:dolphinscheduler-service >--------
[INFO] Building dolphinscheduler-service 3.4.2-SNAPSHOT               [127/138]
[INFO]   from dolphinscheduler-service/pom.xml
[INFO] --------------------------------[ jar ]---------------------------------
[INFO]
[INFO] --- enforcer:3.0.0:enforce (enforce-maven-version) @ dolphinscheduler-service ---
[INFO]
[INFO] --- enforcer:3.0.0:enforce (enforce-java-version) @ dolphinscheduler-service ---
[INFO]
[INFO] --- remote-resources:1.7.0:process (process-resource-bundles) @ dolphinscheduler-service ---
[INFO] Preparing remote bundle org.apache:apache-jar-resource-bundle:1.4
[INFO] Copying 3 resources from 1 bundle.
[INFO]
[INFO] --- resources:3.2.0:resources (default-resources) @ dolphinscheduler-datasource-all ---
[INFO] Using 'UTF-8' encoding to copy filtered resources.
[INFO] Using 'UTF-8' encoding to copy filtered properties files.
[INFO] skip non existing resourceDirectory /app/dolphinscheduler-datasource-plugin/dolphinscheduler-datasource-all/src/main/resources
[INFO] Copying 3 resources
[INFO]
[INFO] --- compiler:3.13.0:compile (default-compile) @ dolphinscheduler-datasource-all ---
[INFO] No sources to compile
[INFO]
[INFO] --- spotless:2.27.2:check (default) @ dolphinscheduler-datasource-all ---
[INFO] Spotless check skipped
[INFO]
[INFO] --< org.apache.dolphinscheduler:dolphinscheduler-task-aliyunserverlessspark >--
[INFO] Building dolphinscheduler-task-aliyunserverlessspark 3.4.2-SNAPSHOT [128/138]
[INFO]   from dolphinscheduler-task-plugin/dolphinscheduler-task-aliyunserverlessspark/pom.xml
[INFO] --------------------------------[ jar ]---------------------------------
[INFO]
[INFO] --- enforcer:3.0.0:enforce (enforce-maven-version) @ dolphinscheduler-task-aliyunserverlessspark ---
[INFO]
[INFO] --- enforcer:3.0.0:enforce (enforce-java-version) @ dolphinscheduler-task-aliyunserverlessspark ---
[INFO]
[INFO] --- remote-resources:1.7.0:process (process-resource-bundles) @ dolphinscheduler-task-aliyunserverlessspark ---
[INFO] Preparing remote bundle org.apache:apache-jar-resource-bundle:1.4
[INFO] Copying 3 resources from 1 bundle.
[INFO]
[INFO] --- resources:3.2.0:resources (default-resources) @ dolphinscheduler-registry-etcd ---
[INFO] Using 'UTF-8' encoding to copy filtered resources.
[INFO] Using 'UTF-8' encoding to copy filtered properties files.
[INFO] Copying 1 resource
[INFO] Copying 3 resources
[INFO]
[INFO] --- compiler:3.13.0:compile (default-compile) @ dolphinscheduler-registry-etcd ---
[INFO] Nothing to compile - all classes are up to date.
[INFO]
[INFO] --- spotless:2.27.2:check (default) @ dolphinscheduler-registry-etcd ---
[INFO] Spotless check skipped
[INFO]
[INFO] --- resources:3.2.0:resources (default-resources) @ dolphinscheduler-registry-zookeeper ---
[INFO] Using 'UTF-8' encoding to copy filtered resources.
[INFO] Using 'UTF-8' encoding to copy filtered properties files.
[INFO] Copying 1 resource
[INFO] Copying 3 resources
[INFO]
[INFO] --- compiler:3.13.0:compile (default-compile) @ dolphinscheduler-registry-zookeeper ---
[INFO] Nothing to compile - all classes are up to date.
[INFO]
[INFO] --- spotless:2.27.2:check (default) @ dolphinscheduler-registry-zookeeper ---
[INFO] Spotless check skipped
[INFO]
[INFO] --- resources:3.2.0:resources (default-resources) @ dolphinscheduler-registry-jdbc ---
[INFO] Using 'UTF-8' encoding to copy filtered resources.
[INFO] Using 'UTF-8' encoding to copy filtered properties files.
[INFO] Copying 3 resources
[INFO] Copying 3 resources
[INFO]
[INFO] --- compiler:3.13.0:compile (default-compile) @ dolphinscheduler-registry-jdbc ---
[INFO] Nothing to compile - all classes are up to date.
[INFO]
[INFO] --- spotless:2.27.2:check (default) @ dolphinscheduler-registry-jdbc ---
[INFO] Spotless check skipped
[INFO]
[INFO] -----< org.apache.dolphinscheduler:dolphinscheduler-registry-all >------
[INFO] Building dolphinscheduler-registry-all 3.4.2-SNAPSHOT          [129/138]
[INFO]   from dolphinscheduler-registry/dolphinscheduler-registry-all/pom.xml
[INFO] --------------------------------[ jar ]---------------------------------
[INFO]
[INFO] --- enforcer:3.0.0:enforce (enforce-maven-version) @ dolphinscheduler-registry-all ---
[INFO]
[INFO] --- enforcer:3.0.0:enforce (enforce-java-version) @ dolphinscheduler-registry-all ---
[INFO]
[INFO] --- remote-resources:1.7.0:process (process-resource-bundles) @ dolphinscheduler-registry-all ---
[INFO] Preparing remote bundle org.apache:apache-jar-resource-bundle:1.4
[INFO] Copying 3 resources from 1 bundle.
[INFO]
[INFO] --- resources:3.2.0:resources (default-resources) @ dolphinscheduler-service ---
[INFO] Using 'UTF-8' encoding to copy filtered resources.
[INFO] Using 'UTF-8' encoding to copy filtered properties files.
[INFO] skip non existing resourceDirectory /app/dolphinscheduler-service/src/main/resources
[INFO] Copying 3 resources
[INFO]
[INFO] --- compiler:3.13.0:compile (default-compile) @ dolphinscheduler-service ---
[INFO] Nothing to compile - all classes are up to date.
[INFO]
[INFO] --- spotless:2.27.2:check (default) @ dolphinscheduler-service ---
[INFO]
[INFO] --- resources:3.2.0:resources (default-resources) @ dolphinscheduler-task-aliyunserverlessspark ---
[INFO] Using 'UTF-8' encoding to copy filtered resources.
[INFO] Using 'UTF-8' encoding to copy filtered properties files.
[INFO] skip non existing resourceDirectory /app/dolphinscheduler-task-plugin/dolphinscheduler-task-aliyunserverlessspark/src/main/resources
[INFO] Copying 3 resources
[INFO]
[INFO] --- compiler:3.13.0:compile (default-compile) @ dolphinscheduler-task-aliyunserverlessspark ---
[INFO] Spotless check skipped
[INFO]
[INFO] ---< org.apache.dolphinscheduler:dolphinscheduler-scheduler-quartz >----
[INFO] Building dolphinscheduler-scheduler-quartz 3.4.2-SNAPSHOT      [130/138]
[INFO]   from dolphinscheduler-scheduler-plugin/dolphinscheduler-scheduler-quartz/pom.xml
[INFO] --------------------------------[ jar ]---------------------------------
[INFO] Nothing to compile - all classes are up to date.
[INFO]
[INFO] --- spotless:2.27.2:check (default) @ dolphinscheduler-task-aliyunserverlessspark ---
[INFO] Spotless check skipped
[INFO]
[INFO] -------< org.apache.dolphinscheduler:dolphinscheduler-task-all >--------
[INFO] Building dolphinscheduler-task-all 3.4.2-SNAPSHOT              [131/138]
[INFO]   from dolphinscheduler-task-plugin/dolphinscheduler-task-all/pom.xml
[INFO] --------------------------------[ jar ]---------------------------------
[INFO]
[INFO] --- enforcer:3.0.0:enforce (enforce-maven-version) @ dolphinscheduler-scheduler-quartz ---
[INFO]
[INFO] --- enforcer:3.0.0:enforce (enforce-java-version) @ dolphinscheduler-scheduler-quartz ---
[INFO]
[INFO] --- remote-resources:1.7.0:process (process-resource-bundles) @ dolphinscheduler-scheduler-quartz ---
[INFO] Preparing remote bundle org.apache:apache-jar-resource-bundle:1.4
[INFO] Copying 3 resources from 1 bundle.
[INFO]
[INFO] --- enforcer:3.0.0:enforce (enforce-maven-version) @ dolphinscheduler-task-all ---
[INFO]
[INFO] --- enforcer:3.0.0:enforce (enforce-java-version) @ dolphinscheduler-task-all ---
[INFO]
[INFO] --- remote-resources:1.7.0:process (process-resource-bundles) @ dolphinscheduler-task-all ---
[INFO] Preparing remote bundle org.apache:apache-jar-resource-bundle:1.4
[INFO] Copying 3 resources from 1 bundle.
[INFO]
[INFO] --- resources:3.2.0:resources (default-resources) @ dolphinscheduler-registry-all ---
[INFO] Using 'UTF-8' encoding to copy filtered resources.
[INFO] Using 'UTF-8' encoding to copy filtered properties files.
[INFO] skip non existing resourceDirectory /app/dolphinscheduler-registry/dolphinscheduler-registry-all/src/main/resources
[INFO] Copying 3 resources
[INFO]
[INFO] --- compiler:3.13.0:compile (default-compile) @ dolphinscheduler-registry-all ---
[INFO] No sources to compile
[INFO]
[INFO] --- spotless:2.27.2:check (default) @ dolphinscheduler-registry-all ---
[INFO] Spotless check skipped
[INFO]
[INFO] -----< org.apache.dolphinscheduler:dolphinscheduler-alert-server >------
[INFO] Building dolphinscheduler-alert-server 3.4.2-SNAPSHOT          [132/138]
[INFO]   from dolphinscheduler-alert/dolphinscheduler-alert-server/pom.xml
[INFO] --------------------------------[ jar ]---------------------------------
[INFO]
[INFO] --- enforcer:3.0.0:enforce (enforce-maven-version) @ dolphinscheduler-alert-server ---
[INFO]
[INFO] --- enforcer:3.0.0:enforce (enforce-java-version) @ dolphinscheduler-alert-server ---
[INFO]
[INFO] --- remote-resources:1.7.0:process (process-resource-bundles) @ dolphinscheduler-alert-server ---
[INFO] Preparing remote bundle org.apache:apache-jar-resource-bundle:1.4
[INFO] Copying 3 resources from 1 bundle.
[INFO]
[INFO] --- resources:3.2.0:resources (default-resources) @ dolphinscheduler-task-all ---
[INFO] Using 'UTF-8' encoding to copy filtered resources.
[INFO] Using 'UTF-8' encoding to copy filtered properties files.
[INFO] skip non existing resourceDirectory /app/dolphinscheduler-task-plugin/dolphinscheduler-task-all/src/main/resources
[INFO] Copying 3 resources
[INFO]
[INFO] --- compiler:3.13.0:compile (default-compile) @ dolphinscheduler-task-all ---
[INFO] No sources to compile
[INFO]
[INFO] --- spotless:2.27.2:check (default) @ dolphinscheduler-task-all ---
[INFO] Spotless check skipped
[INFO]
[INFO] --------< org.apache.dolphinscheduler:dolphinscheduler-worker >---------
[INFO] Building dolphinscheduler-worker 3.4.2-SNAPSHOT                [133/138]
[INFO]   from dolphinscheduler-worker/pom.xml
[INFO] --------------------------------[ jar ]---------------------------------
[INFO]
[INFO] --- enforcer:3.0.0:enforce (enforce-maven-version) @ dolphinscheduler-worker ---
[INFO]
[INFO] --- enforcer:3.0.0:enforce (enforce-java-version) @ dolphinscheduler-worker ---
[INFO]
[INFO] --- remote-resources:1.7.0:process (process-resource-bundles) @ dolphinscheduler-worker ---
[INFO] Preparing remote bundle org.apache:apache-jar-resource-bundle:1.4
[INFO] Copying 3 resources from 1 bundle.
[INFO]
[INFO] --- resources:3.2.0:resources (default-resources) @ dolphinscheduler-scheduler-quartz ---
[INFO] Using 'UTF-8' encoding to copy filtered resources.
[INFO] Using 'UTF-8' encoding to copy filtered properties files.
[INFO] Copying 1 resource
[INFO] Copying 3 resources
[INFO]
[INFO] --- compiler:3.13.0:compile (default-compile) @ dolphinscheduler-scheduler-quartz ---
[INFO] Nothing to compile - all classes are up to date.
[INFO]
[INFO] --- spotless:2.27.2:check (default) @ dolphinscheduler-scheduler-quartz ---
[INFO] Spotless check skipped
[INFO]
[INFO] -----< org.apache.dolphinscheduler:dolphinscheduler-scheduler-all >-----
[INFO] Building dolphinscheduler-scheduler-all 3.4.2-SNAPSHOT         [134/138]
[INFO]   from dolphinscheduler-scheduler-plugin/dolphinscheduler-scheduler-all/pom.xml
[INFO] --------------------------------[ jar ]---------------------------------
[INFO]
[INFO] --- enforcer:3.0.0:enforce (enforce-maven-version) @ dolphinscheduler-scheduler-all ---
[INFO]
[INFO] --- enforcer:3.0.0:enforce (enforce-java-version) @ dolphinscheduler-scheduler-all ---
[INFO]
[INFO] --- remote-resources:1.7.0:process (process-resource-bundles) @ dolphinscheduler-scheduler-all ---
[INFO] Preparing remote bundle org.apache:apache-jar-resource-bundle:1.4
[INFO] Copying 3 resources from 1 bundle.
[INFO]
[INFO] --- resources:3.2.0:resources (default-resources) @ dolphinscheduler-alert-server ---
[INFO] Using 'UTF-8' encoding to copy filtered resources.
[INFO] Using 'UTF-8' encoding to copy filtered properties files.
[INFO] Copying 4 resources
[INFO] Copying 3 resources
[INFO]
[INFO] --- compiler:3.13.0:compile (default-compile) @ dolphinscheduler-alert-server ---
[INFO] Nothing to compile - all classes are up to date.
[INFO]
[INFO] --- spotless:2.27.2:check (default) @ dolphinscheduler-alert-server ---
[INFO] Spotless check skipped
[INFO]
[INFO] --- resources:3.2.0:resources (default-resources) @ dolphinscheduler-scheduler-all ---
[INFO] Using 'UTF-8' encoding to copy filtered resources.
[INFO] Using 'UTF-8' encoding to copy filtered properties files.
[INFO] skip non existing resourceDirectory /app/dolphinscheduler-scheduler-plugin/dolphinscheduler-scheduler-all/src/main/resources
[INFO] Copying 3 resources
[INFO]
[INFO] --- compiler:3.13.0:compile (default-compile) @ dolphinscheduler-scheduler-all ---
[INFO] No sources to compile
[INFO]
[INFO] --- spotless:2.27.2:check (default) @ dolphinscheduler-scheduler-all ---
[INFO] Spotless check skipped
[INFO]
[INFO] ----------< org.apache.dolphinscheduler:dolphinscheduler-api >----------
[INFO] Building dolphinscheduler-api 3.4.2-SNAPSHOT                   [135/138]
[INFO]   from dolphinscheduler-api/pom.xml
[INFO] --------------------------------[ jar ]---------------------------------
[INFO]
[INFO] --- enforcer:3.0.0:enforce (enforce-maven-version) @ dolphinscheduler-api ---
[INFO]
[INFO] --- enforcer:3.0.0:enforce (enforce-java-version) @ dolphinscheduler-api ---
[INFO]
[INFO] --- remote-resources:1.7.0:process (process-resource-bundles) @ dolphinscheduler-api ---
[INFO] Preparing remote bundle org.apache:apache-jar-resource-bundle:1.4
[INFO] Copying 3 resources from 1 bundle.
[INFO]
[INFO] --- resources:3.2.0:resources (default-resources) @ dolphinscheduler-worker ---
[INFO] Using 'UTF-8' encoding to copy filtered resources.
[INFO] Using 'UTF-8' encoding to copy filtered properties files.
[INFO] Copying 4 resources
[INFO] Copying 3 resources
[INFO]
[INFO] --- compiler:3.13.0:compile (default-compile) @ dolphinscheduler-worker ---
[INFO] Nothing to compile - all classes are up to date.
[INFO]
[INFO] --- spotless:2.27.2:check (default) @ dolphinscheduler-worker ---
[INFO] Spotless check skipped
[INFO]
[INFO] --------< org.apache.dolphinscheduler:dolphinscheduler-master >---------
[INFO] Building dolphinscheduler-master 3.4.2-SNAPSHOT                [136/138]
[INFO]   from dolphinscheduler-master/pom.xml
[INFO] --------------------------------[ jar ]---------------------------------
[INFO]
[INFO] --- enforcer:3.0.0:enforce (enforce-maven-version) @ dolphinscheduler-master ---
[INFO]
[INFO] --- enforcer:3.0.0:enforce (enforce-java-version) @ dolphinscheduler-master ---
[INFO]
[INFO] --- remote-resources:1.7.0:process (process-resource-bundles) @ dolphinscheduler-master ---
[INFO] Preparing remote bundle org.apache:apache-jar-resource-bundle:1.4
[INFO] Copying 3 resources from 1 bundle.
[INFO]
[INFO] --- resources:3.2.0:resources (default-resources) @ dolphinscheduler-master ---
[INFO] Using 'UTF-8' encoding to copy filtered resources.
[INFO] Using 'UTF-8' encoding to copy filtered properties files.
[INFO] Copying 4 resources
[INFO] Copying 3 resources
[INFO]
[INFO] --- compiler:3.13.0:compile (default-compile) @ dolphinscheduler-master ---
[INFO] Nothing to compile - all classes are up to date.
[INFO]
[INFO] --- spotless:2.27.2:check (default) @ dolphinscheduler-master ---
[INFO] Spotless check skipped
[INFO]
[INFO] --- resources:3.2.0:resources (default-resources) @ dolphinscheduler-api ---
[INFO] Using 'UTF-8' encoding to copy filtered resources.
[INFO] Using 'UTF-8' encoding to copy filtered properties files.
[INFO] Copying 13 resources
[INFO] Copying 3 resources
[INFO]
[INFO] --- compiler:3.13.0:compile (default-compile) @ dolphinscheduler-api ---
[INFO] Nothing to compile - all classes are up to date.
[INFO]
[INFO] --- spotless:2.27.2:check (default) @ dolphinscheduler-api ---
[INFO] Spotless check skipped
[INFO]
[INFO] ---< org.apache.dolphinscheduler:dolphinscheduler-standalone-server >---
[INFO] Building dolphinscheduler-standalone-server 3.4.2-SNAPSHOT     [137/138]
[INFO]   from dolphinscheduler-standalone-server/pom.xml
[INFO] --------------------------------[ jar ]---------------------------------
[INFO]
[INFO] --- enforcer:3.0.0:enforce (enforce-maven-version) @ dolphinscheduler-standalone-server ---
[INFO]
[INFO] --- enforcer:3.0.0:enforce (enforce-java-version) @ dolphinscheduler-standalone-server ---
[INFO]
[INFO] --- remote-resources:1.7.0:process (process-resource-bundles) @ dolphinscheduler-standalone-server ---
[INFO] Preparing remote bundle org.apache:apache-jar-resource-bundle:1.4
[INFO] Copying 3 resources from 1 bundle.
[INFO]
[INFO] --- resources:3.2.0:resources (default-resources) @ dolphinscheduler-standalone-server ---
[INFO] Using 'UTF-8' encoding to copy filtered resources.
[INFO] Using 'UTF-8' encoding to copy filtered properties files.
[INFO] Copying 4 resources
[INFO] Copying 3 resources
[INFO]
[INFO] --- compiler:3.13.0:compile (default-compile) @ dolphinscheduler-standalone-server ---
[INFO] Nothing to compile - all classes are up to date.
[INFO]
[INFO] --- spotless:2.27.2:check (default) @ dolphinscheduler-standalone-server ---
[INFO] Spotless check skipped
[INFO]
[INFO] ---------< org.apache.dolphinscheduler:dolphinscheduler-dist >----------
[INFO] Building dolphinscheduler-dist 3.4.2-SNAPSHOT                  [138/138]
[INFO]   from dolphinscheduler-dist/pom.xml
[INFO] --------------------------------[ jar ]---------------------------------
[INFO]
[INFO] --- enforcer:3.0.0:enforce (enforce-maven-version) @ dolphinscheduler-dist ---
[INFO]
[INFO] --- enforcer:3.0.0:enforce (enforce-java-version) @ dolphinscheduler-dist ---
[INFO]
[INFO] --- remote-resources:1.7.0:process (process-resource-bundles) @ dolphinscheduler-dist ---
[INFO] Preparing remote bundle org.apache:apache-jar-resource-bundle:1.4
[INFO] Copying 3 resources from 1 bundle.
[INFO]
[INFO] --- resources:3.2.0:resources (default-resources) @ dolphinscheduler-dist ---
[INFO] Using 'UTF-8' encoding to copy filtered resources.
[INFO] Using 'UTF-8' encoding to copy filtered properties files.
[INFO] skip non existing resourceDirectory /app/dolphinscheduler-dist/src/main/resources
[INFO] Copying 3 resources
[INFO]
[INFO] --- compiler:3.13.0:compile (default-compile) @ dolphinscheduler-dist ---
[INFO] No sources to compile
[INFO]
[INFO] --- spotless:2.27.2:check (default) @ dolphinscheduler-dist ---
[INFO] Spotless check skipped
[INFO] ------------------------------------------------------------------------
[INFO] Reactor Summary for dolphinscheduler 3.4.2-SNAPSHOT:
[INFO]
[INFO] dolphinscheduler ................................... SUCCESS [  1.307 s]
[INFO] dolphinscheduler-bom ............................... SUCCESS [  0.275 s]
[INFO] dolphinscheduler-authentication .................... SUCCESS [  0.275 s]
[INFO] dolphinscheduler-aws-authentication ................ SUCCESS [  1.316 s]
[INFO] dolphinscheduler-common ............................ SUCCESS [  1.818 s]
[INFO] dolphinscheduler-spi ............................... SUCCESS [  0.913 s]
[INFO] dolphinscheduler-alert ............................. SUCCESS [  0.283 s]
[INFO] dolphinscheduler-alert-plugins ..................... SUCCESS [  0.110 s]
[INFO] dolphinscheduler-alert-api ......................... SUCCESS [  1.561 s]
[INFO] dolphinscheduler-alert-prometheus .................. SUCCESS [  2.760 s]
[INFO] dolphinscheduler-alert-dingtalk .................... SUCCESS [  2.419 s]
[INFO] dolphinscheduler-alert-email ....................... SUCCESS [  2.949 s]
[INFO] dolphinscheduler-alert-feishu ...................... SUCCESS [  2.736 s]
[INFO] dolphinscheduler-alert-http ........................ SUCCESS [  2.650 s]
[INFO] dolphinscheduler-alert-pagerduty ................... SUCCESS [  2.391 s]
[INFO] dolphinscheduler-alert-script ...................... SUCCESS [  2.591 s]
[INFO] dolphinscheduler-alert-slack ....................... SUCCESS [  2.049 s]
[INFO] dolphinscheduler-alert-telegram .................... SUCCESS [  2.243 s]
[INFO] dolphinscheduler-alert-webexteams .................. SUCCESS [  2.078 s]
[INFO] dolphinscheduler-alert-wechat ...................... SUCCESS [  2.257 s]
[INFO] dolphinscheduler-alert-aliyunVoice ................. SUCCESS [  2.522 s]
[INFO] dolphinscheduler-alert-all ......................... SUCCESS [  0.527 s]
[INFO] dolphinscheduler-meter ............................. SUCCESS [  4.096 s]
[INFO] dolphinscheduler-task-plugin ....................... SUCCESS [  0.285 s]
[INFO] dolphinscheduler-task-api .......................... SUCCESS [  3.704 s]
[INFO] dolphinscheduler-dao-plugin ........................ SUCCESS [  0.270 s]
[INFO] dolphinscheduler-dao-api ........................... SUCCESS [  0.549 s]
[INFO] dolphinscheduler-dao-h2 ............................ SUCCESS [  0.202 s]
[INFO] dolphinscheduler-dao-postgresql .................... SUCCESS [  0.224 s]
[INFO] dolphinscheduler-dao-mysql ......................... SUCCESS [  0.183 s]
[INFO] dolphinscheduler-dao-plugin-all .................... SUCCESS [  0.243 s]
[INFO] dolphinscheduler-dao ............................... SUCCESS [  3.795 s]
[INFO] dolphinscheduler-extract ........................... SUCCESS [  0.266 s]
[INFO] dolphinscheduler-extract-base ...................... SUCCESS [  5.023 s]
[INFO] dolphinscheduler-registry .......................... SUCCESS [  0.253 s]
[INFO] dolphinscheduler-registry-api ...................... SUCCESS [  4.376 s]
[INFO] dolphinscheduler-registry-plugins .................. SUCCESS [  0.159 s]
[INFO] dolphinscheduler-registry-it ....................... SUCCESS [  3.043 s]
[INFO] dolphinscheduler-registry-zookeeper ................ SUCCESS [  3.961 s]
[INFO] dolphinscheduler-registry-jdbc ..................... SUCCESS [  4.289 s]
[INFO] dolphinscheduler-registry-etcd ..................... SUCCESS [  3.898 s]
[INFO] dolphinscheduler-registry-all ...................... SUCCESS [  2.622 s]
[INFO] dolphinscheduler-extract-alert ..................... SUCCESS [  4.328 s]
[INFO] dolphinscheduler-actuator-authentication ........... SUCCESS [  0.594 s]
[INFO] dolphinscheduler-alert-server ...................... SUCCESS [  2.919 s]
[INFO] dolphinscheduler-datasource-plugin ................. SUCCESS [  0.244 s]
[INFO] dolphinscheduler-datasource-api .................... SUCCESS [  5.082 s]
[INFO] dolphinscheduler-task-datax ........................ SUCCESS [  3.087 s]
[INFO] dolphinscheduler-task-flink ........................ SUCCESS [  2.034 s]
[INFO] dolphinscheduler-task-flink-stream ................. SUCCESS [  1.650 s]
[INFO] dolphinscheduler-task-grpc ......................... SUCCESS [  4.345 s]
[INFO] dolphinscheduler-task-http ......................... SUCCESS [  2.171 s]
[INFO] dolphinscheduler-task-mr ........................... SUCCESS [  1.978 s]
[INFO] dolphinscheduler-task-procedure .................... SUCCESS [  3.109 s]
[INFO] dolphinscheduler-task-python ....................... SUCCESS [  2.117 s]
[INFO] dolphinscheduler-task-seatunnel .................... SUCCESS [  2.046 s]
[INFO] dolphinscheduler-task-shell ........................ SUCCESS [  1.957 s]
[INFO] dolphinscheduler-task-spark ........................ SUCCESS [  2.074 s]
[INFO] dolphinscheduler-task-sql .......................... SUCCESS [  2.620 s]
[INFO] dolphinscheduler-task-sqoop ........................ SUCCESS [  2.829 s]
[INFO] dolphinscheduler-task-emr .......................... SUCCESS [  1.728 s]
[INFO] dolphinscheduler-datasource-zeppelin ............... SUCCESS [  3.486 s]
[INFO] dolphinscheduler-task-zeppelin ..................... SUCCESS [  2.485 s]
[INFO] dolphinscheduler-task-jupyter ...................... SUCCESS [  2.354 s]
[INFO] dolphinscheduler-datasource-k8s .................... SUCCESS [  3.058 s]
[INFO] dolphinscheduler-task-k8s .......................... SUCCESS [  2.603 s]
[INFO] dolphinscheduler-task-mlflow ....................... SUCCESS [  2.138 s]
[INFO] dolphinscheduler-task-openmldb ..................... SUCCESS [  1.399 s]
[INFO] dolphinscheduler-task-dvc .......................... SUCCESS [  2.223 s]
[INFO] dolphinscheduler-task-dinky ........................ SUCCESS [  2.369 s]
[INFO] dolphinscheduler-task-java ......................... SUCCESS [  2.078 s]
[INFO] dolphinscheduler-datasource-sagemaker .............. SUCCESS [  3.113 s]
[INFO] dolphinscheduler-task-sagemaker .................... SUCCESS [  1.919 s]
[INFO] dolphinscheduler-task-hivecli ...................... SUCCESS [  2.002 s]
[INFO] dolphinscheduler-task-chunjun ...................... SUCCESS [  4.483 s]
[INFO] dolphinscheduler-task-dms .......................... SUCCESS [  1.661 s]
[INFO] dolphinscheduler-task-datasync ..................... SUCCESS [  1.551 s]
[INFO] dolphinscheduler-task-kubeflow ..................... SUCCESS [  2.842 s]
[INFO] dolphinscheduler-task-linkis ....................... SUCCESS [  1.864 s]
[INFO] dolphinscheduler-task-datafactory .................. SUCCESS [  2.414 s]
[INFO] dolphinscheduler-datasource-ssh .................... SUCCESS [  2.890 s]
[INFO] dolphinscheduler-task-remoteshell .................. SUCCESS [  2.946 s]
[INFO] dolphinscheduler-datasource-clickhouse ............. SUCCESS [  2.769 s]
[INFO] dolphinscheduler-datasource-databend ............... SUCCESS [  2.865 s]
[INFO] dolphinscheduler-datasource-db2 .................... SUCCESS [  2.435 s]
[INFO] dolphinscheduler-datasource-hive ................... SUCCESS [  5.594 s]
[INFO] dolphinscheduler-datasource-mysql .................. SUCCESS [  2.524 s]
[INFO] dolphinscheduler-datasource-oceanbase .............. SUCCESS [  2.651 s]
[INFO] dolphinscheduler-datasource-oracle ................. SUCCESS [  2.430 s]
[INFO] dolphinscheduler-datasource-postgresql ............. SUCCESS [  2.475 s]
[INFO] dolphinscheduler-datasource-sqlserver .............. SUCCESS [  2.659 s]
[INFO] dolphinscheduler-datasource-redshift ............... SUCCESS [  2.395 s]
[INFO] dolphinscheduler-datasource-athena ................. SUCCESS [  2.800 s]
[INFO] dolphinscheduler-datasource-spark .................. SUCCESS [  4.261 s]
[INFO] dolphinscheduler-datasource-presto ................. SUCCESS [  2.783 s]
[INFO] dolphinscheduler-datasource-trino .................. SUCCESS [  2.659 s]
[INFO] dolphinscheduler-datasource-starrocks .............. SUCCESS [  2.668 s]
[INFO] dolphinscheduler-datasource-azure-sql .............. SUCCESS [  2.907 s]
[INFO] dolphinscheduler-datasource-dameng ................. SUCCESS [  2.548 s]
[INFO] dolphinscheduler-datasource-snowflake .............. SUCCESS [  2.666 s]
[INFO] dolphinscheduler-datasource-kyuubi ................. SUCCESS [  2.579 s]
[INFO] dolphinscheduler-datasource-vertica ................ SUCCESS [  2.518 s]
[INFO] dolphinscheduler-datasource-doris .................. SUCCESS [  2.479 s]
[INFO] dolphinscheduler-datasource-hana ................... SUCCESS [  2.333 s]
[INFO] dolphinscheduler-datasource-aliyunserverlessspark .. SUCCESS [  2.263 s]
[INFO] dolphinscheduler-datasource-dolphindb .............. SUCCESS [  2.494 s]
[INFO] dolphinscheduler-datasource-all .................... SUCCESS [  3.106 s]
[INFO] dolphinscheduler-task-aliyunserverlessspark ........ SUCCESS [  2.588 s]
[INFO] dolphinscheduler-task-all .......................... SUCCESS [  2.354 s]
[INFO] dolphinscheduler-extract-common .................... SUCCESS [  4.359 s]
[INFO] dolphinscheduler-eventbus .......................... SUCCESS [  0.574 s]
[INFO] dolphinscheduler-task-executor ..................... SUCCESS [  2.786 s]
[INFO] dolphinscheduler-extract-master .................... SUCCESS [  5.770 s]
[INFO] dolphinscheduler-extract-worker .................... SUCCESS [  5.182 s]
[INFO] dolphinscheduler-service ........................... SUCCESS [  2.671 s]
[INFO] dolphinscheduler-ui ................................ SUCCESS [  0.555 s]
[INFO] dolphinscheduler-scheduler-plugin .................. SUCCESS [  0.180 s]
[INFO] dolphinscheduler-scheduler-api ..................... SUCCESS [  2.858 s]
[INFO] dolphinscheduler-scheduler-quartz .................. SUCCESS [  3.306 s]
[INFO] dolphinscheduler-scheduler-all ..................... SUCCESS [  1.835 s]
[INFO] dolphinscheduler-storage-plugin .................... SUCCESS [  0.217 s]
[INFO] dolphinscheduler-storage-api ....................... SUCCESS [  1.699 s]
[INFO] dolphinscheduler-storage-s3 ........................ SUCCESS [  2.179 s]
[INFO] dolphinscheduler-storage-hdfs ...................... SUCCESS [  3.726 s]
[INFO] dolphinscheduler-storage-oss ....................... SUCCESS [  2.025 s]
[INFO] dolphinscheduler-storage-gcs ....................... SUCCESS [  2.322 s]
[INFO] dolphinscheduler-storage-abs ....................... SUCCESS [  3.015 s]
[INFO] dolphinscheduler-storage-obs ....................... SUCCESS [  1.863 s]
[INFO] dolphinscheduler-storage-cos ....................... SUCCESS [  2.195 s]
[INFO] dolphinscheduler-storage-all ....................... SUCCESS [  1.541 s]
[INFO] dolphinscheduler-api ............................... SUCCESS [  4.886 s]
[INFO] dolphinscheduler-yarn-aop .......................... SUCCESS [  3.638 s]
[INFO] dolphinscheduler-worker ............................ SUCCESS [  3.475 s]
[INFO] dolphinscheduler-master ............................ SUCCESS [  3.154 s]
[INFO] dolphinscheduler-standalone-server ................. SUCCESS [  3.553 s]
[INFO] dolphinscheduler-tools ............................. SUCCESS [  2.167 s]
[INFO] dolphinscheduler-dist .............................. SUCCESS [  5.706 s]
[INFO] dolphinscheduler-microbench ........................ SUCCESS [  4.720 s]
[INFO] ------------------------------------------------------------------------
[INFO] BUILD SUCCESS
[INFO] ------------------------------------------------------------------------
[INFO] Total time:  01:06 min (Wall Clock)
[INFO] Finished at: 2026-03-12T07:13:49Z
[INFO] ------------------------------------------------------------------------
