[INFO] Scanning for projects...
[INFO] ------------------------------------------------------------------------
[INFO] Detecting the operating system and CPU architecture
[INFO] ------------------------------------------------------------------------
[INFO] os.detected.name: linux
[INFO] os.detected.arch: x86_64
[INFO] os.detected.bitness: 64
[INFO] os.detected.version: 6.8
[INFO] os.detected.version.major: 6
[INFO] os.detected.version.minor: 8
[INFO] os.detected.release: ubuntu
[INFO] os.detected.release.version: 24.04
[INFO] os.detected.release.like.ubuntu: true
[INFO] os.detected.release.like.debian: true
[INFO] os.detected.classifier: linux-x86_64
[INFO] ------------------------------------------------------------------------
[INFO] Reactor Build Order:
[INFO]
[INFO] dolphinscheduler                                                   [pom]
[INFO] dolphinscheduler-bom                                               [pom]
[INFO] dolphinscheduler-authentication                                    [pom]
[INFO] dolphinscheduler-aws-authentication                                [jar]
[INFO] dolphinscheduler-common                                            [jar]
[INFO] dolphinscheduler-spi                                               [jar]
[INFO] dolphinscheduler-alert                                             [pom]
[INFO] dolphinscheduler-alert-plugins                                     [pom]
[INFO] dolphinscheduler-alert-api                                         [jar]
[INFO] dolphinscheduler-alert-prometheus                                  [jar]
[INFO] dolphinscheduler-alert-dingtalk                                    [jar]
[INFO] dolphinscheduler-alert-email                                       [jar]
[INFO] dolphinscheduler-alert-feishu                                      [jar]
[INFO] dolphinscheduler-alert-http                                        [jar]
[INFO] dolphinscheduler-alert-pagerduty                                   [jar]
[INFO] dolphinscheduler-alert-script                                      [jar]
[INFO] dolphinscheduler-alert-slack                                       [jar]
[INFO] dolphinscheduler-alert-telegram                                    [jar]
[INFO] dolphinscheduler-alert-webexteams                                  [jar]
[INFO] dolphinscheduler-alert-wechat                                      [jar]
[INFO] dolphinscheduler-alert-aliyunVoice                                 [jar]
[INFO] dolphinscheduler-alert-all                                         [jar]
[INFO] dolphinscheduler-meter                                             [jar]
[INFO] dolphinscheduler-task-plugin                                       [pom]
[INFO] dolphinscheduler-task-api                                          [jar]
[INFO] dolphinscheduler-dao-plugin                                        [pom]
[INFO] dolphinscheduler-dao-api                                           [jar]
[INFO] dolphinscheduler-dao-h2                                            [jar]
[INFO] dolphinscheduler-dao-postgresql                                    [jar]
[INFO] dolphinscheduler-dao-mysql                                         [jar]
[INFO] dolphinscheduler-dao-plugin-all                                    [jar]
[INFO] dolphinscheduler-dao                                               [jar]
[INFO] dolphinscheduler-extract                                           [pom]
[INFO] dolphinscheduler-extract-base                                      [jar]
[INFO] dolphinscheduler-registry                                          [pom]
[INFO] dolphinscheduler-registry-api                                      [jar]
[INFO] dolphinscheduler-registry-plugins                                  [pom]
[INFO] dolphinscheduler-registry-it                                       [jar]
[INFO] dolphinscheduler-registry-zookeeper                                [jar]
[INFO] dolphinscheduler-registry-jdbc                                     [jar]
[INFO] dolphinscheduler-registry-etcd                                     [jar]
[INFO] dolphinscheduler-registry-all                                      [jar]
[INFO] dolphinscheduler-extract-alert                                     [jar]
[INFO] dolphinscheduler-actuator-authentication                           [jar]
[INFO] dolphinscheduler-alert-server                                      [jar]
[INFO] dolphinscheduler-datasource-plugin                                 [pom]
[INFO] dolphinscheduler-datasource-api                                    [jar]
[INFO] dolphinscheduler-task-datax                                        [jar]
[INFO] dolphinscheduler-task-flink                                        [jar]
[INFO] dolphinscheduler-task-flink-stream                                 [jar]
[INFO] dolphinscheduler-task-grpc                                         [jar]
[INFO] dolphinscheduler-task-http                                         [jar]
[INFO] dolphinscheduler-task-mr                                           [jar]
[INFO] dolphinscheduler-task-procedure                                    [jar]
[INFO] dolphinscheduler-task-python                                       [jar]
[INFO] dolphinscheduler-task-seatunnel                                    [jar]
[INFO] dolphinscheduler-task-shell                                        [jar]
[INFO] dolphinscheduler-task-spark                                        [jar]
[INFO] dolphinscheduler-task-sql                                          [jar]
[INFO] dolphinscheduler-task-sqoop                                        [jar]
[INFO] dolphinscheduler-task-emr                                          [jar]
[INFO] dolphinscheduler-datasource-zeppelin                               [jar]
[INFO] dolphinscheduler-task-zeppelin                                     [jar]
[INFO] dolphinscheduler-task-jupyter                                      [jar]
[INFO] dolphinscheduler-datasource-k8s                                    [jar]
[INFO] dolphinscheduler-task-k8s                                          [jar]
[INFO] dolphinscheduler-task-mlflow                                       [jar]
[INFO] dolphinscheduler-task-openmldb                                     [jar]
[INFO] dolphinscheduler-task-dvc                                          [jar]
[INFO] dolphinscheduler-task-dinky                                        [jar]
[INFO] dolphinscheduler-task-java                                         [jar]
[INFO] dolphinscheduler-datasource-sagemaker                              [jar]
[INFO] dolphinscheduler-task-sagemaker                                    [jar]
[INFO] dolphinscheduler-task-hivecli                                      [jar]
[INFO] dolphinscheduler-task-chunjun                                      [jar]
[INFO] dolphinscheduler-task-dms                                          [jar]
[INFO] dolphinscheduler-task-datasync                                     [jar]
[INFO] dolphinscheduler-task-kubeflow                                     [jar]
[INFO] dolphinscheduler-task-linkis                                       [jar]
[INFO] dolphinscheduler-task-datafactory                                  [jar]
[INFO] dolphinscheduler-datasource-ssh                                    [jar]
[INFO] dolphinscheduler-task-remoteshell                                  [jar]
[INFO] dolphinscheduler-datasource-clickhouse                             [jar]
[INFO] dolphinscheduler-datasource-databend                               [jar]
[INFO] dolphinscheduler-datasource-db2                                    [jar]
[INFO] dolphinscheduler-datasource-hive                                   [jar]
[INFO] dolphinscheduler-datasource-mysql                                  [jar]
[INFO] dolphinscheduler-datasource-oceanbase                              [jar]
[INFO] dolphinscheduler-datasource-oracle                                 [jar]
[INFO] dolphinscheduler-datasource-postgresql                             [jar]
[INFO] dolphinscheduler-datasource-sqlserver                              [jar]
[INFO] dolphinscheduler-datasource-redshift                               [jar]
[INFO] dolphinscheduler-datasource-athena                                 [jar]
[INFO] dolphinscheduler-datasource-spark                                  [jar]
[INFO] dolphinscheduler-datasource-presto                                 [jar]
[INFO] dolphinscheduler-datasource-trino                                  [jar]
[INFO] dolphinscheduler-datasource-starrocks                              [jar]
[INFO] dolphinscheduler-datasource-azure-sql                              [jar]
[INFO] dolphinscheduler-datasource-dameng                                 [jar]
[INFO] dolphinscheduler-datasource-snowflake                              [jar]
[INFO] dolphinscheduler-datasource-kyuubi                                 [jar]
[INFO] dolphinscheduler-datasource-vertica                                [jar]
[INFO] dolphinscheduler-datasource-doris                                  [jar]
[INFO] dolphinscheduler-datasource-hana                                   [jar]
[INFO] dolphinscheduler-datasource-aliyunserverlessspark                  [jar]
[INFO] dolphinscheduler-datasource-dolphindb                              [jar]
[INFO] dolphinscheduler-datasource-all                                    [jar]
[INFO] dolphinscheduler-task-aliyunserverlessspark                        [jar]
[INFO] dolphinscheduler-task-all                                          [jar]
[INFO] dolphinscheduler-extract-common                                    [jar]
[INFO] dolphinscheduler-eventbus                                          [jar]
[INFO] dolphinscheduler-task-executor                                     [jar]
[INFO] dolphinscheduler-extract-master                                    [jar]
[INFO] dolphinscheduler-extract-worker                                    [jar]
[INFO] dolphinscheduler-service                                           [jar]
[INFO] dolphinscheduler-ui                                                [jar]
[INFO] dolphinscheduler-scheduler-plugin                                  [pom]
[INFO] dolphinscheduler-scheduler-api                                     [jar]
[INFO] dolphinscheduler-scheduler-quartz                                  [jar]
[INFO] dolphinscheduler-scheduler-all                                     [jar]
[INFO] dolphinscheduler-storage-plugin                                    [pom]
[INFO] dolphinscheduler-storage-api                                       [jar]
[INFO] dolphinscheduler-storage-s3                                        [jar]
[INFO] dolphinscheduler-storage-hdfs                                      [jar]
[INFO] dolphinscheduler-storage-oss                                       [jar]
[INFO] dolphinscheduler-storage-gcs                                       [jar]
[INFO] dolphinscheduler-storage-abs                                       [jar]
[INFO] dolphinscheduler-storage-obs                                       [jar]
[INFO] dolphinscheduler-storage-cos                                       [jar]
[INFO] dolphinscheduler-storage-all                                       [jar]
[INFO] dolphinscheduler-api                                               [jar]
[INFO] dolphinscheduler-yarn-aop                                          [jar]
[INFO] dolphinscheduler-worker                                            [jar]
[INFO] dolphinscheduler-master                                            [jar]
[INFO] dolphinscheduler-standalone-server                                 [jar]
[INFO] dolphinscheduler-tools                                             [jar]
[INFO] dolphinscheduler-dist                                              [jar]
[INFO] dolphinscheduler-microbench                                        [jar]
[INFO]
[INFO] ------------< org.apache.dolphinscheduler:dolphinscheduler >------------
[INFO] Building dolphinscheduler 3.4.2-SNAPSHOT                         [1/138]
[INFO]   from pom.xml
[INFO] --------------------------------[ pom ]---------------------------------
[INFO]
[INFO] --- clean:3.1.0:clean (default-clean) @ dolphinscheduler ---
[INFO] Deleting /app/target
[INFO]
[INFO] --- enforcer:3.0.0:enforce (enforce-maven-version) @ dolphinscheduler ---
[INFO]
[INFO] --- enforcer:3.0.0:enforce (enforce-java-version) @ dolphinscheduler ---
[INFO]
[INFO] --- remote-resources:1.7.0:process (process-resource-bundles) @ dolphinscheduler ---
[INFO] Preparing remote bundle org.apache:apache-jar-resource-bundle:1.4
[INFO] Copying 3 resources from 1 bundle.
[INFO]
[INFO] --- spotless:2.27.2:check (default) @ dolphinscheduler ---
[INFO] Spotless check skipped
[INFO]
[INFO] ----------< org.apache.dolphinscheduler:dolphinscheduler-bom >----------
[INFO] Building dolphinscheduler-bom 3.4.2-SNAPSHOT                     [2/138]
[INFO]   from dolphinscheduler-bom/pom.xml
[INFO] --------------------------------[ pom ]---------------------------------
[INFO]
[INFO] --- clean:3.1.0:clean (default-clean) @ dolphinscheduler-bom ---
[INFO] Deleting /app/dolphinscheduler-bom/target
[INFO]
[INFO] --- enforcer:3.0.0:enforce (enforce-maven-version) @ dolphinscheduler-bom ---
[INFO]
[INFO] --- enforcer:3.0.0:enforce (enforce-java-version) @ dolphinscheduler-bom ---
[INFO]
[INFO] --- remote-resources:1.7.0:process (process-resource-bundles) @ dolphinscheduler-bom ---
[INFO] Preparing remote bundle org.apache:apache-jar-resource-bundle:1.4
[INFO] Copying 3 resources from 1 bundle.
[INFO]
[INFO] --- spotless:2.27.2:check (default) @ dolphinscheduler-bom ---
[INFO] Spotless check skipped
[INFO]
[INFO] ----< org.apache.dolphinscheduler:dolphinscheduler-authentication >-----
[INFO] Building dolphinscheduler-authentication 3.4.2-SNAPSHOT          [3/138]
[INFO]   from dolphinscheduler-authentication/pom.xml
[INFO] --------------------------------[ pom ]---------------------------------
[INFO]
[INFO] --- clean:3.1.0:clean (default-clean) @ dolphinscheduler-authentication ---
[INFO] Deleting /app/dolphinscheduler-authentication/target
[INFO]
[INFO] --- enforcer:3.0.0:enforce (enforce-maven-version) @ dolphinscheduler-authentication ---
[INFO]
[INFO] --- enforcer:3.0.0:enforce (enforce-java-version) @ dolphinscheduler-authentication ---
[INFO]
[INFO] --- remote-resources:1.7.0:process (process-resource-bundles) @ dolphinscheduler-authentication ---
[INFO] Preparing remote bundle org.apache:apache-jar-resource-bundle:1.4
[INFO] Copying 3 resources from 1 bundle.
[INFO]
[INFO] --- spotless:2.27.2:check (default) @ dolphinscheduler-authentication ---
[INFO] Spotless check skipped
[INFO]
[INFO] --< org.apache.dolphinscheduler:dolphinscheduler-aws-authentication >---
[INFO] Building dolphinscheduler-aws-authentication 3.4.2-SNAPSHOT      [4/138]
[INFO]   from dolphinscheduler-authentication/dolphinscheduler-aws-authentication/pom.xml
[INFO] --------------------------------[ jar ]---------------------------------
[INFO]
[INFO] --- clean:3.1.0:clean (default-clean) @ dolphinscheduler-aws-authentication ---
[INFO] Deleting /app/dolphinscheduler-authentication/dolphinscheduler-aws-authentication/target
[INFO]
[INFO] --- enforcer:3.0.0:enforce (enforce-maven-version) @ dolphinscheduler-aws-authentication ---
[INFO]
[INFO] --- enforcer:3.0.0:enforce (enforce-java-version) @ dolphinscheduler-aws-authentication ---
[INFO]
[INFO] --- remote-resources:1.7.0:process (process-resource-bundles) @ dolphinscheduler-aws-authentication ---
[INFO] Preparing remote bundle org.apache:apache-jar-resource-bundle:1.4
[INFO] Copying 3 resources from 1 bundle.
[INFO]
[INFO] --- resources:3.2.0:resources (default-resources) @ dolphinscheduler-aws-authentication ---
[INFO] Using 'UTF-8' encoding to copy filtered resources.
[INFO] Using 'UTF-8' encoding to copy filtered properties files.
[INFO] Copying 1 resource
[INFO] Copying 3 resources
[INFO]
[INFO] --- compiler:3.13.0:compile (default-compile) @ dolphinscheduler-aws-authentication ---
[INFO] Recompiling the module because of changed source code.
[INFO] Compiling 8 source files with javac [debug target 17] to target/classes
[WARNING] system modules path not set in conjunction with -source 17
[INFO] Annotation processing is enabled because one or more processors were found
  on the class path. A future release of javac may disable annotation processing
  unless at least one processor is specified by name (-processor), or a search
  path is specified (--processor-path, --processor-module-path), or annotation
  processing is enabled explicitly (-proc:only, -proc:full).
  Use -Xlint:-options to suppress this message.
  Use -proc:none to disable annotation processing.
[INFO]
[INFO] --- spotless:2.27.2:check (default) @ dolphinscheduler-aws-authentication ---
[INFO] Spotless check skipped
[INFO]
[INFO] --------< org.apache.dolphinscheduler:dolphinscheduler-common >---------
[INFO] Building dolphinscheduler-common 3.4.2-SNAPSHOT                  [5/138]
[INFO]   from dolphinscheduler-common/pom.xml
[INFO] --------------------------------[ jar ]---------------------------------
[INFO]
[INFO] --- clean:3.1.0:clean (default-clean) @ dolphinscheduler-common ---
[INFO] Deleting /app/dolphinscheduler-common/target
[INFO]
[INFO] --- enforcer:3.0.0:enforce (enforce-maven-version) @ dolphinscheduler-common ---
[INFO]
[INFO] --- enforcer:3.0.0:enforce (enforce-java-version) @ dolphinscheduler-common ---
[INFO]
[INFO] --- remote-resources:1.7.0:process (process-resource-bundles) @ dolphinscheduler-common ---
[INFO] Preparing remote bundle org.apache:apache-jar-resource-bundle:1.4
[INFO] Copying 3 resources from 1 bundle.
[INFO]
[INFO] --- resources:3.2.0:resources (default-resources) @ dolphinscheduler-common ---
[INFO] Using 'UTF-8' encoding to copy filtered resources.
[INFO] Using 'UTF-8' encoding to copy filtered properties files.
[INFO] Copying 3 resources
[INFO] Copying 3 resources
[INFO]
[INFO] --- compiler:3.13.0:compile (default-compile) @ dolphinscheduler-common ---
[INFO] Recompiling the module because of changed dependency.
[INFO] Compiling 113 source files with javac [debug target 17] to target/classes
[WARNING] system modules path not set in conjunction with -source 17
[INFO] Annotation processing is enabled because one or more processors were found
  on the class path. A future release of javac may disable annotation processing
  unless at least one processor is specified by name (-processor), or a search
  path is specified (--processor-path, --processor-module-path), or annotation
  processing is enabled explicitly (-proc:only, -proc:full).
  Use -Xlint:-options to suppress this message.
  Use -proc:none to disable annotation processing.
[WARNING] /app/dolphinscheduler-common/src/main/java/org/apache/dolphinscheduler/common/utils/KerberosHttpClient.java:[123,27] <T>doAs(javax.security.auth.Subject,java.security.PrivilegedAction<T>) in javax.security.auth.Subject has been deprecated and marked for removal
[INFO]
[INFO] --- spotless:2.27.2:check (default) @ dolphinscheduler-common ---
[INFO] Spotless check skipped
[INFO]
[INFO] ----------< org.apache.dolphinscheduler:dolphinscheduler-spi >----------
[INFO] Building dolphinscheduler-spi 3.4.2-SNAPSHOT                     [6/138]
[INFO]   from dolphinscheduler-spi/pom.xml
[INFO] --------------------------------[ jar ]---------------------------------
[INFO]
[INFO] --- clean:3.1.0:clean (default-clean) @ dolphinscheduler-spi ---
[INFO] Deleting /app/dolphinscheduler-spi/target
[INFO]
[INFO] --- enforcer:3.0.0:enforce (enforce-maven-version) @ dolphinscheduler-spi ---
[INFO]
[INFO] --- enforcer:3.0.0:enforce (enforce-java-version) @ dolphinscheduler-spi ---
[INFO]
[INFO] --- remote-resources:1.7.0:process (process-resource-bundles) @ dolphinscheduler-spi ---
[INFO] Preparing remote bundle org.apache:apache-jar-resource-bundle:1.4
[INFO] Copying 3 resources from 1 bundle.
[INFO]
[INFO] --- resources:3.2.0:resources (default-resources) @ dolphinscheduler-spi ---
[INFO] Using 'UTF-8' encoding to copy filtered resources.
[INFO] Using 'UTF-8' encoding to copy filtered properties files.
[INFO] skip non existing resourceDirectory /app/dolphinscheduler-spi/src/main/resources
[INFO] Copying 3 resources
[INFO]
[INFO] --- compiler:3.13.0:compile (default-compile) @ dolphinscheduler-spi ---
[INFO] Recompiling the module because of changed dependency.
[INFO] Compiling 39 source files with javac [debug target 17] to target/classes
[WARNING] system modules path not set in conjunction with -source 17
[INFO] Annotation processing is enabled because one or more processors were found
  on the class path. A future release of javac may disable annotation processing
  unless at least one processor is specified by name (-processor), or a search
  path is specified (--processor-path, --processor-module-path), or annotation
  processing is enabled explicitly (-proc:only, -proc:full).
  Use -Xlint:-options to suppress this message.
  Use -proc:none to disable annotation processing.
[INFO]
[INFO] --- spotless:2.27.2:check (default) @ dolphinscheduler-spi ---
[INFO] Spotless check skipped
[INFO]
[INFO] ---------< org.apache.dolphinscheduler:dolphinscheduler-alert >---------
[INFO] Building dolphinscheduler-alert 3.4.2-SNAPSHOT                   [7/138]
[INFO]   from dolphinscheduler-alert/pom.xml
[INFO] --------------------------------[ pom ]---------------------------------
[INFO]
[INFO] --- clean:3.1.0:clean (default-clean) @ dolphinscheduler-alert ---
[INFO] Deleting /app/dolphinscheduler-alert/target
[INFO]
[INFO] --- enforcer:3.0.0:enforce (enforce-maven-version) @ dolphinscheduler-alert ---
[INFO]
[INFO] --- enforcer:3.0.0:enforce (enforce-java-version) @ dolphinscheduler-alert ---
[INFO]
[INFO] --- remote-resources:1.7.0:process (process-resource-bundles) @ dolphinscheduler-alert ---
[INFO] Preparing remote bundle org.apache:apache-jar-resource-bundle:1.4
[INFO] Copying 3 resources from 1 bundle.
[INFO]
[INFO] --- spotless:2.27.2:check (default) @ dolphinscheduler-alert ---
[INFO] Spotless check skipped
[INFO]
[INFO] -----< org.apache.dolphinscheduler:dolphinscheduler-alert-plugins >-----
[INFO] Building dolphinscheduler-alert-plugins 3.4.2-SNAPSHOT           [8/138]
[INFO]   from dolphinscheduler-alert/dolphinscheduler-alert-plugins/pom.xml
[INFO] --------------------------------[ pom ]---------------------------------
[INFO]
[INFO] --- clean:3.1.0:clean (default-clean) @ dolphinscheduler-alert-plugins ---
[INFO] Deleting /app/dolphinscheduler-alert/dolphinscheduler-alert-plugins/target
[INFO]
[INFO] --- enforcer:3.0.0:enforce (enforce-maven-version) @ dolphinscheduler-alert-plugins ---
[INFO]
[INFO] --- enforcer:3.0.0:enforce (enforce-java-version) @ dolphinscheduler-alert-plugins ---
[INFO]
[INFO] --- remote-resources:1.7.0:process (process-resource-bundles) @ dolphinscheduler-alert-plugins ---
[INFO] Preparing remote bundle org.apache:apache-jar-resource-bundle:1.4
[INFO] Copying 3 resources from 1 bundle.
[INFO]
[INFO] --- spotless:2.27.2:check (default) @ dolphinscheduler-alert-plugins ---
[INFO] Spotless check skipped
[INFO]
[INFO] -------< org.apache.dolphinscheduler:dolphinscheduler-alert-api >-------
[INFO] Building dolphinscheduler-alert-api 3.4.2-SNAPSHOT               [9/138]
[INFO]   from dolphinscheduler-alert/dolphinscheduler-alert-plugins/dolphinscheduler-alert-api/pom.xml
[INFO] --------------------------------[ jar ]---------------------------------
[INFO]
[INFO] --- clean:3.1.0:clean (default-clean) @ dolphinscheduler-alert-api ---
[INFO] Deleting /app/dolphinscheduler-alert/dolphinscheduler-alert-plugins/dolphinscheduler-alert-api/target
[INFO]
[INFO] --- enforcer:3.0.0:enforce (enforce-maven-version) @ dolphinscheduler-alert-api ---
[INFO]
[INFO] --- enforcer:3.0.0:enforce (enforce-java-version) @ dolphinscheduler-alert-api ---
[INFO]
[INFO] --- remote-resources:1.7.0:process (process-resource-bundles) @ dolphinscheduler-alert-api ---
[INFO] Preparing remote bundle org.apache:apache-jar-resource-bundle:1.4
[INFO] Copying 3 resources from 1 bundle.
[INFO]
[INFO] --- resources:3.2.0:resources (default-resources) @ dolphinscheduler-alert-api ---
[INFO] Using 'UTF-8' encoding to copy filtered resources.
[INFO] Using 'UTF-8' encoding to copy filtered properties files.
[INFO] skip non existing resourceDirectory /app/dolphinscheduler-alert/dolphinscheduler-alert-plugins/dolphinscheduler-alert-api/src/main/resources
[INFO] Copying 3 resources
[INFO]
[INFO] --- compiler:3.13.0:compile (default-compile) @ dolphinscheduler-alert-api ---
[INFO] Recompiling the module because of changed dependency.
[INFO] Compiling 9 source files with javac [debug target 17] to target/classes
[WARNING] system modules path not set in conjunction with -source 17
[INFO] Annotation processing is enabled because one or more processors were found
  on the class path. A future release of javac may disable annotation processing
  unless at least one processor is specified by name (-processor), or a search
  path is specified (--processor-path, --processor-module-path), or annotation
  processing is enabled explicitly (-proc:only, -proc:full).
  Use -Xlint:-options to suppress this message.
  Use -proc:none to disable annotation processing.
[INFO]
[INFO] --- spotless:2.27.2:check (default) @ dolphinscheduler-alert-api ---
[INFO] Spotless check skipped
[INFO]
[INFO] ---< org.apache.dolphinscheduler:dolphinscheduler-alert-prometheus >----
[INFO] Building dolphinscheduler-alert-prometheus 3.4.2-SNAPSHOT       [10/138]
[INFO]   from dolphinscheduler-alert/dolphinscheduler-alert-plugins/dolphinscheduler-alert-prometheus/pom.xml
[INFO] --------------------------------[ jar ]---------------------------------
[INFO]
[INFO] --- clean:3.1.0:clean (default-clean) @ dolphinscheduler-alert-prometheus ---
[INFO] Deleting /app/dolphinscheduler-alert/dolphinscheduler-alert-plugins/dolphinscheduler-alert-prometheus/target
[INFO]
[INFO] --- enforcer:3.0.0:enforce (enforce-maven-version) @ dolphinscheduler-alert-prometheus ---
[INFO]
[INFO] --- enforcer:3.0.0:enforce (enforce-java-version) @ dolphinscheduler-alert-prometheus ---
[INFO]
[INFO] --- remote-resources:1.7.0:process (process-resource-bundles) @ dolphinscheduler-alert-prometheus ---
[INFO] Preparing remote bundle org.apache:apache-jar-resource-bundle:1.4
[INFO] Copying 3 resources from 1 bundle.
[INFO]
[INFO] --- resources:3.2.0:resources (default-resources) @ dolphinscheduler-alert-prometheus ---
[INFO] Using 'UTF-8' encoding to copy filtered resources.
[INFO] Using 'UTF-8' encoding to copy filtered properties files.
[INFO] skip non existing resourceDirectory /app/dolphinscheduler-alert/dolphinscheduler-alert-plugins/dolphinscheduler-alert-prometheus/src/main/resources
[INFO] Copying 3 resources
[INFO]
[INFO] --- compiler:3.13.0:compile (default-compile) @ dolphinscheduler-alert-prometheus ---
[INFO] Recompiling the module because of changed dependency.
[INFO] Compiling 4 source files with javac [debug target 17] to target/classes
[WARNING] system modules path not set in conjunction with -source 17
[INFO] Annotation processing is enabled because one or more processors were found
  on the class path. A future release of javac may disable annotation processing
  unless at least one processor is specified by name (-processor), or a search
  path is specified (--processor-path, --processor-module-path), or annotation
  processing is enabled explicitly (-proc:only, -proc:full).
  Use -Xlint:-options to suppress this message.
  Use -proc:none to disable annotation processing.
[INFO] /app/dolphinscheduler-alert/dolphinscheduler-alert-plugins/dolphinscheduler-alert-prometheus/src/main/java/org/apache/dolphinscheduler/plugin/alert/prometheus/PrometheusAlertSender.java: /app/dolphinscheduler-alert/dolphinscheduler-alert-plugins/dolphinscheduler-alert-prometheus/src/main/java/org/apache/dolphinscheduler/plugin/alert/prometheus/PrometheusAlertSender.java uses unchecked or unsafe operations.
[INFO] /app/dolphinscheduler-alert/dolphinscheduler-alert-plugins/dolphinscheduler-alert-prometheus/src/main/java/org/apache/dolphinscheduler/plugin/alert/prometheus/PrometheusAlertSender.java: Recompile with -Xlint:unchecked for details.
[INFO]
[INFO] --- spotless:2.27.2:check (default) @ dolphinscheduler-alert-prometheus ---
[INFO] Spotless check skipped
[INFO]
[INFO] ----< org.apache.dolphinscheduler:dolphinscheduler-alert-dingtalk >-----
[INFO] Building dolphinscheduler-alert-dingtalk 3.4.2-SNAPSHOT         [11/138]
[INFO]   from dolphinscheduler-alert/dolphinscheduler-alert-plugins/dolphinscheduler-alert-dingtalk/pom.xml
[INFO] --------------------------------[ jar ]---------------------------------
[INFO]
[INFO] --- clean:3.1.0:clean (default-clean) @ dolphinscheduler-alert-dingtalk ---
[INFO] Deleting /app/dolphinscheduler-alert/dolphinscheduler-alert-plugins/dolphinscheduler-alert-dingtalk/target
[INFO]
[INFO] --- enforcer:3.0.0:enforce (enforce-maven-version) @ dolphinscheduler-alert-dingtalk ---
[INFO]
[INFO] --- enforcer:3.0.0:enforce (enforce-java-version) @ dolphinscheduler-alert-dingtalk ---
[INFO]
[INFO] --- remote-resources:1.7.0:process (process-resource-bundles) @ dolphinscheduler-alert-dingtalk ---
[INFO] Preparing remote bundle org.apache:apache-jar-resource-bundle:1.4
[INFO] Copying 3 resources from 1 bundle.
[INFO]
[INFO] --- resources:3.2.0:resources (default-resources) @ dolphinscheduler-alert-dingtalk ---
[INFO] Using 'UTF-8' encoding to copy filtered resources.
[INFO] Using 'UTF-8' encoding to copy filtered properties files.
[INFO] skip non existing resourceDirectory /app/dolphinscheduler-alert/dolphinscheduler-alert-plugins/dolphinscheduler-alert-dingtalk/src/main/resources
[INFO] Copying 3 resources
[INFO]
[INFO] --- compiler:3.13.0:compile (default-compile) @ dolphinscheduler-alert-dingtalk ---
[INFO] Recompiling the module because of changed dependency.
[INFO] Compiling 4 source files with javac [debug target 17] to target/classes
[WARNING] system modules path not set in conjunction with -source 17
[INFO] Annotation processing is enabled because one or more processors were found
  on the class path. A future release of javac may disable annotation processing
  unless at least one processor is specified by name (-processor), or a search
  path is specified (--processor-path, --processor-module-path), or annotation
  processing is enabled explicitly (-proc:only, -proc:full).
  Use -Xlint:-options to suppress this message.
  Use -proc:none to disable annotation processing.
[INFO]
[INFO] --- spotless:2.27.2:check (default) @ dolphinscheduler-alert-dingtalk ---
[INFO] Spotless check skipped
[INFO]
[INFO] ------< org.apache.dolphinscheduler:dolphinscheduler-alert-email >------
[INFO] Building dolphinscheduler-alert-email 3.4.2-SNAPSHOT            [12/138]
[INFO]   from dolphinscheduler-alert/dolphinscheduler-alert-plugins/dolphinscheduler-alert-email/pom.xml
[INFO] --------------------------------[ jar ]---------------------------------
[INFO]
[INFO] --- clean:3.1.0:clean (default-clean) @ dolphinscheduler-alert-email ---
[INFO] Deleting /app/dolphinscheduler-alert/dolphinscheduler-alert-plugins/dolphinscheduler-alert-email/target
[INFO]
[INFO] --- enforcer:3.0.0:enforce (enforce-maven-version) @ dolphinscheduler-alert-email ---
[INFO]
[INFO] --- enforcer:3.0.0:enforce (enforce-java-version) @ dolphinscheduler-alert-email ---
[INFO]
[INFO] --- remote-resources:1.7.0:process (process-resource-bundles) @ dolphinscheduler-alert-email ---
[INFO] Preparing remote bundle org.apache:apache-jar-resource-bundle:1.4
[INFO] Copying 3 resources from 1 bundle.
[INFO]
[INFO] --- resources:3.2.0:resources (default-resources) @ dolphinscheduler-alert-email ---
[INFO] Using 'UTF-8' encoding to copy filtered resources.
[INFO] Using 'UTF-8' encoding to copy filtered properties files.
[INFO] skip non existing resourceDirectory /app/dolphinscheduler-alert/dolphinscheduler-alert-plugins/dolphinscheduler-alert-email/src/main/resources
[INFO] Copying 3 resources
[INFO]
[INFO] --- compiler:3.13.0:compile (default-compile) @ dolphinscheduler-alert-email ---
[INFO] Recompiling the module because of changed dependency.
[INFO] Compiling 9 source files with javac [debug target 17] to target/classes
[WARNING] system modules path not set in conjunction with -source 17
[INFO] Annotation processing is enabled because one or more processors were found
  on the class path. A future release of javac may disable annotation processing
  unless at least one processor is specified by name (-processor), or a search
  path is specified (--processor-path, --processor-module-path), or annotation
  processing is enabled explicitly (-proc:only, -proc:full).
  Use -Xlint:-options to suppress this message.
  Use -proc:none to disable annotation processing.
[INFO] /app/dolphinscheduler-alert/dolphinscheduler-alert-plugins/dolphinscheduler-alert-email/src/main/java/org/apache/dolphinscheduler/plugin/alert/email/ExcelUtils.java: Some input files use unchecked or unsafe operations.
[INFO] /app/dolphinscheduler-alert/dolphinscheduler-alert-plugins/dolphinscheduler-alert-email/src/main/java/org/apache/dolphinscheduler/plugin/alert/email/ExcelUtils.java: Recompile with -Xlint:unchecked for details.
[INFO]
[INFO] --- spotless:2.27.2:check (default) @ dolphinscheduler-alert-email ---
[INFO] Spotless check skipped
[INFO]
[INFO] -----< org.apache.dolphinscheduler:dolphinscheduler-alert-feishu >------
[INFO] Building dolphinscheduler-alert-feishu 3.4.2-SNAPSHOT           [13/138]
[INFO]   from dolphinscheduler-alert/dolphinscheduler-alert-plugins/dolphinscheduler-alert-feishu/pom.xml
[INFO] --------------------------------[ jar ]---------------------------------
[INFO]
[INFO] --- clean:3.1.0:clean (default-clean) @ dolphinscheduler-alert-feishu ---
[INFO] Deleting /app/dolphinscheduler-alert/dolphinscheduler-alert-plugins/dolphinscheduler-alert-feishu/target
[INFO]
[INFO] --- enforcer:3.0.0:enforce (enforce-maven-version) @ dolphinscheduler-alert-feishu ---
[INFO]
[INFO] --- enforcer:3.0.0:enforce (enforce-java-version) @ dolphinscheduler-alert-feishu ---
[INFO]
[INFO] --- remote-resources:1.7.0:process (process-resource-bundles) @ dolphinscheduler-alert-feishu ---
[INFO] Preparing remote bundle org.apache:apache-jar-resource-bundle:1.4
[INFO] Copying 3 resources from 1 bundle.
[INFO]
[INFO] --- resources:3.2.0:resources (default-resources) @ dolphinscheduler-alert-feishu ---
[INFO] Using 'UTF-8' encoding to copy filtered resources.
[INFO] Using 'UTF-8' encoding to copy filtered properties files.
[INFO] skip non existing resourceDirectory /app/dolphinscheduler-alert/dolphinscheduler-alert-plugins/dolphinscheduler-alert-feishu/src/main/resources
[INFO] Copying 3 resources
[INFO]
[INFO] --- compiler:3.13.0:compile (default-compile) @ dolphinscheduler-alert-feishu ---
[INFO] Recompiling the module because of changed dependency.
[INFO] Compiling 5 source files with javac [debug target 17] to target/classes
[WARNING] system modules path not set in conjunction with -source 17
[INFO] Annotation processing is enabled because one or more processors were found
  on the class path. A future release of javac may disable annotation processing
  unless at least one processor is specified by name (-processor), or a search
  path is specified (--processor-path, --processor-module-path), or annotation
  processing is enabled explicitly (-proc:only, -proc:full).
  Use -Xlint:-options to suppress this message.
  Use -proc:none to disable annotation processing.
[INFO] /app/dolphinscheduler-alert/dolphinscheduler-alert-plugins/dolphinscheduler-alert-feishu/src/main/java/org/apache/dolphinscheduler/plugin/alert/feishu/FeiShuSender.java: /app/dolphinscheduler-alert/dolphinscheduler-alert-plugins/dolphinscheduler-alert-feishu/src/main/java/org/apache/dolphinscheduler/plugin/alert/feishu/FeiShuSender.java uses unchecked or unsafe operations.
[INFO] /app/dolphinscheduler-alert/dolphinscheduler-alert-plugins/dolphinscheduler-alert-feishu/src/main/java/org/apache/dolphinscheduler/plugin/alert/feishu/FeiShuSender.java: Recompile with -Xlint:unchecked for details.
[INFO]
[INFO] --- spotless:2.27.2:check (default) @ dolphinscheduler-alert-feishu ---
[INFO] Spotless check skipped
[INFO]
[INFO] ------< org.apache.dolphinscheduler:dolphinscheduler-alert-http >-------
[INFO] Building dolphinscheduler-alert-http 3.4.2-SNAPSHOT             [14/138]
[INFO]   from dolphinscheduler-alert/dolphinscheduler-alert-plugins/dolphinscheduler-alert-http/pom.xml
[INFO] --------------------------------[ jar ]---------------------------------
[INFO]
[INFO] --- clean:3.1.0:clean (default-clean) @ dolphinscheduler-alert-http ---
[INFO] Deleting /app/dolphinscheduler-alert/dolphinscheduler-alert-plugins/dolphinscheduler-alert-http/target
[INFO]
[INFO] --- enforcer:3.0.0:enforce (enforce-maven-version) @ dolphinscheduler-alert-http ---
[INFO]
[INFO] --- enforcer:3.0.0:enforce (enforce-java-version) @ dolphinscheduler-alert-http ---
[INFO]
[INFO] --- remote-resources:1.7.0:process (process-resource-bundles) @ dolphinscheduler-alert-http ---
[INFO] Preparing remote bundle org.apache:apache-jar-resource-bundle:1.4
[INFO] Copying 3 resources from 1 bundle.
[INFO]
[INFO] --- resources:3.2.0:resources (default-resources) @ dolphinscheduler-alert-http ---
[INFO] Using 'UTF-8' encoding to copy filtered resources.
[INFO] Using 'UTF-8' encoding to copy filtered properties files.
[INFO] skip non existing resourceDirectory /app/dolphinscheduler-alert/dolphinscheduler-alert-plugins/dolphinscheduler-alert-http/src/main/resources
[INFO] Copying 3 resources
[INFO]
[INFO] --- compiler:3.13.0:compile (default-compile) @ dolphinscheduler-alert-http ---
[INFO] Recompiling the module because of changed dependency.
[INFO] Compiling 5 source files with javac [debug target 17] to target/classes
[WARNING] system modules path not set in conjunction with -source 17
[INFO] Annotation processing is enabled because one or more processors were found
  on the class path. A future release of javac may disable annotation processing
  unless at least one processor is specified by name (-processor), or a search
  path is specified (--processor-path, --processor-module-path), or annotation
  processing is enabled explicitly (-proc:only, -proc:full).
  Use -Xlint:-options to suppress this message.
  Use -proc:none to disable annotation processing.
[INFO]
[INFO] --- spotless:2.27.2:check (default) @ dolphinscheduler-alert-http ---
[INFO] Spotless check skipped
[INFO]
[INFO] ----< org.apache.dolphinscheduler:dolphinscheduler-alert-pagerduty >----
[INFO] Building dolphinscheduler-alert-pagerduty 3.4.2-SNAPSHOT        [15/138]
[INFO]   from dolphinscheduler-alert/dolphinscheduler-alert-plugins/dolphinscheduler-alert-pagerduty/pom.xml
[INFO] --------------------------------[ jar ]---------------------------------
[INFO]
[INFO] --- clean:3.1.0:clean (default-clean) @ dolphinscheduler-alert-pagerduty ---
[INFO] Deleting /app/dolphinscheduler-alert/dolphinscheduler-alert-plugins/dolphinscheduler-alert-pagerduty/target
[INFO]
[INFO] --- enforcer:3.0.0:enforce (enforce-maven-version) @ dolphinscheduler-alert-pagerduty ---
[INFO]
[INFO] --- enforcer:3.0.0:enforce (enforce-java-version) @ dolphinscheduler-alert-pagerduty ---
[INFO]
[INFO] --- remote-resources:1.7.0:process (process-resource-bundles) @ dolphinscheduler-alert-pagerduty ---
[INFO] Preparing remote bundle org.apache:apache-jar-resource-bundle:1.4
[INFO] Copying 3 resources from 1 bundle.
[INFO]
[INFO] --- resources:3.2.0:resources (default-resources) @ dolphinscheduler-alert-pagerduty ---
[INFO] Using 'UTF-8' encoding to copy filtered resources.
[INFO] Using 'UTF-8' encoding to copy filtered properties files.
[INFO] skip non existing resourceDirectory /app/dolphinscheduler-alert/dolphinscheduler-alert-plugins/dolphinscheduler-alert-pagerduty/src/main/resources
[INFO] Copying 3 resources
[INFO]
[INFO] --- compiler:3.13.0:compile (default-compile) @ dolphinscheduler-alert-pagerduty ---
[INFO] Recompiling the module because of changed dependency.
[INFO] Compiling 4 source files with javac [debug target 17] to target/classes
[WARNING] system modules path not set in conjunction with -source 17
[INFO] Annotation processing is enabled because one or more processors were found
  on the class path. A future release of javac may disable annotation processing
  unless at least one processor is specified by name (-processor), or a search
  path is specified (--processor-path, --processor-module-path), or annotation
  processing is enabled explicitly (-proc:only, -proc:full).
  Use -Xlint:-options to suppress this message.
  Use -proc:none to disable annotation processing.
[INFO] /app/dolphinscheduler-alert/dolphinscheduler-alert-plugins/dolphinscheduler-alert-pagerduty/src/main/java/org/apache/dolphinscheduler/plugin/alert/pagerduty/PagerDutySender.java: /app/dolphinscheduler-alert/dolphinscheduler-alert-plugins/dolphinscheduler-alert-pagerduty/src/main/java/org/apache/dolphinscheduler/plugin/alert/pagerduty/PagerDutySender.java uses unchecked or unsafe operations.
[INFO] /app/dolphinscheduler-alert/dolphinscheduler-alert-plugins/dolphinscheduler-alert-pagerduty/src/main/java/org/apache/dolphinscheduler/plugin/alert/pagerduty/PagerDutySender.java: Recompile with -Xlint:unchecked for details.
[INFO]
[INFO] --- spotless:2.27.2:check (default) @ dolphinscheduler-alert-pagerduty ---
[INFO] Spotless check skipped
[INFO]
[INFO] -----< org.apache.dolphinscheduler:dolphinscheduler-alert-script >------
[INFO] Building dolphinscheduler-alert-script 3.4.2-SNAPSHOT           [16/138]
[INFO]   from dolphinscheduler-alert/dolphinscheduler-alert-plugins/dolphinscheduler-alert-script/pom.xml
[INFO] --------------------------------[ jar ]---------------------------------
[INFO]
[INFO] --- clean:3.1.0:clean (default-clean) @ dolphinscheduler-alert-script ---
[INFO] Deleting /app/dolphinscheduler-alert/dolphinscheduler-alert-plugins/dolphinscheduler-alert-script/target
[INFO]
[INFO] --- enforcer:3.0.0:enforce (enforce-maven-version) @ dolphinscheduler-alert-script ---
[INFO]
[INFO] --- enforcer:3.0.0:enforce (enforce-java-version) @ dolphinscheduler-alert-script ---
[INFO]
[INFO] --- remote-resources:1.7.0:process (process-resource-bundles) @ dolphinscheduler-alert-script ---
[INFO] Preparing remote bundle org.apache:apache-jar-resource-bundle:1.4
[INFO] Copying 3 resources from 1 bundle.
[INFO]
[INFO] --- resources:3.2.0:resources (default-resources) @ dolphinscheduler-alert-script ---
[INFO] Using 'UTF-8' encoding to copy filtered resources.
[INFO] Using 'UTF-8' encoding to copy filtered properties files.
[INFO] skip non existing resourceDirectory /app/dolphinscheduler-alert/dolphinscheduler-alert-plugins/dolphinscheduler-alert-script/src/main/resources
[INFO] Copying 3 resources
[INFO]
[INFO] --- compiler:3.13.0:compile (default-compile) @ dolphinscheduler-alert-script ---
[INFO] Recompiling the module because of changed dependency.
[INFO] Compiling 7 source files with javac [debug target 17] to target/classes
[WARNING] system modules path not set in conjunction with -source 17
[INFO] Annotation processing is enabled because one or more processors were found
  on the class path. A future release of javac may disable annotation processing
  unless at least one processor is specified by name (-processor), or a search
  path is specified (--processor-path, --processor-module-path), or annotation
  processing is enabled explicitly (-proc:only, -proc:full).
  Use -Xlint:-options to suppress this message.
  Use -proc:none to disable annotation processing.
[INFO]
[INFO] --- spotless:2.27.2:check (default) @ dolphinscheduler-alert-script ---
[INFO] Spotless check skipped
[INFO]
[INFO] ------< org.apache.dolphinscheduler:dolphinscheduler-alert-slack >------
[INFO] Building dolphinscheduler-alert-slack 3.4.2-SNAPSHOT            [17/138]
[INFO]   from dolphinscheduler-alert/dolphinscheduler-alert-plugins/dolphinscheduler-alert-slack/pom.xml
[INFO] --------------------------------[ jar ]---------------------------------
[INFO]
[INFO] --- clean:3.1.0:clean (default-clean) @ dolphinscheduler-alert-slack ---
[INFO] Deleting /app/dolphinscheduler-alert/dolphinscheduler-alert-plugins/dolphinscheduler-alert-slack/target
[INFO]
[INFO] --- enforcer:3.0.0:enforce (enforce-maven-version) @ dolphinscheduler-alert-slack ---
[INFO]
[INFO] --- enforcer:3.0.0:enforce (enforce-java-version) @ dolphinscheduler-alert-slack ---
[INFO]
[INFO] --- remote-resources:1.7.0:process (process-resource-bundles) @ dolphinscheduler-alert-slack ---
[INFO] Preparing remote bundle org.apache:apache-jar-resource-bundle:1.4
[INFO] Copying 3 resources from 1 bundle.
[INFO]
[INFO] --- resources:3.2.0:resources (default-resources) @ dolphinscheduler-alert-slack ---
[INFO] Using 'UTF-8' encoding to copy filtered resources.
[INFO] Using 'UTF-8' encoding to copy filtered properties files.
[INFO] skip non existing resourceDirectory /app/dolphinscheduler-alert/dolphinscheduler-alert-plugins/dolphinscheduler-alert-slack/src/main/resources
[INFO] Copying 3 resources
[INFO]
[INFO] --- compiler:3.13.0:compile (default-compile) @ dolphinscheduler-alert-slack ---
[INFO] Recompiling the module because of changed dependency.
[INFO] Compiling 4 source files with javac [debug target 17] to target/classes
[WARNING] system modules path not set in conjunction with -source 17
[INFO] Annotation processing is enabled because one or more processors were found
  on the class path. A future release of javac may disable annotation processing
  unless at least one processor is specified by name (-processor), or a search
  path is specified (--processor-path, --processor-module-path), or annotation
  processing is enabled explicitly (-proc:only, -proc:full).
  Use -Xlint:-options to suppress this message.
  Use -proc:none to disable annotation processing.
[INFO] /app/dolphinscheduler-alert/dolphinscheduler-alert-plugins/dolphinscheduler-alert-slack/src/main/java/org/apache/dolphinscheduler/plugin/alert/slack/SlackSender.java: /app/dolphinscheduler-alert/dolphinscheduler-alert-plugins/dolphinscheduler-alert-slack/src/main/java/org/apache/dolphinscheduler/plugin/alert/slack/SlackSender.java uses unchecked or unsafe operations.
[INFO] /app/dolphinscheduler-alert/dolphinscheduler-alert-plugins/dolphinscheduler-alert-slack/src/main/java/org/apache/dolphinscheduler/plugin/alert/slack/SlackSender.java: Recompile with -Xlint:unchecked for details.
[INFO]
[INFO] --- spotless:2.27.2:check (default) @ dolphinscheduler-alert-slack ---
[INFO] Spotless check skipped
[INFO]
[INFO] ----< org.apache.dolphinscheduler:dolphinscheduler-alert-telegram >-----
[INFO] Building dolphinscheduler-alert-telegram 3.4.2-SNAPSHOT         [18/138]
[INFO]   from dolphinscheduler-alert/dolphinscheduler-alert-plugins/dolphinscheduler-alert-telegram/pom.xml
[INFO] --------------------------------[ jar ]---------------------------------
[INFO]
[INFO] --- clean:3.1.0:clean (default-clean) @ dolphinscheduler-alert-telegram ---
[INFO] Deleting /app/dolphinscheduler-alert/dolphinscheduler-alert-plugins/dolphinscheduler-alert-telegram/target
[INFO]
[INFO] --- enforcer:3.0.0:enforce (enforce-maven-version) @ dolphinscheduler-alert-telegram ---
[INFO]
[INFO] --- enforcer:3.0.0:enforce (enforce-java-version) @ dolphinscheduler-alert-telegram ---
[INFO]
[INFO] --- remote-resources:1.7.0:process (process-resource-bundles) @ dolphinscheduler-alert-telegram ---
[INFO] Preparing remote bundle org.apache:apache-jar-resource-bundle:1.4
[INFO] Copying 3 resources from 1 bundle.
[INFO]
[INFO] --- resources:3.2.0:resources (default-resources) @ dolphinscheduler-alert-telegram ---
[INFO] Using 'UTF-8' encoding to copy filtered resources.
[INFO] Using 'UTF-8' encoding to copy filtered properties files.
[INFO] skip non existing resourceDirectory /app/dolphinscheduler-alert/dolphinscheduler-alert-plugins/dolphinscheduler-alert-telegram/src/main/resources
[INFO] Copying 3 resources
[INFO]
[INFO] --- compiler:3.13.0:compile (default-compile) @ dolphinscheduler-alert-telegram ---
[INFO] Recompiling the module because of changed dependency.
[INFO] Compiling 5 source files with javac [debug target 17] to target/classes
[WARNING] system modules path not set in conjunction with -source 17
[INFO] Annotation processing is enabled because one or more processors were found
  on the class path. A future release of javac may disable annotation processing
  unless at least one processor is specified by name (-processor), or a search
  path is specified (--processor-path, --processor-module-path), or annotation
  processing is enabled explicitly (-proc:only, -proc:full).
  Use -Xlint:-options to suppress this message.
  Use -proc:none to disable annotation processing.
[INFO]
[INFO] --- spotless:2.27.2:check (default) @ dolphinscheduler-alert-telegram ---
[INFO] Spotless check skipped
[INFO]
[INFO] ---< org.apache.dolphinscheduler:dolphinscheduler-alert-webexteams >----
[INFO] Building dolphinscheduler-alert-webexteams 3.4.2-SNAPSHOT       [19/138]
[INFO]   from dolphinscheduler-alert/dolphinscheduler-alert-plugins/dolphinscheduler-alert-webexteams/pom.xml
[INFO] --------------------------------[ jar ]---------------------------------
[INFO]
[INFO] --- clean:3.1.0:clean (default-clean) @ dolphinscheduler-alert-webexteams ---
[INFO] Deleting /app/dolphinscheduler-alert/dolphinscheduler-alert-plugins/dolphinscheduler-alert-webexteams/target
[INFO]
[INFO] --- enforcer:3.0.0:enforce (enforce-maven-version) @ dolphinscheduler-alert-webexteams ---
[INFO]
[INFO] --- enforcer:3.0.0:enforce (enforce-java-version) @ dolphinscheduler-alert-webexteams ---
[INFO]
[INFO] --- remote-resources:1.7.0:process (process-resource-bundles) @ dolphinscheduler-alert-webexteams ---
[INFO] Preparing remote bundle org.apache:apache-jar-resource-bundle:1.4
[INFO] Copying 3 resources from 1 bundle.
[INFO]
[INFO] --- resources:3.2.0:resources (default-resources) @ dolphinscheduler-alert-webexteams ---
[INFO] Using 'UTF-8' encoding to copy filtered resources.
[INFO] Using 'UTF-8' encoding to copy filtered properties files.
[INFO] skip non existing resourceDirectory /app/dolphinscheduler-alert/dolphinscheduler-alert-plugins/dolphinscheduler-alert-webexteams/src/main/resources
[INFO] Copying 3 resources
[INFO]
[INFO] --- compiler:3.13.0:compile (default-compile) @ dolphinscheduler-alert-webexteams ---
[INFO] Recompiling the module because of changed dependency.
[INFO] Compiling 6 source files with javac [debug target 17] to target/classes
[WARNING] system modules path not set in conjunction with -source 17
[INFO] Annotation processing is enabled because one or more processors were found
  on the class path. A future release of javac may disable annotation processing
  unless at least one processor is specified by name (-processor), or a search
  path is specified (--processor-path, --processor-module-path), or annotation
  processing is enabled explicitly (-proc:only, -proc:full).
  Use -Xlint:-options to suppress this message.
  Use -proc:none to disable annotation processing.
[INFO] /app/dolphinscheduler-alert/dolphinscheduler-alert-plugins/dolphinscheduler-alert-webexteams/src/main/java/org/apache/dolphinscheduler/plugin/alert/webexteams/WebexTeamsSender.java: /app/dolphinscheduler-alert/dolphinscheduler-alert-plugins/dolphinscheduler-alert-webexteams/src/main/java/org/apache/dolphinscheduler/plugin/alert/webexteams/WebexTeamsSender.java uses unchecked or unsafe operations.
[INFO] /app/dolphinscheduler-alert/dolphinscheduler-alert-plugins/dolphinscheduler-alert-webexteams/src/main/java/org/apache/dolphinscheduler/plugin/alert/webexteams/WebexTeamsSender.java: Recompile with -Xlint:unchecked for details.
[INFO]
[INFO] --- spotless:2.27.2:check (default) @ dolphinscheduler-alert-webexteams ---
[INFO] Spotless check skipped
[INFO]
[INFO] -----< org.apache.dolphinscheduler:dolphinscheduler-alert-wechat >------
[INFO] Building dolphinscheduler-alert-wechat 3.4.2-SNAPSHOT           [20/138]
[INFO]   from dolphinscheduler-alert/dolphinscheduler-alert-plugins/dolphinscheduler-alert-wechat/pom.xml
[INFO] --------------------------------[ jar ]---------------------------------
[INFO]
[INFO] --- clean:3.1.0:clean (default-clean) @ dolphinscheduler-alert-wechat ---
[INFO] Deleting /app/dolphinscheduler-alert/dolphinscheduler-alert-plugins/dolphinscheduler-alert-wechat/target
[INFO]
[INFO] --- enforcer:3.0.0:enforce (enforce-maven-version) @ dolphinscheduler-alert-wechat ---
[INFO]
[INFO] --- enforcer:3.0.0:enforce (enforce-java-version) @ dolphinscheduler-alert-wechat ---
[INFO]
[INFO] --- remote-resources:1.7.0:process (process-resource-bundles) @ dolphinscheduler-alert-wechat ---
[INFO] Preparing remote bundle org.apache:apache-jar-resource-bundle:1.4
[INFO] Copying 3 resources from 1 bundle.
[INFO]
[INFO] --- resources:3.2.0:resources (default-resources) @ dolphinscheduler-alert-wechat ---
[INFO] Using 'UTF-8' encoding to copy filtered resources.
[INFO] Using 'UTF-8' encoding to copy filtered properties files.
[INFO] skip non existing resourceDirectory /app/dolphinscheduler-alert/dolphinscheduler-alert-plugins/dolphinscheduler-alert-wechat/src/main/resources
[INFO] Copying 3 resources
[INFO]
[INFO] --- compiler:3.13.0:compile (default-compile) @ dolphinscheduler-alert-wechat ---
[INFO] Recompiling the module because of changed dependency.
[INFO] Compiling 8 source files with javac [debug target 17] to target/classes
[WARNING] system modules path not set in conjunction with -source 17
[INFO] Annotation processing is enabled because one or more processors were found
  on the class path. A future release of javac may disable annotation processing
  unless at least one processor is specified by name (-processor), or a search
  path is specified (--processor-path, --processor-module-path), or annotation
  processing is enabled explicitly (-proc:only, -proc:full).
  Use -Xlint:-options to suppress this message.
  Use -proc:none to disable annotation processing.
[INFO] /app/dolphinscheduler-alert/dolphinscheduler-alert-plugins/dolphinscheduler-alert-wechat/src/main/java/org/apache/dolphinscheduler/plugin/alert/wechat/WeChatSender.java: /app/dolphinscheduler-alert/dolphinscheduler-alert-plugins/dolphinscheduler-alert-wechat/src/main/java/org/apache/dolphinscheduler/plugin/alert/wechat/WeChatSender.java uses unchecked or unsafe operations.
[INFO] /app/dolphinscheduler-alert/dolphinscheduler-alert-plugins/dolphinscheduler-alert-wechat/src/main/java/org/apache/dolphinscheduler/plugin/alert/wechat/WeChatSender.java: Recompile with -Xlint:unchecked for details.
[INFO]
[INFO] --- spotless:2.27.2:check (default) @ dolphinscheduler-alert-wechat ---
[INFO] Spotless check skipped
[INFO]
[INFO] ---< org.apache.dolphinscheduler:dolphinscheduler-alert-aliyunVoice >---
[INFO] Building dolphinscheduler-alert-aliyunVoice 3.4.2-SNAPSHOT      [21/138]
[INFO]   from dolphinscheduler-alert/dolphinscheduler-alert-plugins/dolphinscheduler-alert-aliyunVoice/pom.xml
[INFO] --------------------------------[ jar ]---------------------------------
Downloading from central: https://repo.maven.apache.org/maven2/com/aliyun/tea-util/maven-metadata.xml
Downloading from apache.snapshots: https://repository.apache.org/snapshots/com/aliyun/tea-util/maven-metadata.xml
Progress (1): 1.5 kB                    Downloaded from central: https://repo.maven.apache.org/maven2/com/aliyun/tea-util/maven-metadata.xml (1.5 kB at 280 B/s)
Downloading from apache.snapshots: https://repository.apache.org/snapshots/com/aliyun/tea-rpc-util/maven-metadata.xml
Downloading from central: https://repo.maven.apache.org/maven2/com/aliyun/tea-rpc-util/maven-metadata.xml
Progress (1): 485 B                   Downloaded from central: https://repo.maven.apache.org/maven2/com/aliyun/tea-rpc-util/maven-metadata.xml (485 B at 13 kB/s)
Downloading from apache.snapshots: https://repository.apache.org/snapshots/com/aliyun/endpoint-util/maven-metadata.xml
Downloading from central: https://repo.maven.apache.org/maven2/com/aliyun/endpoint-util/maven-metadata.xml
Progress (1): 547 B                   Downloaded from central: https://repo.maven.apache.org/maven2/com/aliyun/endpoint-util/maven-metadata.xml (547 B at 15 kB/s)
Downloading from apache.snapshots: https://repository.apache.org/snapshots/com/aliyun/tea/maven-metadata.xml
Downloading from central: https://repo.maven.apache.org/maven2/com/aliyun/tea/maven-metadata.xml
Progress (1): 2.7 kB                    Downloaded from central: https://repo.maven.apache.org/maven2/com/aliyun/tea/maven-metadata.xml (2.7 kB at 81 kB/s)
[INFO]
[INFO] --- clean:3.1.0:clean (default-clean) @ dolphinscheduler-alert-aliyunVoice ---
[INFO] Deleting /app/dolphinscheduler-alert/dolphinscheduler-alert-plugins/dolphinscheduler-alert-aliyunVoice/target
[INFO]
[INFO] --- enforcer:3.0.0:enforce (enforce-maven-version) @ dolphinscheduler-alert-aliyunVoice ---
[INFO]
[INFO] --- enforcer:3.0.0:enforce (enforce-java-version) @ dolphinscheduler-alert-aliyunVoice ---
[INFO]
[INFO] --- remote-resources:1.7.0:process (process-resource-bundles) @ dolphinscheduler-alert-aliyunVoice ---
[INFO] Preparing remote bundle org.apache:apache-jar-resource-bundle:1.4
[INFO] Copying 3 resources from 1 bundle.
[INFO] artifact com.aliyun:tea-util: checking for updates from central
[INFO] artifact com.aliyun:tea-rpc-util: checking for updates from central
[INFO] artifact com.aliyun:endpoint-util: checking for updates from central
[INFO] artifact com.aliyun:tea: checking for updates from central
[INFO]
[INFO] --- resources:3.2.0:resources (default-resources) @ dolphinscheduler-alert-aliyunVoice ---
[INFO] Using 'UTF-8' encoding to copy filtered resources.
[INFO] Using 'UTF-8' encoding to copy filtered properties files.
[INFO] skip non existing resourceDirectory /app/dolphinscheduler-alert/dolphinscheduler-alert-plugins/dolphinscheduler-alert-aliyunVoice/src/main/resources
[INFO] Copying 3 resources
[INFO]
[INFO] --- compiler:3.13.0:compile (default-compile) @ dolphinscheduler-alert-aliyunVoice ---
[INFO] Recompiling the module because of changed dependency.
[INFO] Compiling 5 source files with javac [debug target 17] to target/classes
[WARNING] system modules path not set in conjunction with -source 17
[INFO] Annotation processing is enabled because one or more processors were found
  on the class path. A future release of javac may disable annotation processing
  unless at least one processor is specified by name (-processor), or a search
  path is specified (--processor-path, --processor-module-path), or annotation
  processing is enabled explicitly (-proc:only, -proc:full).
  Use -Xlint:-options to suppress this message.
  Use -proc:none to disable annotation processing.
[INFO]
[INFO] --- spotless:2.27.2:check (default) @ dolphinscheduler-alert-aliyunVoice ---
[INFO] Spotless check skipped
[INFO]
[INFO] -------< org.apache.dolphinscheduler:dolphinscheduler-alert-all >-------
[INFO] Building dolphinscheduler-alert-all 3.4.2-SNAPSHOT              [22/138]
[INFO]   from dolphinscheduler-alert/dolphinscheduler-alert-plugins/dolphinscheduler-alert-all/pom.xml
[INFO] --------------------------------[ jar ]---------------------------------
[INFO]
[INFO] --- clean:3.1.0:clean (default-clean) @ dolphinscheduler-alert-all ---
[INFO] Deleting /app/dolphinscheduler-alert/dolphinscheduler-alert-plugins/dolphinscheduler-alert-all/target
[INFO]
[INFO] --- enforcer:3.0.0:enforce (enforce-maven-version) @ dolphinscheduler-alert-all ---
[INFO]
[INFO] --- enforcer:3.0.0:enforce (enforce-java-version) @ dolphinscheduler-alert-all ---
[INFO]
[INFO] --- remote-resources:1.7.0:process (process-resource-bundles) @ dolphinscheduler-alert-all ---
[INFO] Preparing remote bundle org.apache:apache-jar-resource-bundle:1.4
[INFO] Copying 3 resources from 1 bundle.
[INFO]
[INFO] --- resources:3.2.0:resources (default-resources) @ dolphinscheduler-alert-all ---
[INFO] Using 'UTF-8' encoding to copy filtered resources.
[INFO] Using 'UTF-8' encoding to copy filtered properties files.
[INFO] skip non existing resourceDirectory /app/dolphinscheduler-alert/dolphinscheduler-alert-plugins/dolphinscheduler-alert-all/src/main/resources
[INFO] Copying 3 resources
[INFO]
[INFO] --- compiler:3.13.0:compile (default-compile) @ dolphinscheduler-alert-all ---
[INFO] No sources to compile
[INFO]
[INFO] --- spotless:2.27.2:check (default) @ dolphinscheduler-alert-all ---
[INFO] Spotless check skipped
[INFO]
[INFO] ---------< org.apache.dolphinscheduler:dolphinscheduler-meter >---------
[INFO] Building dolphinscheduler-meter 3.4.2-SNAPSHOT                  [23/138]
[INFO]   from dolphinscheduler-meter/pom.xml
[INFO] --------------------------------[ jar ]---------------------------------
[INFO]
[INFO] --- clean:3.1.0:clean (default-clean) @ dolphinscheduler-meter ---
[INFO] Deleting /app/dolphinscheduler-meter/target
[INFO]
[INFO] --- enforcer:3.0.0:enforce (enforce-maven-version) @ dolphinscheduler-meter ---
[INFO]
[INFO] --- enforcer:3.0.0:enforce (enforce-java-version) @ dolphinscheduler-meter ---
[INFO]
[INFO] --- remote-resources:1.7.0:process (process-resource-bundles) @ dolphinscheduler-meter ---
[INFO] Preparing remote bundle org.apache:apache-jar-resource-bundle:1.4
[INFO] Copying 3 resources from 1 bundle.
[INFO]
[INFO] --- resources:3.2.0:resources (default-resources) @ dolphinscheduler-meter ---
[INFO] Using 'UTF-8' encoding to copy filtered resources.
[INFO] Using 'UTF-8' encoding to copy filtered properties files.
[INFO] Copying 11 resources
[INFO] Copying 3 resources
[INFO]
[INFO] --- compiler:3.13.0:compile (default-compile) @ dolphinscheduler-meter ---
[INFO] Recompiling the module because of changed dependency.
[INFO] Compiling 7 source files with javac [debug target 17] to target/classes
[WARNING] system modules path not set in conjunction with -source 17
[INFO] Annotation processing is enabled because one or more processors were found
  on the class path. A future release of javac may disable annotation processing
  unless at least one processor is specified by name (-processor), or a search
  path is specified (--processor-path, --processor-module-path), or annotation
  processing is enabled explicitly (-proc:only, -proc:full).
  Use -Xlint:-options to suppress this message.
  Use -proc:none to disable annotation processing.
[INFO]
[INFO] --- spotless:2.27.2:check (default) @ dolphinscheduler-meter ---
[INFO] Spotless check skipped
[INFO]
[INFO] ------< org.apache.dolphinscheduler:dolphinscheduler-task-plugin >------
[INFO] Building dolphinscheduler-task-plugin 3.4.2-SNAPSHOT            [24/138]
[INFO]   from dolphinscheduler-task-plugin/pom.xml
[INFO] --------------------------------[ pom ]---------------------------------
[INFO]
[INFO] --- clean:3.1.0:clean (default-clean) @ dolphinscheduler-task-plugin ---
[INFO] Deleting /app/dolphinscheduler-task-plugin/target
[INFO]
[INFO] --- enforcer:3.0.0:enforce (enforce-maven-version) @ dolphinscheduler-task-plugin ---
[INFO]
[INFO] --- enforcer:3.0.0:enforce (enforce-java-version) @ dolphinscheduler-task-plugin ---
[INFO]
[INFO] --- remote-resources:1.7.0:process (process-resource-bundles) @ dolphinscheduler-task-plugin ---
[INFO] Preparing remote bundle org.apache:apache-jar-resource-bundle:1.4
[INFO] Copying 3 resources from 1 bundle.
[INFO]
[INFO] --- spotless:2.27.2:check (default) @ dolphinscheduler-task-plugin ---
[INFO] Spotless check skipped
[INFO]
[INFO] -------< org.apache.dolphinscheduler:dolphinscheduler-task-api >--------
[INFO] Building dolphinscheduler-task-api 3.4.2-SNAPSHOT               [25/138]
[INFO]   from dolphinscheduler-task-plugin/dolphinscheduler-task-api/pom.xml
[INFO] --------------------------------[ jar ]---------------------------------
[INFO]
[INFO] --- clean:3.1.0:clean (default-clean) @ dolphinscheduler-task-api ---
[INFO] Deleting /app/dolphinscheduler-task-plugin/dolphinscheduler-task-api/target
[INFO]
[INFO] --- enforcer:3.0.0:enforce (enforce-maven-version) @ dolphinscheduler-task-api ---
[INFO]
[INFO] --- enforcer:3.0.0:enforce (enforce-java-version) @ dolphinscheduler-task-api ---
[INFO]
[INFO] --- remote-resources:1.7.0:process (process-resource-bundles) @ dolphinscheduler-task-api ---
[INFO] Preparing remote bundle org.apache:apache-jar-resource-bundle:1.4
[INFO] Copying 3 resources from 1 bundle.
[INFO]
[INFO] --- resources:3.2.0:resources (default-resources) @ dolphinscheduler-task-api ---
[INFO] Using 'UTF-8' encoding to copy filtered resources.
[INFO] Using 'UTF-8' encoding to copy filtered properties files.
[INFO] skip non existing resourceDirectory /app/dolphinscheduler-task-plugin/dolphinscheduler-task-api/src/main/resources
[INFO] Copying 3 resources
[INFO]
[INFO] --- compiler:3.13.0:compile (default-compile) @ dolphinscheduler-task-api ---
[INFO] Recompiling the module because of changed dependency.
[INFO] Compiling 136 source files with javac [debug target 17] to target/classes
[WARNING] system modules path not set in conjunction with -source 17
[INFO] Annotation processing is enabled because one or more processors were found
  on the class path. A future release of javac may disable annotation processing
  unless at least one processor is specified by name (-processor), or a search
  path is specified (--processor-path, --processor-module-path), or annotation
  processing is enabled explicitly (-proc:only, -proc:full).
  Use -Xlint:-options to suppress this message.
  Use -proc:none to disable annotation processing.
[WARNING] /app/dolphinscheduler-task-plugin/dolphinscheduler-task-api/src/main/java/org/apache/dolphinscheduler/plugin/task/api/model/DynamicInputParameter.java:[36,20] @Builder will ignore the initializing expression entirely. If you want the initializing expression to serve as default, add @Builder.Default. If it is not supposed to be settable during building, make the field final.
[WARNING] /app/dolphinscheduler-task-plugin/dolphinscheduler-task-api/src/main/java/org/apache/dolphinscheduler/plugin/task/api/parameters/SwitchParameters.java:[31,1] Generating equals/hashCode implementation but without a call to superclass, even though this class does not extend java.lang.Object. If this is intentional, add '@EqualsAndHashCode(callSuper=false)' to your type.
[WARNING] /app/dolphinscheduler-task-plugin/dolphinscheduler-task-api/src/main/java/org/apache/dolphinscheduler/plugin/task/api/parameters/LogicFakeTaskParameters.java:[28,1] Generating equals/hashCode implementation but without a call to superclass, even though this class does not extend java.lang.Object. If this is intentional, add '@EqualsAndHashCode(callSuper=false)' to your type.
[WARNING] /app/dolphinscheduler-task-plugin/dolphinscheduler-task-api/src/main/java/org/apache/dolphinscheduler/plugin/task/api/loop/template/LoopTaskYamlDefinition.java:[59,5] Generating equals/hashCode implementation but without a call to superclass, even though this class does not extend java.lang.Object. If this is intentional, add '@EqualsAndHashCode(callSuper=false)' to your type.
[WARNING] /app/dolphinscheduler-task-plugin/dolphinscheduler-task-api/src/main/java/org/apache/dolphinscheduler/plugin/task/api/loop/template/LoopTaskYamlDefinition.java:[73,5] Generating equals/hashCode implementation but without a call to superclass, even though this class does not extend java.lang.Object. If this is intentional, add '@EqualsAndHashCode(callSuper=false)' to your type.
[WARNING] /app/dolphinscheduler-task-plugin/dolphinscheduler-task-api/src/main/java/org/apache/dolphinscheduler/plugin/task/api/loop/template/LoopTaskYamlDefinition.java:[83,5] Generating equals/hashCode implementation but without a call to superclass, even though this class does not extend java.lang.Object. If this is intentional, add '@EqualsAndHashCode(callSuper=false)' to your type.
[WARNING] /app/dolphinscheduler-task-plugin/dolphinscheduler-task-api/src/main/java/org/apache/dolphinscheduler/plugin/task/api/parameters/K8sTaskParameters.java:[36,1] Generating equals/hashCode implementation but without a call to superclass, even though this class does not extend java.lang.Object. If this is intentional, add '@EqualsAndHashCode(callSuper=false)' to your type.
[INFO] /app/dolphinscheduler-task-plugin/dolphinscheduler-task-api/src/main/java/org/apache/dolphinscheduler/plugin/task/api/AbstractCommandExecutor.java: Some input files use or override a deprecated API.
[INFO] /app/dolphinscheduler-task-plugin/dolphinscheduler-task-api/src/main/java/org/apache/dolphinscheduler/plugin/task/api/AbstractCommandExecutor.java: Recompile with -Xlint:deprecation for details.
[INFO] /app/dolphinscheduler-task-plugin/dolphinscheduler-task-api/src/main/java/org/apache/dolphinscheduler/plugin/task/api/AbstractYarnTask.java: Some input files use unchecked or unsafe operations.
[INFO] /app/dolphinscheduler-task-plugin/dolphinscheduler-task-api/src/main/java/org/apache/dolphinscheduler/plugin/task/api/AbstractYarnTask.java: Recompile with -Xlint:unchecked for details.
[INFO]
[INFO] --- spotless:2.27.2:check (default) @ dolphinscheduler-task-api ---
[INFO] Spotless check skipped
[INFO]
[INFO] ------< org.apache.dolphinscheduler:dolphinscheduler-dao-plugin >-------
[INFO] Building dolphinscheduler-dao-plugin 3.4.2-SNAPSHOT             [26/138]
[INFO]   from dolphinscheduler-dao-plugin/pom.xml
[INFO] --------------------------------[ pom ]---------------------------------
[INFO]
[INFO] --- clean:3.1.0:clean (default-clean) @ dolphinscheduler-dao-plugin ---
[INFO] Deleting /app/dolphinscheduler-dao-plugin/target
[INFO]
[INFO] --- enforcer:3.0.0:enforce (enforce-maven-version) @ dolphinscheduler-dao-plugin ---
[INFO]
[INFO] --- enforcer:3.0.0:enforce (enforce-java-version) @ dolphinscheduler-dao-plugin ---
[INFO]
[INFO] --- remote-resources:1.7.0:process (process-resource-bundles) @ dolphinscheduler-dao-plugin ---
[INFO] Preparing remote bundle org.apache:apache-jar-resource-bundle:1.4
[INFO] Copying 3 resources from 1 bundle.
[INFO]
[INFO] --- spotless:2.27.2:check (default) @ dolphinscheduler-dao-plugin ---
[INFO] Spotless check skipped
[INFO]
[INFO] --------< org.apache.dolphinscheduler:dolphinscheduler-dao-api >--------
[INFO] Building dolphinscheduler-dao-api 3.4.2-SNAPSHOT                [27/138]
[INFO]   from dolphinscheduler-dao-plugin/dolphinscheduler-dao-api/pom.xml
[INFO] --------------------------------[ jar ]---------------------------------
[INFO]
[INFO] --- clean:3.1.0:clean (default-clean) @ dolphinscheduler-dao-api ---
[INFO] Deleting /app/dolphinscheduler-dao-plugin/dolphinscheduler-dao-api/target
[INFO]
[INFO] --- enforcer:3.0.0:enforce (enforce-maven-version) @ dolphinscheduler-dao-api ---
[INFO]
[INFO] --- enforcer:3.0.0:enforce (enforce-java-version) @ dolphinscheduler-dao-api ---
[INFO]
[INFO] --- remote-resources:1.7.0:process (process-resource-bundles) @ dolphinscheduler-dao-api ---
[INFO] Preparing remote bundle org.apache:apache-jar-resource-bundle:1.4
[INFO] Copying 3 resources from 1 bundle.
[INFO]
[INFO] --- resources:3.2.0:resources (default-resources) @ dolphinscheduler-dao-api ---
[INFO] Using 'UTF-8' encoding to copy filtered resources.
[INFO] Using 'UTF-8' encoding to copy filtered properties files.
[INFO] skip non existing resourceDirectory /app/dolphinscheduler-dao-plugin/dolphinscheduler-dao-api/src/main/resources
[INFO] Copying 3 resources
[INFO]
[INFO] --- compiler:3.13.0:compile (default-compile) @ dolphinscheduler-dao-api ---
[INFO] Recompiling the module because of changed source code.
[INFO] Compiling 5 source files with javac [debug target 17] to target/classes
[WARNING] system modules path not set in conjunction with -source 17
[INFO] Annotation processing is enabled because one or more processors were found
  on the class path. A future release of javac may disable annotation processing
  unless at least one processor is specified by name (-processor), or a search
  path is specified (--processor-path, --processor-module-path), or annotation
  processing is enabled explicitly (-proc:only, -proc:full).
  Use -Xlint:-options to suppress this message.
  Use -proc:none to disable annotation processing.
[INFO]
[INFO] --- spotless:2.27.2:check (default) @ dolphinscheduler-dao-api ---
[INFO] Spotless check skipped
[INFO]
[INFO] --------< org.apache.dolphinscheduler:dolphinscheduler-dao-h2 >---------
[INFO] Building dolphinscheduler-dao-h2 3.4.2-SNAPSHOT                 [28/138]
[INFO]   from dolphinscheduler-dao-plugin/dolphinscheduler-dao-h2/pom.xml
[INFO] --------------------------------[ jar ]---------------------------------
[INFO]
[INFO] --- clean:3.1.0:clean (default-clean) @ dolphinscheduler-dao-h2 ---
[INFO] Deleting /app/dolphinscheduler-dao-plugin/dolphinscheduler-dao-h2/target
[INFO]
[INFO] --- enforcer:3.0.0:enforce (enforce-maven-version) @ dolphinscheduler-dao-h2 ---
[INFO]
[INFO] --- enforcer:3.0.0:enforce (enforce-java-version) @ dolphinscheduler-dao-h2 ---
[INFO]
[INFO] --- remote-resources:1.7.0:process (process-resource-bundles) @ dolphinscheduler-dao-h2 ---
[INFO] Preparing remote bundle org.apache:apache-jar-resource-bundle:1.4
[INFO] Copying 3 resources from 1 bundle.
[INFO]
[INFO] --- resources:3.2.0:resources (default-resources) @ dolphinscheduler-dao-h2 ---
[INFO] Using 'UTF-8' encoding to copy filtered resources.
[INFO] Using 'UTF-8' encoding to copy filtered properties files.
[INFO] Copying 1 resource
[INFO] Copying 3 resources
[INFO]
[INFO] --- compiler:3.13.0:compile (default-compile) @ dolphinscheduler-dao-h2 ---
[INFO] Recompiling the module because of changed dependency.
[INFO] Compiling 4 source files with javac [debug target 17] to target/classes
[WARNING] system modules path not set in conjunction with -source 17
[INFO] Annotation processing is enabled because one or more processors were found
  on the class path. A future release of javac may disable annotation processing
  unless at least one processor is specified by name (-processor), or a search
  path is specified (--processor-path, --processor-module-path), or annotation
  processing is enabled explicitly (-proc:only, -proc:full).
  Use -Xlint:-options to suppress this message.
  Use -proc:none to disable annotation processing.
[INFO]
[INFO] --- spotless:2.27.2:check (default) @ dolphinscheduler-dao-h2 ---
[INFO] Spotless check skipped
[INFO]
[INFO] ----< org.apache.dolphinscheduler:dolphinscheduler-dao-postgresql >-----
[INFO] Building dolphinscheduler-dao-postgresql 3.4.2-SNAPSHOT         [29/138]
[INFO]   from dolphinscheduler-dao-plugin/dolphinscheduler-dao-postgresql/pom.xml
[INFO] --------------------------------[ jar ]---------------------------------
[INFO]
[INFO] --- clean:3.1.0:clean (default-clean) @ dolphinscheduler-dao-postgresql ---
[INFO] Deleting /app/dolphinscheduler-dao-plugin/dolphinscheduler-dao-postgresql/target
[INFO]
[INFO] --- enforcer:3.0.0:enforce (enforce-maven-version) @ dolphinscheduler-dao-postgresql ---
[INFO]
[INFO] --- enforcer:3.0.0:enforce (enforce-java-version) @ dolphinscheduler-dao-postgresql ---
[INFO]
[INFO] --- remote-resources:1.7.0:process (process-resource-bundles) @ dolphinscheduler-dao-postgresql ---
[INFO] Preparing remote bundle org.apache:apache-jar-resource-bundle:1.4
[INFO] Copying 3 resources from 1 bundle.
[INFO]
[INFO] --- resources:3.2.0:resources (default-resources) @ dolphinscheduler-dao-postgresql ---
[INFO] Using 'UTF-8' encoding to copy filtered resources.
[INFO] Using 'UTF-8' encoding to copy filtered properties files.
[INFO] Copying 1 resource
[INFO] Copying 3 resources
[INFO]
[INFO] --- compiler:3.13.0:compile (default-compile) @ dolphinscheduler-dao-postgresql ---
[INFO] Recompiling the module because of changed dependency.
[INFO] Compiling 4 source files with javac [debug target 17] to target/classes
[WARNING] system modules path not set in conjunction with -source 17
[INFO] Annotation processing is enabled because one or more processors were found
  on the class path. A future release of javac may disable annotation processing
  unless at least one processor is specified by name (-processor), or a search
  path is specified (--processor-path, --processor-module-path), or annotation
  processing is enabled explicitly (-proc:only, -proc:full).
  Use -Xlint:-options to suppress this message.
  Use -proc:none to disable annotation processing.
[INFO]
[INFO] --- spotless:2.27.2:check (default) @ dolphinscheduler-dao-postgresql ---
[INFO] Spotless check skipped
[INFO]
[INFO] -------< org.apache.dolphinscheduler:dolphinscheduler-dao-mysql >-------
[INFO] Building dolphinscheduler-dao-mysql 3.4.2-SNAPSHOT              [30/138]
[INFO]   from dolphinscheduler-dao-plugin/dolphinscheduler-dao-mysql/pom.xml
[INFO] --------------------------------[ jar ]---------------------------------
[INFO]
[INFO] --- clean:3.1.0:clean (default-clean) @ dolphinscheduler-dao-mysql ---
[INFO] Deleting /app/dolphinscheduler-dao-plugin/dolphinscheduler-dao-mysql/target
[INFO]
[INFO] --- enforcer:3.0.0:enforce (enforce-maven-version) @ dolphinscheduler-dao-mysql ---
[INFO]
[INFO] --- enforcer:3.0.0:enforce (enforce-java-version) @ dolphinscheduler-dao-mysql ---
[INFO]
[INFO] --- remote-resources:1.7.0:process (process-resource-bundles) @ dolphinscheduler-dao-mysql ---
[INFO] Preparing remote bundle org.apache:apache-jar-resource-bundle:1.4
[INFO] Copying 3 resources from 1 bundle.
[INFO]
[INFO] --- resources:3.2.0:resources (default-resources) @ dolphinscheduler-dao-mysql ---
[INFO] Using 'UTF-8' encoding to copy filtered resources.
[INFO] Using 'UTF-8' encoding to copy filtered properties files.
[INFO] Copying 1 resource
[INFO] Copying 3 resources
[INFO]
[INFO] --- compiler:3.13.0:compile (default-compile) @ dolphinscheduler-dao-mysql ---
[INFO] Recompiling the module because of changed dependency.
[INFO] Compiling 4 source files with javac [debug target 17] to target/classes
[WARNING] system modules path not set in conjunction with -source 17
[INFO] Annotation processing is enabled because one or more processors were found
  on the class path. A future release of javac may disable annotation processing
  unless at least one processor is specified by name (-processor), or a search
  path is specified (--processor-path, --processor-module-path), or annotation
  processing is enabled explicitly (-proc:only, -proc:full).
  Use -Xlint:-options to suppress this message.
  Use -proc:none to disable annotation processing.
[INFO]
[INFO] --- spotless:2.27.2:check (default) @ dolphinscheduler-dao-mysql ---
[INFO] Spotless check skipped
[INFO]
[INFO] ----< org.apache.dolphinscheduler:dolphinscheduler-dao-plugin-all >-----
[INFO] Building dolphinscheduler-dao-plugin-all 3.4.2-SNAPSHOT         [31/138]
[INFO]   from dolphinscheduler-dao-plugin/dolphinscheduler-dao-plugin-all/pom.xml
[INFO] --------------------------------[ jar ]---------------------------------
[INFO]
[INFO] --- clean:3.1.0:clean (default-clean) @ dolphinscheduler-dao-plugin-all ---
[INFO] Deleting /app/dolphinscheduler-dao-plugin/dolphinscheduler-dao-plugin-all/target
[INFO]
[INFO] --- enforcer:3.0.0:enforce (enforce-maven-version) @ dolphinscheduler-dao-plugin-all ---
[INFO]
[INFO] --- enforcer:3.0.0:enforce (enforce-java-version) @ dolphinscheduler-dao-plugin-all ---
[INFO]
[INFO] --- remote-resources:1.7.0:process (process-resource-bundles) @ dolphinscheduler-dao-plugin-all ---
[INFO] Preparing remote bundle org.apache:apache-jar-resource-bundle:1.4
[INFO] Copying 3 resources from 1 bundle.
[INFO]
[INFO] --- resources:3.2.0:resources (default-resources) @ dolphinscheduler-dao-plugin-all ---
[INFO] Using 'UTF-8' encoding to copy filtered resources.
[INFO] Using 'UTF-8' encoding to copy filtered properties files.
[INFO] skip non existing resourceDirectory /app/dolphinscheduler-dao-plugin/dolphinscheduler-dao-plugin-all/src/main/resources
[INFO] Copying 3 resources
[INFO]
[INFO] --- compiler:3.13.0:compile (default-compile) @ dolphinscheduler-dao-plugin-all ---
[INFO] No sources to compile
[INFO]
[INFO] --- spotless:2.27.2:check (default) @ dolphinscheduler-dao-plugin-all ---
[INFO] Spotless check skipped
[INFO]
[INFO] ----------< org.apache.dolphinscheduler:dolphinscheduler-dao >----------
[INFO] Building dolphinscheduler-dao 3.4.2-SNAPSHOT                    [32/138]
[INFO]   from dolphinscheduler-dao/pom.xml
[INFO] --------------------------------[ jar ]---------------------------------
[INFO]
[INFO] --- clean:3.1.0:clean (default-clean) @ dolphinscheduler-dao ---
[INFO] Deleting /app/dolphinscheduler-dao/target
[INFO]
[INFO] --- enforcer:3.0.0:enforce (enforce-maven-version) @ dolphinscheduler-dao ---
[INFO]
[INFO] --- enforcer:3.0.0:enforce (enforce-java-version) @ dolphinscheduler-dao ---
[INFO]
[INFO] --- remote-resources:1.7.0:process (process-resource-bundles) @ dolphinscheduler-dao ---
[INFO] Preparing remote bundle org.apache:apache-jar-resource-bundle:1.4
[INFO] Copying 3 resources from 1 bundle.
[INFO]
[INFO] --- resources:3.2.0:resources (default-resources) @ dolphinscheduler-dao ---
[INFO] Using 'UTF-8' encoding to copy filtered resources.
[INFO] Using 'UTF-8' encoding to copy filtered properties files.
[INFO] Copying 98 resources
[INFO] Copying 3 resources
[INFO]
[INFO] --- compiler:3.13.0:compile (default-compile) @ dolphinscheduler-dao ---
[INFO] Recompiling the module because of changed dependency.
[INFO] Compiling 187 source files with javac [debug target 17] to target/classes
[WARNING] system modules path not set in conjunction with -source 17
[INFO] Annotation processing is enabled because one or more processors were found
  on the class path. A future release of javac may disable annotation processing
  unless at least one processor is specified by name (-processor), or a search
  path is specified (--processor-path, --processor-module-path), or annotation
  processing is enabled explicitly (-proc:only, -proc:full).
  Use -Xlint:-options to suppress this message.
  Use -proc:none to disable annotation processing.
[WARNING] /app/dolphinscheduler-dao/src/main/java/org/apache/dolphinscheduler/dao/entity/Alert.java:[88,33] @Builder will ignore the initializing expression entirely. If you want the initializing expression to serve as default, add @Builder.Default. If it is not supposed to be settable during building, make the field final.
[WARNING] /app/dolphinscheduler-dao/src/main/java/org/apache/dolphinscheduler/dao/entity/Command.java:[97,18] @Builder will ignore the initializing expression entirely. If you want the initializing expression to serve as default, add @Builder.Default. If it is not supposed to be settable during building, make the field final.
[WARNING] /app/dolphinscheduler-dao/src/main/java/org/apache/dolphinscheduler/dao/entity/TaskDefinition.java:[51,1] Not generating hashCode: One of equals or hashCode exists. You should either write both of these or none of these (in the latter case, lombok generates them).
[WARNING] /app/dolphinscheduler-dao/src/main/java/org/apache/dolphinscheduler/dao/entity/WorkflowDefinitionLog.java:[26,1] Not generating hashCode: One of equals or hashCode exists. You should either write both of these or none of these (in the latter case, lombok generates them).
[INFO] /app/dolphinscheduler-dao/src/main/java/org/apache/dolphinscheduler/dao/entity/WorkflowTaskRelationLog.java: Some input files use or override a deprecated API.
[INFO] /app/dolphinscheduler-dao/src/main/java/org/apache/dolphinscheduler/dao/entity/WorkflowTaskRelationLog.java: Recompile with -Xlint:deprecation for details.
[INFO] /app/dolphinscheduler-dao/src/main/java/org/apache/dolphinscheduler/dao/utils/ResourceProcessDefinitionUtils.java: /app/dolphinscheduler-dao/src/main/java/org/apache/dolphinscheduler/dao/utils/ResourceProcessDefinitionUtils.java uses unchecked or unsafe operations.
[INFO] /app/dolphinscheduler-dao/src/main/java/org/apache/dolphinscheduler/dao/utils/ResourceProcessDefinitionUtils.java: Recompile with -Xlint:unchecked for details.
[INFO]
[INFO] --- spotless:2.27.2:check (default) @ dolphinscheduler-dao ---
[INFO] Spotless check skipped
[INFO]
[INFO] --------< org.apache.dolphinscheduler:dolphinscheduler-extract >--------
[INFO] Building dolphinscheduler-extract 3.4.2-SNAPSHOT                [33/138]
[INFO]   from dolphinscheduler-extract/pom.xml
[INFO] --------------------------------[ pom ]---------------------------------
[INFO]
[INFO] --- clean:3.1.0:clean (default-clean) @ dolphinscheduler-extract ---
[INFO] Deleting /app/dolphinscheduler-extract/target
[INFO]
[INFO] --- enforcer:3.0.0:enforce (enforce-maven-version) @ dolphinscheduler-extract ---
[INFO]
[INFO] --- enforcer:3.0.0:enforce (enforce-java-version) @ dolphinscheduler-extract ---
[INFO]
[INFO] --- remote-resources:1.7.0:process (process-resource-bundles) @ dolphinscheduler-extract ---
[INFO] Preparing remote bundle org.apache:apache-jar-resource-bundle:1.4
[INFO] Copying 3 resources from 1 bundle.
[INFO]
[INFO] --- spotless:2.27.2:check (default) @ dolphinscheduler-extract ---
[INFO] Spotless check skipped
[INFO]
[INFO] -----< org.apache.dolphinscheduler:dolphinscheduler-extract-base >------
[INFO] Building dolphinscheduler-extract-base 3.4.2-SNAPSHOT           [34/138]
[INFO]   from dolphinscheduler-extract/dolphinscheduler-extract-base/pom.xml
[INFO] --------------------------------[ jar ]---------------------------------
[INFO]
[INFO] --- clean:3.1.0:clean (default-clean) @ dolphinscheduler-extract-base ---
[INFO] Deleting /app/dolphinscheduler-extract/dolphinscheduler-extract-base/target
[INFO]
[INFO] --- enforcer:3.0.0:enforce (enforce-maven-version) @ dolphinscheduler-extract-base ---
[INFO]
[INFO] --- enforcer:3.0.0:enforce (enforce-java-version) @ dolphinscheduler-extract-base ---
[INFO]
[INFO] --- remote-resources:1.7.0:process (process-resource-bundles) @ dolphinscheduler-extract-base ---
[INFO] Preparing remote bundle org.apache:apache-jar-resource-bundle:1.4
[INFO] Copying 3 resources from 1 bundle.
[INFO]
[INFO] --- resources:3.2.0:resources (default-resources) @ dolphinscheduler-extract-base ---
[INFO] Using 'UTF-8' encoding to copy filtered resources.
[INFO] Using 'UTF-8' encoding to copy filtered properties files.
[INFO] skip non existing resourceDirectory /app/dolphinscheduler-extract/dolphinscheduler-extract-base/src/main/resources
[INFO] Copying 3 resources
[INFO]
[INFO] --- compiler:3.13.0:compile (default-compile) @ dolphinscheduler-extract-base ---
[INFO] Recompiling the module because of changed dependency.
[INFO] Compiling 48 source files with javac [debug target 17] to target/classes
[WARNING] system modules path not set in conjunction with -source 17
[INFO] Annotation processing is enabled because one or more processors were found
  on the class path. A future release of javac may disable annotation processing
  unless at least one processor is specified by name (-processor), or a search
  path is specified (--processor-path, --processor-module-path), or annotation
  processing is enabled explicitly (-proc:only, -proc:full).
  Use -Xlint:-options to suppress this message.
  Use -proc:none to disable annotation processing.
[INFO]
[INFO] --- spotless:2.27.2:check (default) @ dolphinscheduler-extract-base ---
[INFO] Spotless check skipped
[INFO]
[INFO] -------< org.apache.dolphinscheduler:dolphinscheduler-registry >--------
[INFO] Building dolphinscheduler-registry 3.4.2-SNAPSHOT               [35/138]
[INFO]   from dolphinscheduler-registry/pom.xml
[INFO] --------------------------------[ pom ]---------------------------------
[INFO]
[INFO] --- clean:3.1.0:clean (default-clean) @ dolphinscheduler-registry ---
[INFO] Deleting /app/dolphinscheduler-registry/target
[INFO]
[INFO] --- enforcer:3.0.0:enforce (enforce-maven-version) @ dolphinscheduler-registry ---
[INFO]
[INFO] --- enforcer:3.0.0:enforce (enforce-java-version) @ dolphinscheduler-registry ---
[INFO]
[INFO] --- remote-resources:1.7.0:process (process-resource-bundles) @ dolphinscheduler-registry ---
[INFO] Preparing remote bundle org.apache:apache-jar-resource-bundle:1.4
[INFO] Copying 3 resources from 1 bundle.
[INFO]
[INFO] --- spotless:2.27.2:check (default) @ dolphinscheduler-registry ---
[INFO] Spotless check skipped
[INFO]
[INFO] -----< org.apache.dolphinscheduler:dolphinscheduler-registry-api >------
[INFO] Building dolphinscheduler-registry-api 3.4.2-SNAPSHOT           [36/138]
[INFO]   from dolphinscheduler-registry/dolphinscheduler-registry-api/pom.xml
[INFO] --------------------------------[ jar ]---------------------------------
[INFO]
[INFO] --- clean:3.1.0:clean (default-clean) @ dolphinscheduler-registry-api ---
[INFO] Deleting /app/dolphinscheduler-registry/dolphinscheduler-registry-api/target
[INFO]
[INFO] --- enforcer:3.0.0:enforce (enforce-maven-version) @ dolphinscheduler-registry-api ---
[INFO]
[INFO] --- enforcer:3.0.0:enforce (enforce-java-version) @ dolphinscheduler-registry-api ---
[INFO]
[INFO] --- remote-resources:1.7.0:process (process-resource-bundles) @ dolphinscheduler-registry-api ---
[INFO] Preparing remote bundle org.apache:apache-jar-resource-bundle:1.4
[INFO] Copying 3 resources from 1 bundle.
[INFO]
[INFO] --- resources:3.2.0:resources (default-resources) @ dolphinscheduler-registry-api ---
[INFO] Using 'UTF-8' encoding to copy filtered resources.
[INFO] Using 'UTF-8' encoding to copy filtered properties files.
[INFO] skip non existing resourceDirectory /app/dolphinscheduler-registry/dolphinscheduler-registry-api/src/main/resources
[INFO] Copying 3 resources
[INFO]
[INFO] --- compiler:3.13.0:compile (default-compile) @ dolphinscheduler-registry-api ---
[INFO] Recompiling the module because of changed dependency.
[INFO] Compiling 17 source files with javac [debug target 17] to target/classes
[WARNING] system modules path not set in conjunction with -source 17
[INFO] Annotation processing is enabled because one or more processors were found
  on the class path. A future release of javac may disable annotation processing
  unless at least one processor is specified by name (-processor), or a search
  path is specified (--processor-path, --processor-module-path), or annotation
  processing is enabled explicitly (-proc:only, -proc:full).
  Use -Xlint:-options to suppress this message.
  Use -proc:none to disable annotation processing.
[INFO] /app/dolphinscheduler-registry/dolphinscheduler-registry-api/src/main/java/org/apache/dolphinscheduler/registry/api/RegistryClient.java: /app/dolphinscheduler-registry/dolphinscheduler-registry-api/src/main/java/org/apache/dolphinscheduler/registry/api/RegistryClient.java uses or overrides a deprecated API.
[INFO] /app/dolphinscheduler-registry/dolphinscheduler-registry-api/src/main/java/org/apache/dolphinscheduler/registry/api/RegistryClient.java: Recompile with -Xlint:deprecation for details.
[INFO]
[INFO] --- spotless:2.27.2:check (default) @ dolphinscheduler-registry-api ---
[INFO] Spotless check skipped
[INFO]
[INFO] ---< org.apache.dolphinscheduler:dolphinscheduler-registry-plugins >----
[INFO] Building dolphinscheduler-registry-plugins 3.4.2-SNAPSHOT       [37/138]
[INFO]   from dolphinscheduler-registry/dolphinscheduler-registry-plugins/pom.xml
[INFO] --------------------------------[ pom ]---------------------------------
[INFO]
[INFO] --- clean:3.1.0:clean (default-clean) @ dolphinscheduler-registry-plugins ---
[INFO] Deleting /app/dolphinscheduler-registry/dolphinscheduler-registry-plugins/target
[INFO]
[INFO] --- enforcer:3.0.0:enforce (enforce-maven-version) @ dolphinscheduler-registry-plugins ---
[INFO]
[INFO] --- enforcer:3.0.0:enforce (enforce-java-version) @ dolphinscheduler-registry-plugins ---
[INFO]
[INFO] --- remote-resources:1.7.0:process (process-resource-bundles) @ dolphinscheduler-registry-plugins ---
[INFO] Preparing remote bundle org.apache:apache-jar-resource-bundle:1.4
[INFO] Copying 3 resources from 1 bundle.
[INFO]
[INFO] --- spotless:2.27.2:check (default) @ dolphinscheduler-registry-plugins ---
[INFO] Spotless check skipped
[INFO]
[INFO] ------< org.apache.dolphinscheduler:dolphinscheduler-registry-it >------
[INFO] Building dolphinscheduler-registry-it 3.4.2-SNAPSHOT            [38/138]
[INFO]   from dolphinscheduler-registry/dolphinscheduler-registry-plugins/dolphinscheduler-registry-it/pom.xml
[INFO] --------------------------------[ jar ]---------------------------------
[INFO]
[INFO] --- clean:3.1.0:clean (default-clean) @ dolphinscheduler-registry-it ---
[INFO] Deleting /app/dolphinscheduler-registry/dolphinscheduler-registry-plugins/dolphinscheduler-registry-it/target
[INFO]
[INFO] --- enforcer:3.0.0:enforce (enforce-maven-version) @ dolphinscheduler-registry-it ---
[INFO]
[INFO] --- enforcer:3.0.0:enforce (enforce-java-version) @ dolphinscheduler-registry-it ---
[INFO]
[INFO] --- remote-resources:1.7.0:process (process-resource-bundles) @ dolphinscheduler-registry-it ---
[INFO] Preparing remote bundle org.apache:apache-jar-resource-bundle:1.4
[INFO] Copying 3 resources from 1 bundle.
[INFO]
[INFO] --- resources:3.2.0:resources (default-resources) @ dolphinscheduler-registry-it ---
[INFO] Using 'UTF-8' encoding to copy filtered resources.
[INFO] Using 'UTF-8' encoding to copy filtered properties files.
[INFO] skip non existing resourceDirectory /app/dolphinscheduler-registry/dolphinscheduler-registry-plugins/dolphinscheduler-registry-it/src/main/resources
[INFO] Copying 3 resources
[INFO]
[INFO] --- compiler:3.13.0:compile (default-compile) @ dolphinscheduler-registry-it ---
[INFO] No sources to compile
[INFO]
[INFO] --- spotless:2.27.2:check (default) @ dolphinscheduler-registry-it ---
[INFO] Spotless check skipped
[INFO]
[INFO] --< org.apache.dolphinscheduler:dolphinscheduler-registry-zookeeper >---
[INFO] Building dolphinscheduler-registry-zookeeper 3.4.2-SNAPSHOT     [39/138]
[INFO]   from dolphinscheduler-registry/dolphinscheduler-registry-plugins/dolphinscheduler-registry-zookeeper/pom.xml
[INFO] --------------------------------[ jar ]---------------------------------
Downloading from apache.snapshots: https://repository.apache.org/snapshots/org/apache/dolphinscheduler/dolphinscheduler-registry-it/3.4.2-SNAPSHOT/maven-metadata.xml
[INFO]
[INFO] --- clean:3.1.0:clean (default-clean) @ dolphinscheduler-registry-zookeeper ---
[INFO] Deleting /app/dolphinscheduler-registry/dolphinscheduler-registry-plugins/dolphinscheduler-registry-zookeeper/target
[INFO]
[INFO] --- enforcer:3.0.0:enforce (enforce-maven-version) @ dolphinscheduler-registry-zookeeper ---
[INFO]
[INFO] --- enforcer:3.0.0:enforce (enforce-java-version) @ dolphinscheduler-registry-zookeeper ---
[INFO]
[INFO] --- remote-resources:1.7.0:process (process-resource-bundles) @ dolphinscheduler-registry-zookeeper ---
[INFO] Preparing remote bundle org.apache:apache-jar-resource-bundle:1.4
[INFO] Copying 3 resources from 1 bundle.
[INFO]
[INFO] --- resources:3.2.0:resources (default-resources) @ dolphinscheduler-registry-zookeeper ---
[INFO] Using 'UTF-8' encoding to copy filtered resources.
[INFO] Using 'UTF-8' encoding to copy filtered properties files.
[INFO] Copying 1 resource
[INFO] Copying 3 resources
[INFO]
[INFO] --- compiler:3.13.0:compile (default-compile) @ dolphinscheduler-registry-zookeeper ---
[INFO] Recompiling the module because of changed dependency.
[INFO] Compiling 5 source files with javac [debug target 17] to target/classes
[WARNING] system modules path not set in conjunction with -source 17
[INFO] Annotation processing is enabled because one or more processors were found
  on the class path. A future release of javac may disable annotation processing
  unless at least one processor is specified by name (-processor), or a search
  path is specified (--processor-path, --processor-module-path), or annotation
  processing is enabled explicitly (-proc:only, -proc:full).
  Use -Xlint:-options to suppress this message.
  Use -proc:none to disable annotation processing.
[INFO] /app/dolphinscheduler-registry/dolphinscheduler-registry-plugins/dolphinscheduler-registry-zookeeper/src/main/java/org/apache/dolphinscheduler/plugin/registry/zookeeper/ZookeeperRegistry.java: /app/dolphinscheduler-registry/dolphinscheduler-registry-plugins/dolphinscheduler-registry-zookeeper/src/main/java/org/apache/dolphinscheduler/plugin/registry/zookeeper/ZookeeperRegistry.java uses or overrides a deprecated API.
[INFO] /app/dolphinscheduler-registry/dolphinscheduler-registry-plugins/dolphinscheduler-registry-zookeeper/src/main/java/org/apache/dolphinscheduler/plugin/registry/zookeeper/ZookeeperRegistry.java: Recompile with -Xlint:deprecation for details.
[INFO]
[INFO] --- spotless:2.27.2:check (default) @ dolphinscheduler-registry-zookeeper ---
[INFO] Spotless check skipped
[INFO]
[INFO] -----< org.apache.dolphinscheduler:dolphinscheduler-registry-jdbc >-----
[INFO] Building dolphinscheduler-registry-jdbc 3.4.2-SNAPSHOT          [40/138]
[INFO]   from dolphinscheduler-registry/dolphinscheduler-registry-plugins/dolphinscheduler-registry-jdbc/pom.xml
[INFO] --------------------------------[ jar ]---------------------------------
[INFO]
[INFO] --- clean:3.1.0:clean (default-clean) @ dolphinscheduler-registry-jdbc ---
[INFO] Deleting /app/dolphinscheduler-registry/dolphinscheduler-registry-plugins/dolphinscheduler-registry-jdbc/target
[INFO]
[INFO] --- enforcer:3.0.0:enforce (enforce-maven-version) @ dolphinscheduler-registry-jdbc ---
[INFO]
[INFO] --- enforcer:3.0.0:enforce (enforce-java-version) @ dolphinscheduler-registry-jdbc ---
[INFO]
[INFO] --- remote-resources:1.7.0:process (process-resource-bundles) @ dolphinscheduler-registry-jdbc ---
[INFO] Preparing remote bundle org.apache:apache-jar-resource-bundle:1.4
[INFO] Copying 3 resources from 1 bundle.
[INFO]
[INFO] --- resources:3.2.0:resources (default-resources) @ dolphinscheduler-registry-jdbc ---
[INFO] Using 'UTF-8' encoding to copy filtered resources.
[INFO] Using 'UTF-8' encoding to copy filtered properties files.
[INFO] Copying 3 resources
[INFO] Copying 3 resources
[INFO]
[INFO] --- compiler:3.13.0:compile (default-compile) @ dolphinscheduler-registry-jdbc ---
[INFO] Recompiling the module because of changed dependency.
[INFO] Compiling 37 source files with javac [debug target 17] to target/classes
[WARNING] system modules path not set in conjunction with -source 17
[INFO] Annotation processing is enabled because one or more processors were found
  on the class path. A future release of javac may disable annotation processing
  unless at least one processor is specified by name (-processor), or a search
  path is specified (--processor-path, --processor-module-path), or annotation
  processing is enabled explicitly (-proc:only, -proc:full).
  Use -Xlint:-options to suppress this message.
  Use -proc:none to disable annotation processing.
[INFO] /app/dolphinscheduler-registry/dolphinscheduler-registry-plugins/dolphinscheduler-registry-jdbc/src/main/java/org/apache/dolphinscheduler/plugin/registry/jdbc/server/JdbcRegistryServer.java: /app/dolphinscheduler-registry/dolphinscheduler-registry-plugins/dolphinscheduler-registry-jdbc/src/main/java/org/apache/dolphinscheduler/plugin/registry/jdbc/server/JdbcRegistryServer.java uses or overrides a deprecated API.
[INFO] /app/dolphinscheduler-registry/dolphinscheduler-registry-plugins/dolphinscheduler-registry-jdbc/src/main/java/org/apache/dolphinscheduler/plugin/registry/jdbc/server/JdbcRegistryServer.java: Recompile with -Xlint:deprecation for details.
[INFO]
[INFO] --- spotless:2.27.2:check (default) @ dolphinscheduler-registry-jdbc ---
[INFO] Spotless check skipped
[INFO]
[INFO] -----< org.apache.dolphinscheduler:dolphinscheduler-registry-etcd >-----
[INFO] Building dolphinscheduler-registry-etcd 3.4.2-SNAPSHOT          [41/138]
[INFO]   from dolphinscheduler-registry/dolphinscheduler-registry-plugins/dolphinscheduler-registry-etcd/pom.xml
[INFO] --------------------------------[ jar ]---------------------------------
[INFO]
[INFO] --- clean:3.1.0:clean (default-clean) @ dolphinscheduler-registry-etcd ---
[INFO] Deleting /app/dolphinscheduler-registry/dolphinscheduler-registry-plugins/dolphinscheduler-registry-etcd/target
[INFO]
[INFO] --- enforcer:3.0.0:enforce (enforce-maven-version) @ dolphinscheduler-registry-etcd ---
[INFO]
[INFO] --- enforcer:3.0.0:enforce (enforce-java-version) @ dolphinscheduler-registry-etcd ---
[INFO]
[INFO] --- remote-resources:1.7.0:process (process-resource-bundles) @ dolphinscheduler-registry-etcd ---
[INFO] Preparing remote bundle org.apache:apache-jar-resource-bundle:1.4
[INFO] Copying 3 resources from 1 bundle.
[INFO]
[INFO] --- resources:3.2.0:resources (default-resources) @ dolphinscheduler-registry-etcd ---
[INFO] Using 'UTF-8' encoding to copy filtered resources.
[INFO] Using 'UTF-8' encoding to copy filtered properties files.
[INFO] Copying 1 resource
[INFO] Copying 3 resources
[INFO]
[INFO] --- compiler:3.13.0:compile (default-compile) @ dolphinscheduler-registry-etcd ---
[INFO] Recompiling the module because of changed dependency.
[INFO] Compiling 5 source files with javac [debug target 17] to target/classes
[WARNING] system modules path not set in conjunction with -source 17
[INFO] Annotation processing is enabled because one or more processors were found
  on the class path. A future release of javac may disable annotation processing
  unless at least one processor is specified by name (-processor), or a search
  path is specified (--processor-path, --processor-module-path), or annotation
  processing is enabled explicitly (-proc:only, -proc:full).
  Use -Xlint:-options to suppress this message.
  Use -proc:none to disable annotation processing.
[INFO]
[INFO] --- spotless:2.27.2:check (default) @ dolphinscheduler-registry-etcd ---
[INFO] Spotless check skipped
[INFO]
[INFO] -----< org.apache.dolphinscheduler:dolphinscheduler-registry-all >------
[INFO] Building dolphinscheduler-registry-all 3.4.2-SNAPSHOT           [42/138]
[INFO]   from dolphinscheduler-registry/dolphinscheduler-registry-all/pom.xml
[INFO] --------------------------------[ jar ]---------------------------------
[INFO]
[INFO] --- clean:3.1.0:clean (default-clean) @ dolphinscheduler-registry-all ---
[INFO] Deleting /app/dolphinscheduler-registry/dolphinscheduler-registry-all/target
[INFO]
[INFO] --- enforcer:3.0.0:enforce (enforce-maven-version) @ dolphinscheduler-registry-all ---
[INFO]
[INFO] --- enforcer:3.0.0:enforce (enforce-java-version) @ dolphinscheduler-registry-all ---
[INFO]
[INFO] --- remote-resources:1.7.0:process (process-resource-bundles) @ dolphinscheduler-registry-all ---
[INFO] Preparing remote bundle org.apache:apache-jar-resource-bundle:1.4
[INFO] Copying 3 resources from 1 bundle.
[INFO]
[INFO] --- resources:3.2.0:resources (default-resources) @ dolphinscheduler-registry-all ---
[INFO] Using 'UTF-8' encoding to copy filtered resources.
[INFO] Using 'UTF-8' encoding to copy filtered properties files.
[INFO] skip non existing resourceDirectory /app/dolphinscheduler-registry/dolphinscheduler-registry-all/src/main/resources
[INFO] Copying 3 resources
[INFO]
[INFO] --- compiler:3.13.0:compile (default-compile) @ dolphinscheduler-registry-all ---
[INFO] No sources to compile
[INFO]
[INFO] --- spotless:2.27.2:check (default) @ dolphinscheduler-registry-all ---
[INFO] Spotless check skipped
[INFO]
[INFO] -----< org.apache.dolphinscheduler:dolphinscheduler-extract-alert >-----
[INFO] Building dolphinscheduler-extract-alert 3.4.2-SNAPSHOT          [43/138]
[INFO]   from dolphinscheduler-extract/dolphinscheduler-extract-alert/pom.xml
[INFO] --------------------------------[ jar ]---------------------------------
[INFO]
[INFO] --- clean:3.1.0:clean (default-clean) @ dolphinscheduler-extract-alert ---
[INFO] Deleting /app/dolphinscheduler-extract/dolphinscheduler-extract-alert/target
[INFO]
[INFO] --- enforcer:3.0.0:enforce (enforce-maven-version) @ dolphinscheduler-extract-alert ---
[INFO]
[INFO] --- enforcer:3.0.0:enforce (enforce-java-version) @ dolphinscheduler-extract-alert ---
[INFO]
[INFO] --- remote-resources:1.7.0:process (process-resource-bundles) @ dolphinscheduler-extract-alert ---
[INFO] Preparing remote bundle org.apache:apache-jar-resource-bundle:1.4
[INFO] Copying 3 resources from 1 bundle.
[INFO]
[INFO] --- resources:3.2.0:resources (default-resources) @ dolphinscheduler-extract-alert ---
[INFO] Using 'UTF-8' encoding to copy filtered resources.
[INFO] Using 'UTF-8' encoding to copy filtered properties files.
[INFO] skip non existing resourceDirectory /app/dolphinscheduler-extract/dolphinscheduler-extract-alert/src/main/resources
[INFO] Copying 3 resources
[INFO]
[INFO] --- compiler:3.13.0:compile (default-compile) @ dolphinscheduler-extract-alert ---
[INFO] Recompiling the module because of changed dependency.
[INFO] Compiling 4 source files with javac [debug target 17] to target/classes
[WARNING] system modules path not set in conjunction with -source 17
[INFO] Annotation processing is enabled because one or more processors were found
  on the class path. A future release of javac may disable annotation processing
  unless at least one processor is specified by name (-processor), or a search
  path is specified (--processor-path, --processor-module-path), or annotation
  processing is enabled explicitly (-proc:only, -proc:full).
  Use -Xlint:-options to suppress this message.
  Use -proc:none to disable annotation processing.
[INFO]
[INFO] --- spotless:2.27.2:check (default) @ dolphinscheduler-extract-alert ---
[INFO] Spotless check skipped
[INFO]
[INFO] --< org.apache.dolphinscheduler:dolphinscheduler-actuator-authentication >--
[INFO] Building dolphinscheduler-actuator-authentication 3.4.2-SNAPSHOT [44/138]
[INFO]   from dolphinscheduler-authentication/dolphinscheduler-actuator-authentication/pom.xml
[INFO] --------------------------------[ jar ]---------------------------------
[INFO]
[INFO] --- clean:3.1.0:clean (default-clean) @ dolphinscheduler-actuator-authentication ---
[INFO] Deleting /app/dolphinscheduler-authentication/dolphinscheduler-actuator-authentication/target
[INFO]
[INFO] --- enforcer:3.0.0:enforce (enforce-maven-version) @ dolphinscheduler-actuator-authentication ---
[INFO]
[INFO] --- enforcer:3.0.0:enforce (enforce-java-version) @ dolphinscheduler-actuator-authentication ---
[INFO]
[INFO] --- remote-resources:1.7.0:process (process-resource-bundles) @ dolphinscheduler-actuator-authentication ---
[INFO] Preparing remote bundle org.apache:apache-jar-resource-bundle:1.4
[INFO] Copying 3 resources from 1 bundle.
[INFO]
[INFO] --- resources:3.2.0:resources (default-resources) @ dolphinscheduler-actuator-authentication ---
[INFO] Using 'UTF-8' encoding to copy filtered resources.
[INFO] Using 'UTF-8' encoding to copy filtered properties files.
[INFO] Copying 1 resource
[INFO] Copying 3 resources
[INFO]
[INFO] --- compiler:3.13.0:compile (default-compile) @ dolphinscheduler-actuator-authentication ---
[INFO] Recompiling the module because of changed source code.
[INFO] Compiling 1 source file with javac [debug target 17] to target/classes
[WARNING] system modules path not set in conjunction with -source 17
[INFO] Annotation processing is enabled because one or more processors were found
  on the class path. A future release of javac may disable annotation processing
  unless at least one processor is specified by name (-processor), or a search
  path is specified (--processor-path, --processor-module-path), or annotation
  processing is enabled explicitly (-proc:only, -proc:full).
  Use -Xlint:-options to suppress this message.
  Use -proc:none to disable annotation processing.
[INFO]
[INFO] --- spotless:2.27.2:check (default) @ dolphinscheduler-actuator-authentication ---
[INFO] Spotless check skipped
[INFO]
[INFO] -----< org.apache.dolphinscheduler:dolphinscheduler-alert-server >------
[INFO] Building dolphinscheduler-alert-server 3.4.2-SNAPSHOT           [45/138]
[INFO]   from dolphinscheduler-alert/dolphinscheduler-alert-server/pom.xml
[INFO] --------------------------------[ jar ]---------------------------------
[INFO]
[INFO] --- clean:3.1.0:clean (default-clean) @ dolphinscheduler-alert-server ---
[INFO] Deleting /app/dolphinscheduler-alert/dolphinscheduler-alert-server/target
[INFO]
[INFO] --- enforcer:3.0.0:enforce (enforce-maven-version) @ dolphinscheduler-alert-server ---
[INFO]
[INFO] --- enforcer:3.0.0:enforce (enforce-java-version) @ dolphinscheduler-alert-server ---
[INFO]
[INFO] --- remote-resources:1.7.0:process (process-resource-bundles) @ dolphinscheduler-alert-server ---
[INFO] Preparing remote bundle org.apache:apache-jar-resource-bundle:1.4
[INFO] Copying 3 resources from 1 bundle.
[INFO]
[INFO] --- resources:3.2.0:resources (default-resources) @ dolphinscheduler-alert-server ---
[INFO] Using 'UTF-8' encoding to copy filtered resources.
[INFO] Using 'UTF-8' encoding to copy filtered properties files.
[INFO] Copying 4 resources
[INFO] Copying 3 resources
[INFO]
[INFO] --- compiler:3.13.0:compile (default-compile) @ dolphinscheduler-alert-server ---
[INFO] Recompiling the module because of changed dependency.
[INFO] Compiling 24 source files with javac [debug target 17] to target/classes
[WARNING] system modules path not set in conjunction with -source 17
[INFO] Annotation processing is enabled because one or more processors were found
  on the class path. A future release of javac may disable annotation processing
  unless at least one processor is specified by name (-processor), or a search
  path is specified (--processor-path, --processor-module-path), or annotation
  processing is enabled explicitly (-proc:only, -proc:full).
  Use -Xlint:-options to suppress this message.
  Use -proc:none to disable annotation processing.
[INFO]
[INFO] --- spotless:2.27.2:check (default) @ dolphinscheduler-alert-server ---
[INFO] Spotless check skipped
[INFO]
[INFO] ---< org.apache.dolphinscheduler:dolphinscheduler-datasource-plugin >---
[INFO] Building dolphinscheduler-datasource-plugin 3.4.2-SNAPSHOT      [46/138]
[INFO]   from dolphinscheduler-datasource-plugin/pom.xml
[INFO] --------------------------------[ pom ]---------------------------------
[INFO]
[INFO] --- clean:3.1.0:clean (default-clean) @ dolphinscheduler-datasource-plugin ---
[INFO] Deleting /app/dolphinscheduler-datasource-plugin/target
[INFO]
[INFO] --- enforcer:3.0.0:enforce (enforce-maven-version) @ dolphinscheduler-datasource-plugin ---
[INFO]
[INFO] --- enforcer:3.0.0:enforce (enforce-java-version) @ dolphinscheduler-datasource-plugin ---
[INFO]
[INFO] --- remote-resources:1.7.0:process (process-resource-bundles) @ dolphinscheduler-datasource-plugin ---
[INFO] Preparing remote bundle org.apache:apache-jar-resource-bundle:1.4
[INFO] Copying 3 resources from 1 bundle.
[INFO]
[INFO] --- spotless:2.27.2:check (default) @ dolphinscheduler-datasource-plugin ---
[INFO] Spotless check skipped
[INFO]
[INFO] ----< org.apache.dolphinscheduler:dolphinscheduler-datasource-api >-----
[INFO] Building dolphinscheduler-datasource-api 3.4.2-SNAPSHOT         [47/138]
[INFO]   from dolphinscheduler-datasource-plugin/dolphinscheduler-datasource-api/pom.xml
[INFO] --------------------------------[ jar ]---------------------------------
[INFO]
[INFO] --- clean:3.1.0:clean (default-clean) @ dolphinscheduler-datasource-api ---
[INFO] Deleting /app/dolphinscheduler-datasource-plugin/dolphinscheduler-datasource-api/target
[INFO]
[INFO] --- enforcer:3.0.0:enforce (enforce-maven-version) @ dolphinscheduler-datasource-api ---
[INFO]
[INFO] --- enforcer:3.0.0:enforce (enforce-java-version) @ dolphinscheduler-datasource-api ---
[INFO]
[INFO] --- remote-resources:1.7.0:process (process-resource-bundles) @ dolphinscheduler-datasource-api ---
[INFO] Preparing remote bundle org.apache:apache-jar-resource-bundle:1.4
[INFO] Copying 3 resources from 1 bundle.
[INFO]
[INFO] --- resources:3.2.0:resources (default-resources) @ dolphinscheduler-datasource-api ---
[INFO] Using 'UTF-8' encoding to copy filtered resources.
[INFO] Using 'UTF-8' encoding to copy filtered properties files.
[INFO] skip non existing resourceDirectory /app/dolphinscheduler-datasource-plugin/dolphinscheduler-datasource-api/src/main/resources
[INFO] Copying 3 resources
[INFO]
[INFO] --- compiler:3.13.0:compile (default-compile) @ dolphinscheduler-datasource-api ---
[INFO] Recompiling the module because of changed dependency.
[INFO] Compiling 13 source files with javac [debug target 17] to target/classes
[WARNING] system modules path not set in conjunction with -source 17
[INFO] Annotation processing is enabled because one or more processors were found
  on the class path. A future release of javac may disable annotation processing
  unless at least one processor is specified by name (-processor), or a search
  path is specified (--processor-path, --processor-module-path), or annotation
  processing is enabled explicitly (-proc:only, -proc:full).
  Use -Xlint:-options to suppress this message.
  Use -proc:none to disable annotation processing.
[INFO]
[INFO] --- spotless:2.27.2:check (default) @ dolphinscheduler-datasource-api ---
[INFO] Spotless check skipped
[INFO]
[INFO] ------< org.apache.dolphinscheduler:dolphinscheduler-task-datax >-------
[INFO] Building dolphinscheduler-task-datax 3.4.2-SNAPSHOT             [48/138]
[INFO]   from dolphinscheduler-task-plugin/dolphinscheduler-task-datax/pom.xml
[INFO] --------------------------------[ jar ]---------------------------------
[INFO]
[INFO] --- clean:3.1.0:clean (default-clean) @ dolphinscheduler-task-datax ---
[INFO] Deleting /app/dolphinscheduler-task-plugin/dolphinscheduler-task-datax/target
[INFO]
[INFO] --- enforcer:3.0.0:enforce (enforce-maven-version) @ dolphinscheduler-task-datax ---
[INFO]
[INFO] --- enforcer:3.0.0:enforce (enforce-java-version) @ dolphinscheduler-task-datax ---
[INFO]
[INFO] --- remote-resources:1.7.0:process (process-resource-bundles) @ dolphinscheduler-task-datax ---
[INFO] Preparing remote bundle org.apache:apache-jar-resource-bundle:1.4
[INFO] Copying 3 resources from 1 bundle.
[INFO]
[INFO] --- resources:3.2.0:resources (default-resources) @ dolphinscheduler-task-datax ---
[INFO] Using 'UTF-8' encoding to copy filtered resources.
[INFO] Using 'UTF-8' encoding to copy filtered properties files.
[INFO] skip non existing resourceDirectory /app/dolphinscheduler-task-plugin/dolphinscheduler-task-datax/src/main/resources
[INFO] Copying 3 resources
[INFO]
[INFO] --- compiler:3.13.0:compile (default-compile) @ dolphinscheduler-task-datax ---
[INFO] Recompiling the module because of changed dependency.
[INFO] Compiling 6 source files with javac [debug target 17] to target/classes
[WARNING] system modules path not set in conjunction with -source 17
[INFO] Annotation processing is enabled because one or more processors were found
  on the class path. A future release of javac may disable annotation processing
  unless at least one processor is specified by name (-processor), or a search
  path is specified (--processor-path, --processor-module-path), or annotation
  processing is enabled explicitly (-proc:only, -proc:full).
  Use -Xlint:-options to suppress this message.
  Use -proc:none to disable annotation processing.
[INFO] /app/dolphinscheduler-task-plugin/dolphinscheduler-task-datax/src/main/java/org/apache/dolphinscheduler/plugin/task/datax/DataxTask.java: /app/dolphinscheduler-task-plugin/dolphinscheduler-task-datax/src/main/java/org/apache/dolphinscheduler/plugin/task/datax/DataxTask.java uses or overrides a deprecated API.
[INFO] /app/dolphinscheduler-task-plugin/dolphinscheduler-task-datax/src/main/java/org/apache/dolphinscheduler/plugin/task/datax/DataxTask.java: Recompile with -Xlint:deprecation for details.
[INFO]
[INFO] --- spotless:2.27.2:check (default) @ dolphinscheduler-task-datax ---
[INFO] Spotless check skipped
[INFO]
[INFO] ------< org.apache.dolphinscheduler:dolphinscheduler-task-flink >-------
[INFO] Building dolphinscheduler-task-flink 3.4.2-SNAPSHOT             [49/138]
[INFO]   from dolphinscheduler-task-plugin/dolphinscheduler-task-flink/pom.xml
[INFO] --------------------------------[ jar ]---------------------------------
[INFO]
[INFO] --- clean:3.1.0:clean (default-clean) @ dolphinscheduler-task-flink ---
[INFO] Deleting /app/dolphinscheduler-task-plugin/dolphinscheduler-task-flink/target
[INFO]
[INFO] --- enforcer:3.0.0:enforce (enforce-maven-version) @ dolphinscheduler-task-flink ---
[INFO]
[INFO] --- enforcer:3.0.0:enforce (enforce-java-version) @ dolphinscheduler-task-flink ---
[INFO]
[INFO] --- remote-resources:1.7.0:process (process-resource-bundles) @ dolphinscheduler-task-flink ---
[INFO] Preparing remote bundle org.apache:apache-jar-resource-bundle:1.4
[INFO] Copying 3 resources from 1 bundle.
[INFO]
[INFO] --- resources:3.2.0:resources (default-resources) @ dolphinscheduler-task-flink ---
[INFO] Using 'UTF-8' encoding to copy filtered resources.
[INFO] Using 'UTF-8' encoding to copy filtered properties files.
[INFO] skip non existing resourceDirectory /app/dolphinscheduler-task-plugin/dolphinscheduler-task-flink/src/main/resources
[INFO] Copying 3 resources
[INFO]
[INFO] --- compiler:3.13.0:compile (default-compile) @ dolphinscheduler-task-flink ---
[INFO] Recompiling the module because of changed dependency.
[INFO] Compiling 9 source files with javac [debug target 17] to target/classes
[WARNING] system modules path not set in conjunction with -source 17
[INFO] Annotation processing is enabled because one or more processors were found
  on the class path. A future release of javac may disable annotation processing
  unless at least one processor is specified by name (-processor), or a search
  path is specified (--processor-path, --processor-module-path), or annotation
  processing is enabled explicitly (-proc:only, -proc:full).
  Use -Xlint:-options to suppress this message.
  Use -proc:none to disable annotation processing.
[INFO] /app/dolphinscheduler-task-plugin/dolphinscheduler-task-flink/src/main/java/org/apache/dolphinscheduler/plugin/task/flink/FileUtils.java: /app/dolphinscheduler-task-plugin/dolphinscheduler-task-flink/src/main/java/org/apache/dolphinscheduler/plugin/task/flink/FileUtils.java uses or overrides a deprecated API.
[INFO] /app/dolphinscheduler-task-plugin/dolphinscheduler-task-flink/src/main/java/org/apache/dolphinscheduler/plugin/task/flink/FileUtils.java: Recompile with -Xlint:deprecation for details.
[INFO]
[INFO] --- spotless:2.27.2:check (default) @ dolphinscheduler-task-flink ---
[INFO] Spotless check skipped
[INFO]
[INFO] ---< org.apache.dolphinscheduler:dolphinscheduler-task-flink-stream >---
[INFO] Building dolphinscheduler-task-flink-stream 3.4.2-SNAPSHOT      [50/138]
[INFO]   from dolphinscheduler-task-plugin/dolphinscheduler-task-flink-stream/pom.xml
[INFO] --------------------------------[ jar ]---------------------------------
[INFO]
[INFO] --- clean:3.1.0:clean (default-clean) @ dolphinscheduler-task-flink-stream ---
[INFO] Deleting /app/dolphinscheduler-task-plugin/dolphinscheduler-task-flink-stream/target
[INFO]
[INFO] --- enforcer:3.0.0:enforce (enforce-maven-version) @ dolphinscheduler-task-flink-stream ---
[INFO]
[INFO] --- enforcer:3.0.0:enforce (enforce-java-version) @ dolphinscheduler-task-flink-stream ---
[INFO]
[INFO] --- remote-resources:1.7.0:process (process-resource-bundles) @ dolphinscheduler-task-flink-stream ---
[INFO] Preparing remote bundle org.apache:apache-jar-resource-bundle:1.4
[INFO] Copying 3 resources from 1 bundle.
[INFO]
[INFO] --- resources:3.2.0:resources (default-resources) @ dolphinscheduler-task-flink-stream ---
[INFO] Using 'UTF-8' encoding to copy filtered resources.
[INFO] Using 'UTF-8' encoding to copy filtered properties files.
[INFO] skip non existing resourceDirectory /app/dolphinscheduler-task-plugin/dolphinscheduler-task-flink-stream/src/main/resources
[INFO] Copying 3 resources
[INFO]
[INFO] --- compiler:3.13.0:compile (default-compile) @ dolphinscheduler-task-flink-stream ---
[INFO] Recompiling the module because of changed dependency.
[INFO] Compiling 4 source files with javac [debug target 17] to target/classes
[WARNING] system modules path not set in conjunction with -source 17
[INFO] Annotation processing is enabled because one or more processors were found
  on the class path. A future release of javac may disable annotation processing
  unless at least one processor is specified by name (-processor), or a search
  path is specified (--processor-path, --processor-module-path), or annotation
  processing is enabled explicitly (-proc:only, -proc:full).
  Use -Xlint:-options to suppress this message.
  Use -proc:none to disable annotation processing.
[INFO]
[INFO] --- spotless:2.27.2:check (default) @ dolphinscheduler-task-flink-stream ---
[INFO] Spotless check skipped
[INFO]
[INFO] -------< org.apache.dolphinscheduler:dolphinscheduler-task-grpc >-------
[INFO] Building dolphinscheduler-task-grpc 3.4.2-SNAPSHOT              [51/138]
[INFO]   from dolphinscheduler-task-plugin/dolphinscheduler-task-grpc/pom.xml
[INFO] --------------------------------[ jar ]---------------------------------
[INFO]
[INFO] --- clean:3.1.0:clean (default-clean) @ dolphinscheduler-task-grpc ---
[INFO] Deleting /app/dolphinscheduler-task-plugin/dolphinscheduler-task-grpc/target
[INFO]
[INFO] --- enforcer:3.5.0:enforce (enforce-maven-version) @ dolphinscheduler-task-grpc ---
[INFO] Rule 0: org.apache.maven.enforcer.rules.version.RequireMavenVersion passed
[INFO]
[INFO] --- enforcer:3.5.0:enforce (enforce-java-version) @ dolphinscheduler-task-grpc ---
[INFO] Rule 0: org.apache.maven.enforcer.rules.version.RequireJavaVersion passed
[INFO]
[INFO] --- enforcer:3.5.0:enforce (enforce) @ dolphinscheduler-task-grpc ---
[INFO] Rule 0: org.apache.maven.enforcer.rules.dependency.RequireUpperBoundDeps passed
[INFO]
[INFO] --- remote-resources:1.7.0:process (process-resource-bundles) @ dolphinscheduler-task-grpc ---
[INFO] Preparing remote bundle org.apache:apache-jar-resource-bundle:1.4
[INFO] Copying 3 resources from 1 bundle.
[INFO]
[INFO] --- resources:3.2.0:resources (default-resources) @ dolphinscheduler-task-grpc ---
[INFO] Using 'UTF-8' encoding to copy filtered resources.
[INFO] Using 'UTF-8' encoding to copy filtered properties files.
[INFO] skip non existing resourceDirectory /app/dolphinscheduler-task-plugin/dolphinscheduler-task-grpc/src/main/resources
[INFO] Copying 3 resources
[INFO]
[INFO] --- compiler:3.13.0:compile (default-compile) @ dolphinscheduler-task-grpc ---
[INFO] Recompiling the module because of changed dependency.
[INFO] Compiling 29 source files with javac [debug target 17] to target/classes
[WARNING] system modules path not set in conjunction with -source 17
[INFO] Annotation processing is enabled because one or more processors were found
  on the class path. A future release of javac may disable annotation processing
  unless at least one processor is specified by name (-processor), or a search
  path is specified (--processor-path, --processor-module-path), or annotation
  processing is enabled explicitly (-proc:only, -proc:full).
  Use -Xlint:-options to suppress this message.
  Use -proc:none to disable annotation processing.
[WARNING] /app/dolphinscheduler-task-plugin/dolphinscheduler-task-grpc/src/main/java/org/apache/dolphinscheduler/plugin/task/grpc/protobufjs/mapping/Enum.java:[24,1] Generating equals/hashCode implementation but without a call to superclass, even though this class does not extend java.lang.Object. If this is intentional, add '@EqualsAndHashCode(callSuper=false)' to your type.
[WARNING] /app/dolphinscheduler-task-plugin/dolphinscheduler-task-grpc/src/main/java/org/apache/dolphinscheduler/plugin/task/grpc/protobufjs/mapping/Method.java:[22,1] Generating equals/hashCode implementation but without a call to superclass, even though this class does not extend java.lang.Object. If this is intentional, add '@EqualsAndHashCode(callSuper=false)' to your type.
[WARNING] /app/dolphinscheduler-task-plugin/dolphinscheduler-task-grpc/src/main/java/org/apache/dolphinscheduler/plugin/task/grpc/protobufjs/mapping/Service.java:[24,1] Generating equals/hashCode implementation but without a call to superclass, even though this class does not extend java.lang.Object. If this is intentional, add '@EqualsAndHashCode(callSuper=false)' to your type.
[WARNING] /app/dolphinscheduler-task-plugin/dolphinscheduler-task-grpc/src/main/java/org/apache/dolphinscheduler/plugin/task/grpc/protobufjs/mapping/MapField.java:[22,1] Generating equals/hashCode implementation but without a call to superclass, even though this class does not extend java.lang.Object. If this is intentional, add '@EqualsAndHashCode(callSuper=false)' to your type.
[WARNING] /app/dolphinscheduler-task-plugin/dolphinscheduler-task-grpc/src/main/java/org/apache/dolphinscheduler/plugin/task/grpc/protobufjs/mapping/OneOf.java:[26,1] Generating equals/hashCode implementation but without a call to superclass, even though this class does not extend java.lang.Object. If this is intentional, add '@EqualsAndHashCode(callSuper=false)' to your type.
[WARNING] /app/dolphinscheduler-task-plugin/dolphinscheduler-task-grpc/src/main/java/org/apache/dolphinscheduler/plugin/task/grpc/protobufjs/mapping/Type.java:[24,1] Generating equals/hashCode implementation but without a call to superclass, even though this class does not extend java.lang.Object. If this is intentional, add '@EqualsAndHashCode(callSuper=false)' to your type.
[WARNING] /app/dolphinscheduler-task-plugin/dolphinscheduler-task-grpc/src/main/java/org/apache/dolphinscheduler/plugin/task/grpc/protobufjs/mapping/Field.java:[28,1] Generating equals/hashCode implementation but without a call to superclass, even though this class does not extend java.lang.Object. If this is intentional, add '@EqualsAndHashCode(callSuper=false)' to your type.
[WARNING] /app/dolphinscheduler-task-plugin/dolphinscheduler-task-grpc/src/main/java/org/apache/dolphinscheduler/plugin/task/grpc/protobufjs/mapping/Namespace.java:[27,1] Generating equals/hashCode implementation but without a call to superclass, even though this class does not extend java.lang.Object. If this is intentional, add '@EqualsAndHashCode(callSuper=false)' to your type.
[WARNING] /app/dolphinscheduler-task-plugin/dolphinscheduler-task-grpc/src/main/java/org/apache/dolphinscheduler/plugin/task/grpc/protobufjs/mapping/Root.java:[24,1] Generating equals/hashCode implementation but without a call to superclass, even though this class does not extend java.lang.Object. If this is intentional, add '@EqualsAndHashCode(callSuper=false)' to your type.
[INFO]
[INFO] --- spotless:2.27.2:check (default) @ dolphinscheduler-task-grpc ---
[INFO] Spotless check skipped
[INFO]
[INFO] -------< org.apache.dolphinscheduler:dolphinscheduler-task-http >-------
[INFO] Building dolphinscheduler-task-http 3.4.2-SNAPSHOT              [52/138]
[INFO]   from dolphinscheduler-task-plugin/dolphinscheduler-task-http/pom.xml
[INFO] --------------------------------[ jar ]---------------------------------
[INFO]
[INFO] --- clean:3.1.0:clean (default-clean) @ dolphinscheduler-task-http ---
[INFO] Deleting /app/dolphinscheduler-task-plugin/dolphinscheduler-task-http/target
[INFO]
[INFO] --- enforcer:3.0.0:enforce (enforce-maven-version) @ dolphinscheduler-task-http ---
[INFO]
[INFO] --- enforcer:3.0.0:enforce (enforce-java-version) @ dolphinscheduler-task-http ---
[INFO]
[INFO] --- remote-resources:1.7.0:process (process-resource-bundles) @ dolphinscheduler-task-http ---
[INFO] Preparing remote bundle org.apache:apache-jar-resource-bundle:1.4
[INFO] Copying 3 resources from 1 bundle.
[INFO]
[INFO] --- resources:3.2.0:resources (default-resources) @ dolphinscheduler-task-http ---
[INFO] Using 'UTF-8' encoding to copy filtered resources.
[INFO] Using 'UTF-8' encoding to copy filtered properties files.
[INFO] skip non existing resourceDirectory /app/dolphinscheduler-task-plugin/dolphinscheduler-task-http/src/main/resources
[INFO] Copying 3 resources
[INFO]
[INFO] --- compiler:3.13.0:compile (default-compile) @ dolphinscheduler-task-http ---
[INFO] Recompiling the module because of changed dependency.
[INFO] Compiling 9 source files with javac [debug target 17] to target/classes
[WARNING] system modules path not set in conjunction with -source 17
[INFO] Annotation processing is enabled because one or more processors were found
  on the class path. A future release of javac may disable annotation processing
  unless at least one processor is specified by name (-processor), or a search
  path is specified (--processor-path, --processor-module-path), or annotation
  processing is enabled explicitly (-proc:only, -proc:full).
  Use -Xlint:-options to suppress this message.
  Use -proc:none to disable annotation processing.
[INFO]
[INFO] --- spotless:2.27.2:check (default) @ dolphinscheduler-task-http ---
[INFO] Spotless check skipped
[INFO]
[INFO] --------< org.apache.dolphinscheduler:dolphinscheduler-task-mr >--------
[INFO] Building dolphinscheduler-task-mr 3.4.2-SNAPSHOT                [53/138]
[INFO]   from dolphinscheduler-task-plugin/dolphinscheduler-task-mr/pom.xml
[INFO] --------------------------------[ jar ]---------------------------------
[INFO]
[INFO] --- clean:3.1.0:clean (default-clean) @ dolphinscheduler-task-mr ---
[INFO] Deleting /app/dolphinscheduler-task-plugin/dolphinscheduler-task-mr/target
[INFO]
[INFO] --- enforcer:3.0.0:enforce (enforce-maven-version) @ dolphinscheduler-task-mr ---
[INFO]
[INFO] --- enforcer:3.0.0:enforce (enforce-java-version) @ dolphinscheduler-task-mr ---
[INFO]
[INFO] --- remote-resources:1.7.0:process (process-resource-bundles) @ dolphinscheduler-task-mr ---
[INFO] Preparing remote bundle org.apache:apache-jar-resource-bundle:1.4
[INFO] Copying 3 resources from 1 bundle.
[INFO]
[INFO] --- resources:3.2.0:resources (default-resources) @ dolphinscheduler-task-mr ---
[INFO] Using 'UTF-8' encoding to copy filtered resources.
[INFO] Using 'UTF-8' encoding to copy filtered properties files.
[INFO] skip non existing resourceDirectory /app/dolphinscheduler-task-plugin/dolphinscheduler-task-mr/src/main/resources
[INFO] Copying 3 resources
[INFO]
[INFO] --- compiler:3.13.0:compile (default-compile) @ dolphinscheduler-task-mr ---
[INFO] Recompiling the module because of changed dependency.
[INFO] Compiling 7 source files with javac [debug target 17] to target/classes
[WARNING] system modules path not set in conjunction with -source 17
[INFO] Annotation processing is enabled because one or more processors were found
  on the class path. A future release of javac may disable annotation processing
  unless at least one processor is specified by name (-processor), or a search
  path is specified (--processor-path, --processor-module-path), or annotation
  processing is enabled explicitly (-proc:only, -proc:full).
  Use -Xlint:-options to suppress this message.
  Use -proc:none to disable annotation processing.
[INFO]
[INFO] --- spotless:2.27.2:check (default) @ dolphinscheduler-task-mr ---
[INFO] Spotless check skipped
[INFO]
[INFO] ----< org.apache.dolphinscheduler:dolphinscheduler-task-procedure >-----
[INFO] Building dolphinscheduler-task-procedure 3.4.2-SNAPSHOT         [54/138]
[INFO]   from dolphinscheduler-task-plugin/dolphinscheduler-task-procedure/pom.xml
[INFO] --------------------------------[ jar ]---------------------------------
[INFO]
[INFO] --- clean:3.1.0:clean (default-clean) @ dolphinscheduler-task-procedure ---
[INFO] Deleting /app/dolphinscheduler-task-plugin/dolphinscheduler-task-procedure/target
[INFO]
[INFO] --- enforcer:3.0.0:enforce (enforce-maven-version) @ dolphinscheduler-task-procedure ---
[INFO]
[INFO] --- enforcer:3.0.0:enforce (enforce-java-version) @ dolphinscheduler-task-procedure ---
[INFO]
[INFO] --- remote-resources:1.7.0:process (process-resource-bundles) @ dolphinscheduler-task-procedure ---
[INFO] Preparing remote bundle org.apache:apache-jar-resource-bundle:1.4
[INFO] Copying 3 resources from 1 bundle.
[INFO]
[INFO] --- resources:3.2.0:resources (default-resources) @ dolphinscheduler-task-procedure ---
[INFO] Using 'UTF-8' encoding to copy filtered resources.
[INFO] Using 'UTF-8' encoding to copy filtered properties files.
[INFO] skip non existing resourceDirectory /app/dolphinscheduler-task-plugin/dolphinscheduler-task-procedure/src/main/resources
[INFO] Copying 3 resources
[INFO]
[INFO] --- compiler:3.13.0:compile (default-compile) @ dolphinscheduler-task-procedure ---
[INFO] Recompiling the module because of changed dependency.
[INFO] Compiling 5 source files with javac [debug target 17] to target/classes
[WARNING] system modules path not set in conjunction with -source 17
[INFO] Annotation processing is enabled because one or more processors were found
  on the class path. A future release of javac may disable annotation processing
  unless at least one processor is specified by name (-processor), or a search
  path is specified (--processor-path, --processor-module-path), or annotation
  processing is enabled explicitly (-proc:only, -proc:full).
  Use -Xlint:-options to suppress this message.
  Use -proc:none to disable annotation processing.
[WARNING] /app/dolphinscheduler-task-plugin/dolphinscheduler-task-procedure/src/main/java/org/apache/dolphinscheduler/plugin/task/procedure/ProcedureParameters.java:[31,1] Generating equals/hashCode implementation but without a call to superclass, even though this class does not extend java.lang.Object. If this is intentional, add '@EqualsAndHashCode(callSuper=false)' to your type.
[INFO]
[INFO] --- spotless:2.27.2:check (default) @ dolphinscheduler-task-procedure ---
[INFO] Spotless check skipped
[INFO]
[INFO] ------< org.apache.dolphinscheduler:dolphinscheduler-task-python >------
[INFO] Building dolphinscheduler-task-python 3.4.2-SNAPSHOT            [55/138]
[INFO]   from dolphinscheduler-task-plugin/dolphinscheduler-task-python/pom.xml
[INFO] --------------------------------[ jar ]---------------------------------
[INFO]
[INFO] --- clean:3.1.0:clean (default-clean) @ dolphinscheduler-task-python ---
[INFO] Deleting /app/dolphinscheduler-task-plugin/dolphinscheduler-task-python/target
[INFO]
[INFO] --- enforcer:3.0.0:enforce (enforce-maven-version) @ dolphinscheduler-task-python ---
[INFO]
[INFO] --- enforcer:3.0.0:enforce (enforce-java-version) @ dolphinscheduler-task-python ---
[INFO]
[INFO] --- remote-resources:1.7.0:process (process-resource-bundles) @ dolphinscheduler-task-python ---
[INFO] Preparing remote bundle org.apache:apache-jar-resource-bundle:1.4
[INFO] Copying 3 resources from 1 bundle.
[INFO]
[INFO] --- resources:3.2.0:resources (default-resources) @ dolphinscheduler-task-python ---
[INFO] Using 'UTF-8' encoding to copy filtered resources.
[INFO] Using 'UTF-8' encoding to copy filtered properties files.
[INFO] skip non existing resourceDirectory /app/dolphinscheduler-task-plugin/dolphinscheduler-task-python/src/main/resources
[INFO] Copying 3 resources
[INFO]
[INFO] --- compiler:3.13.0:compile (default-compile) @ dolphinscheduler-task-python ---
[INFO] Recompiling the module because of changed dependency.
[INFO] Compiling 4 source files with javac [debug target 17] to target/classes
[WARNING] system modules path not set in conjunction with -source 17
[INFO] Annotation processing is enabled because one or more processors were found
  on the class path. A future release of javac may disable annotation processing
  unless at least one processor is specified by name (-processor), or a search
  path is specified (--processor-path, --processor-module-path), or annotation
  processing is enabled explicitly (-proc:only, -proc:full).
  Use -Xlint:-options to suppress this message.
  Use -proc:none to disable annotation processing.
[INFO] /app/dolphinscheduler-task-plugin/dolphinscheduler-task-python/src/main/java/org/apache/dolphinscheduler/plugin/task/python/PythonTask.java: /app/dolphinscheduler-task-plugin/dolphinscheduler-task-python/src/main/java/org/apache/dolphinscheduler/plugin/task/python/PythonTask.java uses or overrides a deprecated API.
[INFO] /app/dolphinscheduler-task-plugin/dolphinscheduler-task-python/src/main/java/org/apache/dolphinscheduler/plugin/task/python/PythonTask.java: Recompile with -Xlint:deprecation for details.
[INFO]
[INFO] --- spotless:2.27.2:check (default) @ dolphinscheduler-task-python ---
[INFO] Spotless check skipped
[INFO]
[INFO] ----< org.apache.dolphinscheduler:dolphinscheduler-task-seatunnel >-----
[INFO] Building dolphinscheduler-task-seatunnel 3.4.2-SNAPSHOT         [56/138]
[INFO]   from dolphinscheduler-task-plugin/dolphinscheduler-task-seatunnel/pom.xml
[INFO] --------------------------------[ jar ]---------------------------------
[INFO]
[INFO] --- clean:3.1.0:clean (default-clean) @ dolphinscheduler-task-seatunnel ---
[INFO] Deleting /app/dolphinscheduler-task-plugin/dolphinscheduler-task-seatunnel/target
[INFO]
[INFO] --- enforcer:3.0.0:enforce (enforce-maven-version) @ dolphinscheduler-task-seatunnel ---
[INFO]
[INFO] --- enforcer:3.0.0:enforce (enforce-java-version) @ dolphinscheduler-task-seatunnel ---
[INFO]
[INFO] --- remote-resources:1.7.0:process (process-resource-bundles) @ dolphinscheduler-task-seatunnel ---
[INFO] Preparing remote bundle org.apache:apache-jar-resource-bundle:1.4
[INFO] Copying 3 resources from 1 bundle.
[INFO]
[INFO] --- resources:3.2.0:resources (default-resources) @ dolphinscheduler-task-seatunnel ---
[INFO] Using 'UTF-8' encoding to copy filtered resources.
[INFO] Using 'UTF-8' encoding to copy filtered properties files.
[INFO] skip non existing resourceDirectory /app/dolphinscheduler-task-plugin/dolphinscheduler-task-seatunnel/src/main/resources
[INFO] Copying 3 resources
[INFO]
[INFO] --- compiler:3.13.0:compile (default-compile) @ dolphinscheduler-task-seatunnel ---
[INFO] Recompiling the module because of changed dependency.
[INFO] Compiling 12 source files with javac [debug target 17] to target/classes
[WARNING] system modules path not set in conjunction with -source 17
[INFO] Annotation processing is enabled because one or more processors were found
  on the class path. A future release of javac may disable annotation processing
  unless at least one processor is specified by name (-processor), or a search
  path is specified (--processor-path, --processor-module-path), or annotation
  processing is enabled explicitly (-proc:only, -proc:full).
  Use -Xlint:-options to suppress this message.
  Use -proc:none to disable annotation processing.
[INFO] /app/dolphinscheduler-task-plugin/dolphinscheduler-task-seatunnel/src/main/java/org/apache/dolphinscheduler/plugin/task/seatunnel/SeatunnelTask.java: /app/dolphinscheduler-task-plugin/dolphinscheduler-task-seatunnel/src/main/java/org/apache/dolphinscheduler/plugin/task/seatunnel/SeatunnelTask.java uses or overrides a deprecated API.
[INFO] /app/dolphinscheduler-task-plugin/dolphinscheduler-task-seatunnel/src/main/java/org/apache/dolphinscheduler/plugin/task/seatunnel/SeatunnelTask.java: Recompile with -Xlint:deprecation for details.
[INFO]
[INFO] --- spotless:2.27.2:check (default) @ dolphinscheduler-task-seatunnel ---
[INFO] Spotless check skipped
[INFO]
[INFO] ------< org.apache.dolphinscheduler:dolphinscheduler-task-shell >-------
[INFO] Building dolphinscheduler-task-shell 3.4.2-SNAPSHOT             [57/138]
[INFO]   from dolphinscheduler-task-plugin/dolphinscheduler-task-shell/pom.xml
[INFO] --------------------------------[ jar ]---------------------------------
[INFO]
[INFO] --- clean:3.1.0:clean (default-clean) @ dolphinscheduler-task-shell ---
[INFO] Deleting /app/dolphinscheduler-task-plugin/dolphinscheduler-task-shell/target
[INFO]
[INFO] --- enforcer:3.0.0:enforce (enforce-maven-version) @ dolphinscheduler-task-shell ---
[INFO]
[INFO] --- enforcer:3.0.0:enforce (enforce-java-version) @ dolphinscheduler-task-shell ---
[INFO]
[INFO] --- remote-resources:1.7.0:process (process-resource-bundles) @ dolphinscheduler-task-shell ---
[INFO] Preparing remote bundle org.apache:apache-jar-resource-bundle:1.4
[INFO] Copying 3 resources from 1 bundle.
[INFO]
[INFO] --- resources:3.2.0:resources (default-resources) @ dolphinscheduler-task-shell ---
[INFO] Using 'UTF-8' encoding to copy filtered resources.
[INFO] Using 'UTF-8' encoding to copy filtered properties files.
[INFO] skip non existing resourceDirectory /app/dolphinscheduler-task-plugin/dolphinscheduler-task-shell/src/main/resources
[INFO] Copying 3 resources
[INFO]
[INFO] --- compiler:3.13.0:compile (default-compile) @ dolphinscheduler-task-shell ---
[INFO] Recompiling the module because of changed dependency.
[INFO] Compiling 4 source files with javac [debug target 17] to target/classes
[WARNING] system modules path not set in conjunction with -source 17
[INFO] Annotation processing is enabled because one or more processors were found
  on the class path. A future release of javac may disable annotation processing
  unless at least one processor is specified by name (-processor), or a search
  path is specified (--processor-path, --processor-module-path), or annotation
  processing is enabled explicitly (-proc:only, -proc:full).
  Use -Xlint:-options to suppress this message.
  Use -proc:none to disable annotation processing.
[INFO]
[INFO] --- spotless:2.27.2:check (default) @ dolphinscheduler-task-shell ---
[INFO] Spotless check skipped
[INFO]
[INFO] ------< org.apache.dolphinscheduler:dolphinscheduler-task-spark >-------
[INFO] Building dolphinscheduler-task-spark 3.4.2-SNAPSHOT             [58/138]
[INFO]   from dolphinscheduler-task-plugin/dolphinscheduler-task-spark/pom.xml
[INFO] --------------------------------[ jar ]---------------------------------
[INFO]
[INFO] --- clean:3.1.0:clean (default-clean) @ dolphinscheduler-task-spark ---
[INFO] Deleting /app/dolphinscheduler-task-plugin/dolphinscheduler-task-spark/target
[INFO]
[INFO] --- enforcer:3.0.0:enforce (enforce-maven-version) @ dolphinscheduler-task-spark ---
[INFO]
[INFO] --- enforcer:3.0.0:enforce (enforce-java-version) @ dolphinscheduler-task-spark ---
[INFO]
[INFO] --- remote-resources:1.7.0:process (process-resource-bundles) @ dolphinscheduler-task-spark ---
[INFO] Preparing remote bundle org.apache:apache-jar-resource-bundle:1.4
[INFO] Copying 3 resources from 1 bundle.
[INFO]
[INFO] --- resources:3.2.0:resources (default-resources) @ dolphinscheduler-task-spark ---
[INFO] Using 'UTF-8' encoding to copy filtered resources.
[INFO] Using 'UTF-8' encoding to copy filtered properties files.
[INFO] skip non existing resourceDirectory /app/dolphinscheduler-task-plugin/dolphinscheduler-task-spark/src/main/resources
[INFO] Copying 3 resources
[INFO]
[INFO] --- compiler:3.13.0:compile (default-compile) @ dolphinscheduler-task-spark ---
[INFO] Recompiling the module because of changed dependency.
[INFO] Compiling 6 source files with javac [debug target 17] to target/classes
[WARNING] system modules path not set in conjunction with -source 17
[INFO] Annotation processing is enabled because one or more processors were found
  on the class path. A future release of javac may disable annotation processing
  unless at least one processor is specified by name (-processor), or a search
  path is specified (--processor-path, --processor-module-path), or annotation
  processing is enabled explicitly (-proc:only, -proc:full).
  Use -Xlint:-options to suppress this message.
  Use -proc:none to disable annotation processing.
[WARNING] /app/dolphinscheduler-task-plugin/dolphinscheduler-task-spark/src/main/java/org/apache/dolphinscheduler/plugin/task/spark/SparkParameters.java:[28,1] Generating equals/hashCode implementation but without a call to superclass, even though this class does not extend java.lang.Object. If this is intentional, add '@EqualsAndHashCode(callSuper=false)' to your type.
[INFO] /app/dolphinscheduler-task-plugin/dolphinscheduler-task-spark/src/main/java/org/apache/dolphinscheduler/plugin/task/spark/SparkTask.java: /app/dolphinscheduler-task-plugin/dolphinscheduler-task-spark/src/main/java/org/apache/dolphinscheduler/plugin/task/spark/SparkTask.java uses or overrides a deprecated API.
[INFO] /app/dolphinscheduler-task-plugin/dolphinscheduler-task-spark/src/main/java/org/apache/dolphinscheduler/plugin/task/spark/SparkTask.java: Recompile with -Xlint:deprecation for details.
[INFO]
[INFO] --- spotless:2.27.2:check (default) @ dolphinscheduler-task-spark ---
[INFO] Spotless check skipped
[INFO]
[INFO] -------< org.apache.dolphinscheduler:dolphinscheduler-task-sql >--------
[INFO] Building dolphinscheduler-task-sql 3.4.2-SNAPSHOT               [59/138]
[INFO]   from dolphinscheduler-task-plugin/dolphinscheduler-task-sql/pom.xml
[INFO] --------------------------------[ jar ]---------------------------------
[INFO]
[INFO] --- clean:3.1.0:clean (default-clean) @ dolphinscheduler-task-sql ---
[INFO] Deleting /app/dolphinscheduler-task-plugin/dolphinscheduler-task-sql/target
[INFO]
[INFO] --- enforcer:3.0.0:enforce (enforce-maven-version) @ dolphinscheduler-task-sql ---
[INFO]
[INFO] --- enforcer:3.0.0:enforce (enforce-java-version) @ dolphinscheduler-task-sql ---
[INFO]
[INFO] --- remote-resources:1.7.0:process (process-resource-bundles) @ dolphinscheduler-task-sql ---
[INFO] Preparing remote bundle org.apache:apache-jar-resource-bundle:1.4
[INFO] Copying 3 resources from 1 bundle.
[INFO]
[INFO] --- resources:3.2.0:resources (default-resources) @ dolphinscheduler-task-sql ---
[INFO] Using 'UTF-8' encoding to copy filtered resources.
[INFO] Using 'UTF-8' encoding to copy filtered properties files.
[INFO] skip non existing resourceDirectory /app/dolphinscheduler-task-plugin/dolphinscheduler-task-sql/src/main/resources
[INFO] Copying 3 resources
[INFO]
[INFO] --- compiler:3.13.0:compile (default-compile) @ dolphinscheduler-task-sql ---
[INFO] Recompiling the module because of changed dependency.
[INFO] Compiling 4 source files with javac [debug target 17] to target/classes
[WARNING] system modules path not set in conjunction with -source 17
[INFO] Annotation processing is enabled because one or more processors were found
  on the class path. A future release of javac may disable annotation processing
  unless at least one processor is specified by name (-processor), or a search
  path is specified (--processor-path, --processor-module-path), or annotation
  processing is enabled explicitly (-proc:only, -proc:full).
  Use -Xlint:-options to suppress this message.
  Use -proc:none to disable annotation processing.
[INFO]
[INFO] --- spotless:2.27.2:check (default) @ dolphinscheduler-task-sql ---
[INFO] Spotless check skipped
[INFO]
[INFO] ------< org.apache.dolphinscheduler:dolphinscheduler-task-sqoop >-------
[INFO] Building dolphinscheduler-task-sqoop 3.4.2-SNAPSHOT             [60/138]
[INFO]   from dolphinscheduler-task-plugin/dolphinscheduler-task-sqoop/pom.xml
[INFO] --------------------------------[ jar ]---------------------------------
[INFO]
[INFO] --- clean:3.1.0:clean (default-clean) @ dolphinscheduler-task-sqoop ---
[INFO] Deleting /app/dolphinscheduler-task-plugin/dolphinscheduler-task-sqoop/target
[INFO]
[INFO] --- enforcer:3.0.0:enforce (enforce-maven-version) @ dolphinscheduler-task-sqoop ---
[INFO]
[INFO] --- enforcer:3.0.0:enforce (enforce-java-version) @ dolphinscheduler-task-sqoop ---
[INFO]
[INFO] --- remote-resources:1.7.0:process (process-resource-bundles) @ dolphinscheduler-task-sqoop ---
[INFO] Preparing remote bundle org.apache:apache-jar-resource-bundle:1.4
[INFO] Copying 3 resources from 1 bundle.
[INFO]
[INFO] --- resources:3.2.0:resources (default-resources) @ dolphinscheduler-task-sqoop ---
[INFO] Using 'UTF-8' encoding to copy filtered resources.
[INFO] Using 'UTF-8' encoding to copy filtered properties files.
[INFO] skip non existing resourceDirectory /app/dolphinscheduler-task-plugin/dolphinscheduler-task-sqoop/src/main/resources
[INFO] Copying 3 resources
[INFO]
[INFO] --- compiler:3.13.0:compile (default-compile) @ dolphinscheduler-task-sqoop ---
[INFO] Recompiling the module because of changed dependency.
[INFO] Compiling 39 source files with javac [debug target 17] to target/classes
[WARNING] system modules path not set in conjunction with -source 17
[INFO] Annotation processing is enabled because one or more processors were found
  on the class path. A future release of javac may disable annotation processing
  unless at least one processor is specified by name (-processor), or a search
  path is specified (--processor-path, --processor-module-path), or annotation
  processing is enabled explicitly (-proc:only, -proc:full).
  Use -Xlint:-options to suppress this message.
  Use -proc:none to disable annotation processing.
[INFO]
[INFO] --- spotless:2.27.2:check (default) @ dolphinscheduler-task-sqoop ---
[INFO] Spotless check skipped
[INFO]
[INFO] -------< org.apache.dolphinscheduler:dolphinscheduler-task-emr >--------
[INFO] Building dolphinscheduler-task-emr 3.4.2-SNAPSHOT               [61/138]
[INFO]   from dolphinscheduler-task-plugin/dolphinscheduler-task-emr/pom.xml
[INFO] --------------------------------[ jar ]---------------------------------
[INFO]
[INFO] --- clean:3.1.0:clean (default-clean) @ dolphinscheduler-task-emr ---
[INFO] Deleting /app/dolphinscheduler-task-plugin/dolphinscheduler-task-emr/target
[INFO]
[INFO] --- enforcer:3.0.0:enforce (enforce-maven-version) @ dolphinscheduler-task-emr ---
[INFO]
[INFO] --- enforcer:3.0.0:enforce (enforce-java-version) @ dolphinscheduler-task-emr ---
[INFO]
[INFO] --- remote-resources:1.7.0:process (process-resource-bundles) @ dolphinscheduler-task-emr ---
[INFO] Preparing remote bundle org.apache:apache-jar-resource-bundle:1.4
[INFO] Copying 3 resources from 1 bundle.
[INFO]
[INFO] --- resources:3.2.0:resources (default-resources) @ dolphinscheduler-task-emr ---
[INFO] Using 'UTF-8' encoding to copy filtered resources.
[INFO] Using 'UTF-8' encoding to copy filtered properties files.
[INFO] skip non existing resourceDirectory /app/dolphinscheduler-task-plugin/dolphinscheduler-task-emr/src/main/resources
[INFO] Copying 3 resources
[INFO]
[INFO] --- compiler:3.13.0:compile (default-compile) @ dolphinscheduler-task-emr ---
[INFO] Recompiling the module because of changed dependency.
[INFO] Compiling 8 source files with javac [debug target 17] to target/classes
[WARNING] system modules path not set in conjunction with -source 17
[INFO] Annotation processing is enabled because one or more processors were found
  on the class path. A future release of javac may disable annotation processing
  unless at least one processor is specified by name (-processor), or a search
  path is specified (--processor-path, --processor-module-path), or annotation
  processing is enabled explicitly (-proc:only, -proc:full).
  Use -Xlint:-options to suppress this message.
  Use -proc:none to disable annotation processing.
[INFO] /app/dolphinscheduler-task-plugin/dolphinscheduler-task-emr/src/main/java/org/apache/dolphinscheduler/plugin/task/emr/AbstractEmrTask.java: /app/dolphinscheduler-task-plugin/dolphinscheduler-task-emr/src/main/java/org/apache/dolphinscheduler/plugin/task/emr/AbstractEmrTask.java uses or overrides a deprecated API.
[INFO] /app/dolphinscheduler-task-plugin/dolphinscheduler-task-emr/src/main/java/org/apache/dolphinscheduler/plugin/task/emr/AbstractEmrTask.java: Recompile with -Xlint:deprecation for details.
[INFO]
[INFO] --- spotless:2.27.2:check (default) @ dolphinscheduler-task-emr ---
[INFO] Spotless check skipped
[INFO]
[INFO] --< org.apache.dolphinscheduler:dolphinscheduler-datasource-zeppelin >--
[INFO] Building dolphinscheduler-datasource-zeppelin 3.4.2-SNAPSHOT    [62/138]
[INFO]   from dolphinscheduler-datasource-plugin/dolphinscheduler-datasource-zeppelin/pom.xml
[INFO] --------------------------------[ jar ]---------------------------------
[INFO]
[INFO] --- clean:3.1.0:clean (default-clean) @ dolphinscheduler-datasource-zeppelin ---
[INFO] Deleting /app/dolphinscheduler-datasource-plugin/dolphinscheduler-datasource-zeppelin/target
[INFO]
[INFO] --- enforcer:3.0.0:enforce (enforce-maven-version) @ dolphinscheduler-datasource-zeppelin ---
[INFO]
[INFO] --- enforcer:3.0.0:enforce (enforce-java-version) @ dolphinscheduler-datasource-zeppelin ---
[INFO]
[INFO] --- remote-resources:1.7.0:process (process-resource-bundles) @ dolphinscheduler-datasource-zeppelin ---
[INFO] Preparing remote bundle org.apache:apache-jar-resource-bundle:1.4
[INFO] Copying 3 resources from 1 bundle.
[INFO]
[INFO] --- resources:3.2.0:resources (default-resources) @ dolphinscheduler-datasource-zeppelin ---
[INFO] Using 'UTF-8' encoding to copy filtered resources.
[INFO] Using 'UTF-8' encoding to copy filtered properties files.
[INFO] skip non existing resourceDirectory /app/dolphinscheduler-datasource-plugin/dolphinscheduler-datasource-zeppelin/src/main/resources
[INFO] Copying 3 resources
[INFO]
[INFO] --- compiler:3.13.0:compile (default-compile) @ dolphinscheduler-datasource-zeppelin ---
[INFO] Recompiling the module because of changed dependency.
[INFO] Compiling 7 source files with javac [debug target 17] to target/classes
[WARNING] system modules path not set in conjunction with -source 17
[INFO] Annotation processing is enabled because one or more processors were found
  on the class path. A future release of javac may disable annotation processing
  unless at least one processor is specified by name (-processor), or a search
  path is specified (--processor-path, --processor-module-path), or annotation
  processing is enabled explicitly (-proc:only, -proc:full).
  Use -Xlint:-options to suppress this message.
  Use -proc:none to disable annotation processing.
[WARNING] /app/dolphinscheduler-datasource-plugin/dolphinscheduler-datasource-zeppelin/src/main/java/org/apache/dolphinscheduler/plugin/datasource/zeppelin/param/ZeppelinDataSourceParamDTO.java:[25,1] Generating equals/hashCode implementation but without a call to superclass, even though this class does not extend java.lang.Object. If this is intentional, add '@EqualsAndHashCode(callSuper=false)' to your type.
[INFO]
[INFO] --- spotless:2.27.2:check (default) @ dolphinscheduler-datasource-zeppelin ---
[INFO] Spotless check skipped
[INFO]
[INFO] -----< org.apache.dolphinscheduler:dolphinscheduler-task-zeppelin >-----
[INFO] Building dolphinscheduler-task-zeppelin 3.4.2-SNAPSHOT          [63/138]
[INFO]   from dolphinscheduler-task-plugin/dolphinscheduler-task-zeppelin/pom.xml
[INFO] --------------------------------[ jar ]---------------------------------
[INFO]
[INFO] --- clean:3.1.0:clean (default-clean) @ dolphinscheduler-task-zeppelin ---
[INFO] Deleting /app/dolphinscheduler-task-plugin/dolphinscheduler-task-zeppelin/target
[INFO]
[INFO] --- enforcer:3.0.0:enforce (enforce-maven-version) @ dolphinscheduler-task-zeppelin ---
[INFO]
[INFO] --- enforcer:3.0.0:enforce (enforce-java-version) @ dolphinscheduler-task-zeppelin ---
[INFO]
[INFO] --- remote-resources:1.7.0:process (process-resource-bundles) @ dolphinscheduler-task-zeppelin ---
[INFO] Preparing remote bundle org.apache:apache-jar-resource-bundle:1.4
[INFO] Copying 3 resources from 1 bundle.
[INFO]
[INFO] --- resources:3.2.0:resources (default-resources) @ dolphinscheduler-task-zeppelin ---
[INFO] Using 'UTF-8' encoding to copy filtered resources.
[INFO] Using 'UTF-8' encoding to copy filtered properties files.
[INFO] skip non existing resourceDirectory /app/dolphinscheduler-task-plugin/dolphinscheduler-task-zeppelin/src/main/resources
[INFO] Copying 3 resources
[INFO]
[INFO] --- compiler:3.13.0:compile (default-compile) @ dolphinscheduler-task-zeppelin ---
[INFO] Recompiling the module because of changed dependency.
[INFO] Compiling 6 source files with javac [debug target 17] to target/classes
[WARNING] system modules path not set in conjunction with -source 17
[INFO] Annotation processing is enabled because one or more processors were found
  on the class path. A future release of javac may disable annotation processing
  unless at least one processor is specified by name (-processor), or a search
  path is specified (--processor-path, --processor-module-path), or annotation
  processing is enabled explicitly (-proc:only, -proc:full).
  Use -Xlint:-options to suppress this message.
  Use -proc:none to disable annotation processing.
[INFO] /app/dolphinscheduler-task-plugin/dolphinscheduler-task-zeppelin/src/main/java/org/apache/dolphinscheduler/plugin/task/zeppelin/ZeppelinTask.java: /app/dolphinscheduler-task-plugin/dolphinscheduler-task-zeppelin/src/main/java/org/apache/dolphinscheduler/plugin/task/zeppelin/ZeppelinTask.java uses unchecked or unsafe operations.
[INFO] /app/dolphinscheduler-task-plugin/dolphinscheduler-task-zeppelin/src/main/java/org/apache/dolphinscheduler/plugin/task/zeppelin/ZeppelinTask.java: Recompile with -Xlint:unchecked for details.
[INFO]
[INFO] --- spotless:2.27.2:check (default) @ dolphinscheduler-task-zeppelin ---
[INFO] Spotless check skipped
[INFO]
[INFO] -----< org.apache.dolphinscheduler:dolphinscheduler-task-jupyter >------
[INFO] Building dolphinscheduler-task-jupyter 3.4.2-SNAPSHOT           [64/138]
[INFO]   from dolphinscheduler-task-plugin/dolphinscheduler-task-jupyter/pom.xml
[INFO] --------------------------------[ jar ]---------------------------------
[INFO]
[INFO] --- clean:3.1.0:clean (default-clean) @ dolphinscheduler-task-jupyter ---
[INFO] Deleting /app/dolphinscheduler-task-plugin/dolphinscheduler-task-jupyter/target
[INFO]
[INFO] --- enforcer:3.0.0:enforce (enforce-maven-version) @ dolphinscheduler-task-jupyter ---
[INFO]
[INFO] --- enforcer:3.0.0:enforce (enforce-java-version) @ dolphinscheduler-task-jupyter ---
[INFO]
[INFO] --- remote-resources:1.7.0:process (process-resource-bundles) @ dolphinscheduler-task-jupyter ---
[INFO] Preparing remote bundle org.apache:apache-jar-resource-bundle:1.4
[INFO] Copying 3 resources from 1 bundle.
[INFO]
[INFO] --- resources:3.2.0:resources (default-resources) @ dolphinscheduler-task-jupyter ---
[INFO] Using 'UTF-8' encoding to copy filtered resources.
[INFO] Using 'UTF-8' encoding to copy filtered properties files.
[INFO] skip non existing resourceDirectory /app/dolphinscheduler-task-plugin/dolphinscheduler-task-jupyter/src/main/resources
[INFO] Copying 3 resources
[INFO]
[INFO] --- compiler:3.13.0:compile (default-compile) @ dolphinscheduler-task-jupyter ---
[INFO] Recompiling the module because of changed dependency.
[INFO] Compiling 5 source files with javac [debug target 17] to target/classes
[WARNING] system modules path not set in conjunction with -source 17
[INFO] Annotation processing is enabled because one or more processors were found
  on the class path. A future release of javac may disable annotation processing
  unless at least one processor is specified by name (-processor), or a search
  path is specified (--processor-path, --processor-module-path), or annotation
  processing is enabled explicitly (-proc:only, -proc:full).
  Use -Xlint:-options to suppress this message.
  Use -proc:none to disable annotation processing.
[WARNING] /app/dolphinscheduler-task-plugin/dolphinscheduler-task-jupyter/src/main/java/org/apache/dolphinscheduler/plugin/task/jupyter/JupyterParameters.java:[29,1] Generating equals/hashCode implementation but without a call to superclass, even though this class does not extend java.lang.Object. If this is intentional, add '@EqualsAndHashCode(callSuper=false)' to your type.
[INFO] /app/dolphinscheduler-task-plugin/dolphinscheduler-task-jupyter/src/main/java/org/apache/dolphinscheduler/plugin/task/jupyter/JupyterTask.java: /app/dolphinscheduler-task-plugin/dolphinscheduler-task-jupyter/src/main/java/org/apache/dolphinscheduler/plugin/task/jupyter/JupyterTask.java uses unchecked or unsafe operations.
[INFO] /app/dolphinscheduler-task-plugin/dolphinscheduler-task-jupyter/src/main/java/org/apache/dolphinscheduler/plugin/task/jupyter/JupyterTask.java: Recompile with -Xlint:unchecked for details.
[INFO]
[INFO] --- spotless:2.27.2:check (default) @ dolphinscheduler-task-jupyter ---
[INFO] Spotless check skipped
[INFO]
[INFO] ----< org.apache.dolphinscheduler:dolphinscheduler-datasource-k8s >-----
[INFO] Building dolphinscheduler-datasource-k8s 3.4.2-SNAPSHOT         [65/138]
[INFO]   from dolphinscheduler-datasource-plugin/dolphinscheduler-datasource-k8s/pom.xml
[INFO] --------------------------------[ jar ]---------------------------------
[INFO]
[INFO] --- clean:3.1.0:clean (default-clean) @ dolphinscheduler-datasource-k8s ---
[INFO] Deleting /app/dolphinscheduler-datasource-plugin/dolphinscheduler-datasource-k8s/target
[INFO]
[INFO] --- enforcer:3.0.0:enforce (enforce-maven-version) @ dolphinscheduler-datasource-k8s ---
[INFO]
[INFO] --- enforcer:3.0.0:enforce (enforce-java-version) @ dolphinscheduler-datasource-k8s ---
[INFO]
[INFO] --- remote-resources:1.7.0:process (process-resource-bundles) @ dolphinscheduler-datasource-k8s ---
[INFO] Preparing remote bundle org.apache:apache-jar-resource-bundle:1.4
[INFO] Copying 3 resources from 1 bundle.
[INFO]
[INFO] --- resources:3.2.0:resources (default-resources) @ dolphinscheduler-datasource-k8s ---
[INFO] Using 'UTF-8' encoding to copy filtered resources.
[INFO] Using 'UTF-8' encoding to copy filtered properties files.
[INFO] skip non existing resourceDirectory /app/dolphinscheduler-datasource-plugin/dolphinscheduler-datasource-k8s/src/main/resources
[INFO] Copying 3 resources
[INFO]
[INFO] --- compiler:3.13.0:compile (default-compile) @ dolphinscheduler-datasource-k8s ---
[INFO] Recompiling the module because of changed dependency.
[INFO] Compiling 6 source files with javac [debug target 17] to target/classes
[WARNING] system modules path not set in conjunction with -source 17
[INFO] Annotation processing is enabled because one or more processors were found
  on the class path. A future release of javac may disable annotation processing
  unless at least one processor is specified by name (-processor), or a search
  path is specified (--processor-path, --processor-module-path), or annotation
  processing is enabled explicitly (-proc:only, -proc:full).
  Use -Xlint:-options to suppress this message.
  Use -proc:none to disable annotation processing.
[WARNING] /app/dolphinscheduler-datasource-plugin/dolphinscheduler-datasource-k8s/src/main/java/org/apache/dolphinscheduler/plugin/datasource/k8s/param/K8sDataSourceParamDTO.java:[25,1] Generating equals/hashCode implementation but without a call to superclass, even though this class does not extend java.lang.Object. If this is intentional, add '@EqualsAndHashCode(callSuper=false)' to your type.
[INFO]
[INFO] --- spotless:2.27.2:check (default) @ dolphinscheduler-datasource-k8s ---
[INFO] Spotless check skipped
[INFO]
[INFO] -------< org.apache.dolphinscheduler:dolphinscheduler-task-k8s >--------
[INFO] Building dolphinscheduler-task-k8s 3.4.2-SNAPSHOT               [66/138]
[INFO]   from dolphinscheduler-task-plugin/dolphinscheduler-task-k8s/pom.xml
[INFO] --------------------------------[ jar ]---------------------------------
[INFO]
[INFO] --- clean:3.1.0:clean (default-clean) @ dolphinscheduler-task-k8s ---
[INFO] Deleting /app/dolphinscheduler-task-plugin/dolphinscheduler-task-k8s/target
[INFO]
[INFO] --- enforcer:3.0.0:enforce (enforce-maven-version) @ dolphinscheduler-task-k8s ---
[INFO]
[INFO] --- enforcer:3.0.0:enforce (enforce-java-version) @ dolphinscheduler-task-k8s ---
[INFO]
[INFO] --- remote-resources:1.7.0:process (process-resource-bundles) @ dolphinscheduler-task-k8s ---
[INFO] Preparing remote bundle org.apache:apache-jar-resource-bundle:1.4
[INFO] Copying 3 resources from 1 bundle.
[INFO]
[INFO] --- resources:3.2.0:resources (default-resources) @ dolphinscheduler-task-k8s ---
[INFO] Using 'UTF-8' encoding to copy filtered resources.
[INFO] Using 'UTF-8' encoding to copy filtered properties files.
[INFO] skip non existing resourceDirectory /app/dolphinscheduler-task-plugin/dolphinscheduler-task-k8s/src/main/resources
[INFO] Copying 3 resources
[INFO]
[INFO] --- compiler:3.13.0:compile (default-compile) @ dolphinscheduler-task-k8s ---
[INFO] Recompiling the module because of changed dependency.
[INFO] Compiling 3 source files with javac [debug target 17] to target/classes
[WARNING] system modules path not set in conjunction with -source 17
[INFO] Annotation processing is enabled because one or more processors were found
  on the class path. A future release of javac may disable annotation processing
  unless at least one processor is specified by name (-processor), or a search
  path is specified (--processor-path, --processor-module-path), or annotation
  processing is enabled explicitly (-proc:only, -proc:full).
  Use -Xlint:-options to suppress this message.
  Use -proc:none to disable annotation processing.
[INFO]
[INFO] --- spotless:2.27.2:check (default) @ dolphinscheduler-task-k8s ---
[INFO] Spotless check skipped
[INFO]
[INFO] ------< org.apache.dolphinscheduler:dolphinscheduler-task-mlflow >------
[INFO] Building dolphinscheduler-task-mlflow 3.4.2-SNAPSHOT            [67/138]
[INFO]   from dolphinscheduler-task-plugin/dolphinscheduler-task-mlflow/pom.xml
[INFO] --------------------------------[ jar ]---------------------------------
[INFO]
[INFO] --- clean:3.1.0:clean (default-clean) @ dolphinscheduler-task-mlflow ---
[INFO] Deleting /app/dolphinscheduler-task-plugin/dolphinscheduler-task-mlflow/target
[INFO]
[INFO] --- enforcer:3.0.0:enforce (enforce-maven-version) @ dolphinscheduler-task-mlflow ---
[INFO]
[INFO] --- enforcer:3.0.0:enforce (enforce-java-version) @ dolphinscheduler-task-mlflow ---
[INFO]
[INFO] --- remote-resources:1.7.0:process (process-resource-bundles) @ dolphinscheduler-task-mlflow ---
[INFO] Preparing remote bundle org.apache:apache-jar-resource-bundle:1.4
[INFO] Copying 3 resources from 1 bundle.
[INFO]
[INFO] --- resources:3.2.0:resources (default-resources) @ dolphinscheduler-task-mlflow ---
[INFO] Using 'UTF-8' encoding to copy filtered resources.
[INFO] Using 'UTF-8' encoding to copy filtered properties files.
[INFO] skip non existing resourceDirectory /app/dolphinscheduler-task-plugin/dolphinscheduler-task-mlflow/src/main/resources
[INFO] Copying 3 resources
[INFO]
[INFO] --- compiler:3.13.0:compile (default-compile) @ dolphinscheduler-task-mlflow ---
[INFO] Recompiling the module because of changed dependency.
[INFO] Compiling 5 source files with javac [debug target 17] to target/classes
[WARNING] system modules path not set in conjunction with -source 17
[INFO] Annotation processing is enabled because one or more processors were found
  on the class path. A future release of javac may disable annotation processing
  unless at least one processor is specified by name (-processor), or a search
  path is specified (--processor-path, --processor-module-path), or annotation
  processing is enabled explicitly (-proc:only, -proc:full).
  Use -Xlint:-options to suppress this message.
  Use -proc:none to disable annotation processing.
[WARNING] /app/dolphinscheduler-task-plugin/dolphinscheduler-task-mlflow/src/main/java/org/apache/dolphinscheduler/plugin/task/mlflow/MlflowParameters.java:[28,1] Generating equals/hashCode implementation but without a call to superclass, even though this class does not extend java.lang.Object. If this is intentional, add '@EqualsAndHashCode(callSuper=false)' to your type.
[INFO]
[INFO] --- spotless:2.27.2:check (default) @ dolphinscheduler-task-mlflow ---
[INFO] Spotless check skipped
[INFO]
[INFO] -----< org.apache.dolphinscheduler:dolphinscheduler-task-openmldb >-----
[INFO] Building dolphinscheduler-task-openmldb 3.4.2-SNAPSHOT          [68/138]
[INFO]   from dolphinscheduler-task-plugin/dolphinscheduler-task-openmldb/pom.xml
[INFO] --------------------------------[ jar ]---------------------------------
[INFO]
[INFO] --- clean:3.1.0:clean (default-clean) @ dolphinscheduler-task-openmldb ---
[INFO] Deleting /app/dolphinscheduler-task-plugin/dolphinscheduler-task-openmldb/target
[INFO]
[INFO] --- enforcer:3.0.0:enforce (enforce-maven-version) @ dolphinscheduler-task-openmldb ---
[INFO]
[INFO] --- enforcer:3.0.0:enforce (enforce-java-version) @ dolphinscheduler-task-openmldb ---
[INFO]
[INFO] --- remote-resources:1.7.0:process (process-resource-bundles) @ dolphinscheduler-task-openmldb ---
[INFO] Preparing remote bundle org.apache:apache-jar-resource-bundle:1.4
[INFO] Copying 3 resources from 1 bundle.
[INFO]
[INFO] --- resources:3.2.0:resources (default-resources) @ dolphinscheduler-task-openmldb ---
[INFO] Using 'UTF-8' encoding to copy filtered resources.
[INFO] Using 'UTF-8' encoding to copy filtered properties files.
[INFO] skip non existing resourceDirectory /app/dolphinscheduler-task-plugin/dolphinscheduler-task-openmldb/src/main/resources
[INFO] Copying 3 resources
[INFO]
[INFO] --- compiler:3.13.0:compile (default-compile) @ dolphinscheduler-task-openmldb ---
[INFO] Recompiling the module because of changed dependency.
[INFO] Compiling 4 source files with javac [debug target 17] to target/classes
[WARNING] system modules path not set in conjunction with -source 17
[INFO] Annotation processing is enabled because one or more processors were found
  on the class path. A future release of javac may disable annotation processing
  unless at least one processor is specified by name (-processor), or a search
  path is specified (--processor-path, --processor-module-path), or annotation
  processing is enabled explicitly (-proc:only, -proc:full).
  Use -Xlint:-options to suppress this message.
  Use -proc:none to disable annotation processing.
[INFO] /app/dolphinscheduler-task-plugin/dolphinscheduler-task-openmldb/src/main/java/org/apache/dolphinscheduler/plugin/task/openmldb/OpenmldbTask.java: /app/dolphinscheduler-task-plugin/dolphinscheduler-task-openmldb/src/main/java/org/apache/dolphinscheduler/plugin/task/openmldb/OpenmldbTask.java uses or overrides a deprecated API.
[INFO] /app/dolphinscheduler-task-plugin/dolphinscheduler-task-openmldb/src/main/java/org/apache/dolphinscheduler/plugin/task/openmldb/OpenmldbTask.java: Recompile with -Xlint:deprecation for details.
[INFO]
[INFO] --- spotless:2.27.2:check (default) @ dolphinscheduler-task-openmldb ---
[INFO] Spotless check skipped
[INFO]
[INFO] -------< org.apache.dolphinscheduler:dolphinscheduler-task-dvc >--------
[INFO] Building dolphinscheduler-task-dvc 3.4.2-SNAPSHOT               [69/138]
[INFO]   from dolphinscheduler-task-plugin/dolphinscheduler-task-dvc/pom.xml
[INFO] --------------------------------[ jar ]---------------------------------
[INFO]
[INFO] --- clean:3.1.0:clean (default-clean) @ dolphinscheduler-task-dvc ---
[INFO] Deleting /app/dolphinscheduler-task-plugin/dolphinscheduler-task-dvc/target
[INFO]
[INFO] --- enforcer:3.0.0:enforce (enforce-maven-version) @ dolphinscheduler-task-dvc ---
[INFO]
[INFO] --- enforcer:3.0.0:enforce (enforce-java-version) @ dolphinscheduler-task-dvc ---
[INFO]
[INFO] --- remote-resources:1.7.0:process (process-resource-bundles) @ dolphinscheduler-task-dvc ---
[INFO] Preparing remote bundle org.apache:apache-jar-resource-bundle:1.4
[INFO] Copying 3 resources from 1 bundle.
[INFO]
[INFO] --- resources:3.2.0:resources (default-resources) @ dolphinscheduler-task-dvc ---
[INFO] Using 'UTF-8' encoding to copy filtered resources.
[INFO] Using 'UTF-8' encoding to copy filtered properties files.
[INFO] skip non existing resourceDirectory /app/dolphinscheduler-task-plugin/dolphinscheduler-task-dvc/src/main/resources
[INFO] Copying 3 resources
[INFO]
[INFO] --- compiler:3.13.0:compile (default-compile) @ dolphinscheduler-task-dvc ---
[INFO] Recompiling the module because of changed dependency.
[INFO] Compiling 5 source files with javac [debug target 17] to target/classes
[WARNING] system modules path not set in conjunction with -source 17
[INFO] Annotation processing is enabled because one or more processors were found
  on the class path. A future release of javac may disable annotation processing
  unless at least one processor is specified by name (-processor), or a search
  path is specified (--processor-path, --processor-module-path), or annotation
  processing is enabled explicitly (-proc:only, -proc:full).
  Use -Xlint:-options to suppress this message.
  Use -proc:none to disable annotation processing.
[WARNING] /app/dolphinscheduler-task-plugin/dolphinscheduler-task-dvc/src/main/java/org/apache/dolphinscheduler/plugin/task/dvc/DvcParameters.java:[26,1] Generating equals/hashCode implementation but without a call to superclass, even though this class does not extend java.lang.Object. If this is intentional, add '@EqualsAndHashCode(callSuper=false)' to your type.
[INFO]
[INFO] --- spotless:2.27.2:check (default) @ dolphinscheduler-task-dvc ---
[INFO] Spotless check skipped
[INFO]
[INFO] ------< org.apache.dolphinscheduler:dolphinscheduler-task-dinky >-------
[INFO] Building dolphinscheduler-task-dinky 3.4.2-SNAPSHOT             [70/138]
[INFO]   from dolphinscheduler-task-plugin/dolphinscheduler-task-dinky/pom.xml
[INFO] --------------------------------[ jar ]---------------------------------
[INFO]
[INFO] --- clean:3.1.0:clean (default-clean) @ dolphinscheduler-task-dinky ---
[INFO] Deleting /app/dolphinscheduler-task-plugin/dolphinscheduler-task-dinky/target
[INFO]
[INFO] --- enforcer:3.0.0:enforce (enforce-maven-version) @ dolphinscheduler-task-dinky ---
[INFO]
[INFO] --- enforcer:3.0.0:enforce (enforce-java-version) @ dolphinscheduler-task-dinky ---
[INFO]
[INFO] --- remote-resources:1.7.0:process (process-resource-bundles) @ dolphinscheduler-task-dinky ---
[INFO] Preparing remote bundle org.apache:apache-jar-resource-bundle:1.4
[INFO] Copying 3 resources from 1 bundle.
[INFO]
[INFO] --- resources:3.2.0:resources (default-resources) @ dolphinscheduler-task-dinky ---
[INFO] Using 'UTF-8' encoding to copy filtered resources.
[INFO] Using 'UTF-8' encoding to copy filtered properties files.
[INFO] skip non existing resourceDirectory /app/dolphinscheduler-task-plugin/dolphinscheduler-task-dinky/src/main/resources
[INFO] Copying 3 resources
[INFO]
[INFO] --- compiler:3.13.0:compile (default-compile) @ dolphinscheduler-task-dinky ---
[INFO] Recompiling the module because of changed dependency.
[INFO] Compiling 6 source files with javac [debug target 17] to target/classes
[WARNING] system modules path not set in conjunction with -source 17
[INFO] Annotation processing is enabled because one or more processors were found
  on the class path. A future release of javac may disable annotation processing
  unless at least one processor is specified by name (-processor), or a search
  path is specified (--processor-path, --processor-module-path), or annotation
  processing is enabled explicitly (-proc:only, -proc:full).
  Use -Xlint:-options to suppress this message.
  Use -proc:none to disable annotation processing.
[INFO]
[INFO] --- spotless:2.27.2:check (default) @ dolphinscheduler-task-dinky ---
[INFO] Spotless check skipped
[INFO]
[INFO] -------< org.apache.dolphinscheduler:dolphinscheduler-task-java >-------
[INFO] Building dolphinscheduler-task-java 3.4.2-SNAPSHOT              [71/138]
[INFO]   from dolphinscheduler-task-plugin/dolphinscheduler-task-java/pom.xml
[INFO] --------------------------------[ jar ]---------------------------------
[INFO]
[INFO] --- clean:3.1.0:clean (default-clean) @ dolphinscheduler-task-java ---
[INFO] Deleting /app/dolphinscheduler-task-plugin/dolphinscheduler-task-java/target
[INFO]
[INFO] --- enforcer:3.0.0:enforce (enforce-maven-version) @ dolphinscheduler-task-java ---
[INFO]
[INFO] --- enforcer:3.0.0:enforce (enforce-java-version) @ dolphinscheduler-task-java ---
[INFO]
[INFO] --- remote-resources:1.7.0:process (process-resource-bundles) @ dolphinscheduler-task-java ---
[INFO] Preparing remote bundle org.apache:apache-jar-resource-bundle:1.4
[INFO] Copying 3 resources from 1 bundle.
[INFO]
[INFO] --- resources:3.2.0:resources (default-resources) @ dolphinscheduler-task-java ---
[INFO] Using 'UTF-8' encoding to copy filtered resources.
[INFO] Using 'UTF-8' encoding to copy filtered properties files.
[INFO] skip non existing resourceDirectory /app/dolphinscheduler-task-plugin/dolphinscheduler-task-java/src/main/resources
[INFO] Copying 3 resources
[INFO]
[INFO] --- compiler:3.13.0:compile (default-compile) @ dolphinscheduler-task-java ---
[INFO] Recompiling the module because of changed dependency.
[INFO] Compiling 9 source files with javac [debug target 17] to target/classes
[WARNING] system modules path not set in conjunction with -source 17
[INFO] Annotation processing is enabled because one or more processors were found
  on the class path. A future release of javac may disable annotation processing
  unless at least one processor is specified by name (-processor), or a search
  path is specified (--processor-path, --processor-module-path), or annotation
  processing is enabled explicitly (-proc:only, -proc:full).
  Use -Xlint:-options to suppress this message.
  Use -proc:none to disable annotation processing.
[WARNING] /app/dolphinscheduler-task-plugin/dolphinscheduler-task-java/src/main/java/org/apache/dolphinscheduler/plugin/task/java/JavaParameters.java:[29,1] Generating equals/hashCode implementation but without a call to superclass, even though this class does not extend java.lang.Object. If this is intentional, add '@EqualsAndHashCode(callSuper=false)' to your type.
[INFO]
[INFO] --- spotless:2.27.2:check (default) @ dolphinscheduler-task-java ---
[INFO] Spotless check skipped
[INFO]
[INFO] --< org.apache.dolphinscheduler:dolphinscheduler-datasource-sagemaker >--
[INFO] Building dolphinscheduler-datasource-sagemaker 3.4.2-SNAPSHOT   [72/138]
[INFO]   from dolphinscheduler-datasource-plugin/dolphinscheduler-datasource-sagemaker/pom.xml
[INFO] --------------------------------[ jar ]---------------------------------
[INFO]
[INFO] --- clean:3.1.0:clean (default-clean) @ dolphinscheduler-datasource-sagemaker ---
[INFO] Deleting /app/dolphinscheduler-datasource-plugin/dolphinscheduler-datasource-sagemaker/target
[INFO]
[INFO] --- enforcer:3.0.0:enforce (enforce-maven-version) @ dolphinscheduler-datasource-sagemaker ---
[INFO]
[INFO] --- enforcer:3.0.0:enforce (enforce-java-version) @ dolphinscheduler-datasource-sagemaker ---
[INFO]
[INFO] --- remote-resources:1.7.0:process (process-resource-bundles) @ dolphinscheduler-datasource-sagemaker ---
[INFO] Preparing remote bundle org.apache:apache-jar-resource-bundle:1.4
[INFO] Copying 3 resources from 1 bundle.
[INFO]
[INFO] --- resources:3.2.0:resources (default-resources) @ dolphinscheduler-datasource-sagemaker ---
[INFO] Using 'UTF-8' encoding to copy filtered resources.
[INFO] Using 'UTF-8' encoding to copy filtered properties files.
[INFO] skip non existing resourceDirectory /app/dolphinscheduler-datasource-plugin/dolphinscheduler-datasource-sagemaker/src/main/resources
[INFO] Copying 3 resources
[INFO]
[INFO] --- compiler:3.13.0:compile (default-compile) @ dolphinscheduler-datasource-sagemaker ---
[INFO] Recompiling the module because of changed dependency.
[INFO] Compiling 6 source files with javac [debug target 17] to target/classes
[WARNING] system modules path not set in conjunction with -source 17
[INFO] Annotation processing is enabled because one or more processors were found
  on the class path. A future release of javac may disable annotation processing
  unless at least one processor is specified by name (-processor), or a search
  path is specified (--processor-path, --processor-module-path), or annotation
  processing is enabled explicitly (-proc:only, -proc:full).
  Use -Xlint:-options to suppress this message.
  Use -proc:none to disable annotation processing.
[WARNING] /app/dolphinscheduler-datasource-plugin/dolphinscheduler-datasource-sagemaker/src/main/java/org/apache/dolphinscheduler/plugin/datasource/sagemaker/param/SagemakerDataSourceParamDTO.java:[25,1] Generating equals/hashCode implementation but without a call to superclass, even though this class does not extend java.lang.Object. If this is intentional, add '@EqualsAndHashCode(callSuper=false)' to your type.
[INFO]
[INFO] --- spotless:2.27.2:check (default) @ dolphinscheduler-datasource-sagemaker ---
[INFO] Spotless check skipped
[INFO]
[INFO] ----< org.apache.dolphinscheduler:dolphinscheduler-task-sagemaker >-----
[INFO] Building dolphinscheduler-task-sagemaker 3.4.2-SNAPSHOT         [73/138]
[INFO]   from dolphinscheduler-task-plugin/dolphinscheduler-task-sagemaker/pom.xml
[INFO] --------------------------------[ jar ]---------------------------------
[INFO]
[INFO] --- clean:3.1.0:clean (default-clean) @ dolphinscheduler-task-sagemaker ---
[INFO] Deleting /app/dolphinscheduler-task-plugin/dolphinscheduler-task-sagemaker/target
[INFO]
[INFO] --- enforcer:3.0.0:enforce (enforce-maven-version) @ dolphinscheduler-task-sagemaker ---
[INFO]
[INFO] --- enforcer:3.0.0:enforce (enforce-java-version) @ dolphinscheduler-task-sagemaker ---
[INFO]
[INFO] --- remote-resources:1.7.0:process (process-resource-bundles) @ dolphinscheduler-task-sagemaker ---
[INFO] Preparing remote bundle org.apache:apache-jar-resource-bundle:1.4
[INFO] Copying 3 resources from 1 bundle.
[INFO]
[INFO] --- resources:3.2.0:resources (default-resources) @ dolphinscheduler-task-sagemaker ---
[INFO] Using 'UTF-8' encoding to copy filtered resources.
[INFO] Using 'UTF-8' encoding to copy filtered properties files.
[INFO] skip non existing resourceDirectory /app/dolphinscheduler-task-plugin/dolphinscheduler-task-sagemaker/src/main/resources
[INFO] Copying 3 resources
[INFO]
[INFO] --- compiler:3.13.0:compile (default-compile) @ dolphinscheduler-task-sagemaker ---
[INFO] Recompiling the module because of changed dependency.
[INFO] Compiling 8 source files with javac [debug target 17] to target/classes
[WARNING] system modules path not set in conjunction with -source 17
[INFO] Annotation processing is enabled because one or more processors were found
  on the class path. A future release of javac may disable annotation processing
  unless at least one processor is specified by name (-processor), or a search
  path is specified (--processor-path, --processor-module-path), or annotation
  processing is enabled explicitly (-proc:only, -proc:full).
  Use -Xlint:-options to suppress this message.
  Use -proc:none to disable annotation processing.
[INFO] /app/dolphinscheduler-task-plugin/dolphinscheduler-task-sagemaker/src/main/java/org/apache/dolphinscheduler/plugin/task/sagemaker/SagemakerTask.java: /app/dolphinscheduler-task-plugin/dolphinscheduler-task-sagemaker/src/main/java/org/apache/dolphinscheduler/plugin/task/sagemaker/SagemakerTask.java uses or overrides a deprecated API.
[INFO] /app/dolphinscheduler-task-plugin/dolphinscheduler-task-sagemaker/src/main/java/org/apache/dolphinscheduler/plugin/task/sagemaker/SagemakerTask.java: Recompile with -Xlint:deprecation for details.
[INFO]
[INFO] --- spotless:2.27.2:check (default) @ dolphinscheduler-task-sagemaker ---
[INFO] Spotless check skipped
[INFO]
[INFO] -----< org.apache.dolphinscheduler:dolphinscheduler-task-hivecli >------
[INFO] Building dolphinscheduler-task-hivecli 3.4.2-SNAPSHOT           [74/138]
[INFO]   from dolphinscheduler-task-plugin/dolphinscheduler-task-hivecli/pom.xml
[INFO] --------------------------------[ jar ]---------------------------------
[INFO]
[INFO] --- clean:3.1.0:clean (default-clean) @ dolphinscheduler-task-hivecli ---
[INFO] Deleting /app/dolphinscheduler-task-plugin/dolphinscheduler-task-hivecli/target
[INFO]
[INFO] --- enforcer:3.0.0:enforce (enforce-maven-version) @ dolphinscheduler-task-hivecli ---
[INFO]
[INFO] --- enforcer:3.0.0:enforce (enforce-java-version) @ dolphinscheduler-task-hivecli ---
[INFO]
[INFO] --- remote-resources:1.7.0:process (process-resource-bundles) @ dolphinscheduler-task-hivecli ---
[INFO] Preparing remote bundle org.apache:apache-jar-resource-bundle:1.4
[INFO] Copying 3 resources from 1 bundle.
[INFO]
[INFO] --- resources:3.2.0:resources (default-resources) @ dolphinscheduler-task-hivecli ---
[INFO] Using 'UTF-8' encoding to copy filtered resources.
[INFO] Using 'UTF-8' encoding to copy filtered properties files.
[INFO] skip non existing resourceDirectory /app/dolphinscheduler-task-plugin/dolphinscheduler-task-hivecli/src/main/resources
[INFO] Copying 3 resources
[INFO]
[INFO] --- compiler:3.13.0:compile (default-compile) @ dolphinscheduler-task-hivecli ---
[INFO] Recompiling the module because of changed dependency.
[INFO] Compiling 5 source files with javac [debug target 17] to target/classes
[WARNING] system modules path not set in conjunction with -source 17
[INFO] Annotation processing is enabled because one or more processors were found
  on the class path. A future release of javac may disable annotation processing
  unless at least one processor is specified by name (-processor), or a search
  path is specified (--processor-path, --processor-module-path), or annotation
  processing is enabled explicitly (-proc:only, -proc:full).
  Use -Xlint:-options to suppress this message.
  Use -proc:none to disable annotation processing.
[WARNING] /app/dolphinscheduler-task-plugin/dolphinscheduler-task-hivecli/src/main/java/org/apache/dolphinscheduler/plugin/task/hivecli/HiveCliParameters.java:[29,1] Generating equals/hashCode implementation but without a call to superclass, even though this class does not extend java.lang.Object. If this is intentional, add '@EqualsAndHashCode(callSuper=false)' to your type.
[INFO] /app/dolphinscheduler-task-plugin/dolphinscheduler-task-hivecli/src/main/java/org/apache/dolphinscheduler/plugin/task/hivecli/HiveCliTask.java: /app/dolphinscheduler-task-plugin/dolphinscheduler-task-hivecli/src/main/java/org/apache/dolphinscheduler/plugin/task/hivecli/HiveCliTask.java uses or overrides a deprecated API.
[INFO] /app/dolphinscheduler-task-plugin/dolphinscheduler-task-hivecli/src/main/java/org/apache/dolphinscheduler/plugin/task/hivecli/HiveCliTask.java: Recompile with -Xlint:deprecation for details.
[INFO]
[INFO] --- spotless:2.27.2:check (default) @ dolphinscheduler-task-hivecli ---
[INFO] Spotless check skipped
[INFO]
[INFO] -----< org.apache.dolphinscheduler:dolphinscheduler-task-chunjun >------
[INFO] Building dolphinscheduler-task-chunjun 3.4.2-SNAPSHOT           [75/138]
[INFO]   from dolphinscheduler-task-plugin/dolphinscheduler-task-chunjun/pom.xml
[INFO] --------------------------------[ jar ]---------------------------------
[INFO]
[INFO] --- clean:3.1.0:clean (default-clean) @ dolphinscheduler-task-chunjun ---
[INFO] Deleting /app/dolphinscheduler-task-plugin/dolphinscheduler-task-chunjun/target
[INFO]
[INFO] --- enforcer:3.0.0:enforce (enforce-maven-version) @ dolphinscheduler-task-chunjun ---
[INFO]
[INFO] --- enforcer:3.0.0:enforce (enforce-java-version) @ dolphinscheduler-task-chunjun ---
[INFO]
[INFO] --- remote-resources:1.7.0:process (process-resource-bundles) @ dolphinscheduler-task-chunjun ---
[INFO] Preparing remote bundle org.apache:apache-jar-resource-bundle:1.4
[INFO] Copying 3 resources from 1 bundle.
[INFO]
[INFO] --- resources:3.2.0:resources (default-resources) @ dolphinscheduler-task-chunjun ---
[INFO] Using 'UTF-8' encoding to copy filtered resources.
[INFO] Using 'UTF-8' encoding to copy filtered properties files.
[INFO] skip non existing resourceDirectory /app/dolphinscheduler-task-plugin/dolphinscheduler-task-chunjun/src/main/resources
[INFO] Copying 3 resources
[INFO]
[INFO] --- compiler:3.13.0:compile (default-compile) @ dolphinscheduler-task-chunjun ---
[INFO] Recompiling the module because of changed dependency.
[INFO] Compiling 6 source files with javac [debug target 17] to target/classes
[WARNING] system modules path not set in conjunction with -source 17
[INFO] Annotation processing is enabled because one or more processors were found
  on the class path. A future release of javac may disable annotation processing
  unless at least one processor is specified by name (-processor), or a search
  path is specified (--processor-path, --processor-module-path), or annotation
  processing is enabled explicitly (-proc:only, -proc:full).
  Use -Xlint:-options to suppress this message.
  Use -proc:none to disable annotation processing.
[INFO] /app/dolphinscheduler-task-plugin/dolphinscheduler-task-chunjun/src/main/java/org/apache/dolphinscheduler/plugin/task/chunjun/ChunJunTask.java: /app/dolphinscheduler-task-plugin/dolphinscheduler-task-chunjun/src/main/java/org/apache/dolphinscheduler/plugin/task/chunjun/ChunJunTask.java uses or overrides a deprecated API.
[INFO] /app/dolphinscheduler-task-plugin/dolphinscheduler-task-chunjun/src/main/java/org/apache/dolphinscheduler/plugin/task/chunjun/ChunJunTask.java: Recompile with -Xlint:deprecation for details.
[INFO]
[INFO] --- spotless:2.27.2:check (default) @ dolphinscheduler-task-chunjun ---
[INFO] Spotless check skipped
[INFO]
[INFO] -------< org.apache.dolphinscheduler:dolphinscheduler-task-dms >--------
[INFO] Building dolphinscheduler-task-dms 3.4.2-SNAPSHOT               [76/138]
[INFO]   from dolphinscheduler-task-plugin/dolphinscheduler-task-dms/pom.xml
[INFO] --------------------------------[ jar ]---------------------------------
[INFO]
[INFO] --- clean:3.1.0:clean (default-clean) @ dolphinscheduler-task-dms ---
[INFO] Deleting /app/dolphinscheduler-task-plugin/dolphinscheduler-task-dms/target
[INFO]
[INFO] --- enforcer:3.0.0:enforce (enforce-maven-version) @ dolphinscheduler-task-dms ---
[INFO]
[INFO] --- enforcer:3.0.0:enforce (enforce-java-version) @ dolphinscheduler-task-dms ---
[INFO]
[INFO] --- remote-resources:1.7.0:process (process-resource-bundles) @ dolphinscheduler-task-dms ---
[INFO] Preparing remote bundle org.apache:apache-jar-resource-bundle:1.4
[INFO] Copying 3 resources from 1 bundle.
[INFO]
[INFO] --- resources:3.2.0:resources (default-resources) @ dolphinscheduler-task-dms ---
[INFO] Using 'UTF-8' encoding to copy filtered resources.
[INFO] Using 'UTF-8' encoding to copy filtered properties files.
[INFO] skip non existing resourceDirectory /app/dolphinscheduler-task-plugin/dolphinscheduler-task-dms/src/main/resources
[INFO] Copying 3 resources
[INFO]
[INFO] --- compiler:3.13.0:compile (default-compile) @ dolphinscheduler-task-dms ---
[INFO] Recompiling the module because of changed dependency.
[INFO] Compiling 5 source files with javac [debug target 17] to target/classes
[WARNING] system modules path not set in conjunction with -source 17
[INFO] Annotation processing is enabled because one or more processors were found
  on the class path. A future release of javac may disable annotation processing
  unless at least one processor is specified by name (-processor), or a search
  path is specified (--processor-path, --processor-module-path), or annotation
  processing is enabled explicitly (-proc:only, -proc:full).
  Use -Xlint:-options to suppress this message.
  Use -proc:none to disable annotation processing.
[WARNING] /app/dolphinscheduler-task-plugin/dolphinscheduler-task-dms/src/main/java/org/apache/dolphinscheduler/plugin/task/dms/DmsParameters.java:[29,1] Generating equals/hashCode implementation but without a call to superclass, even though this class does not extend java.lang.Object. If this is intentional, add '@EqualsAndHashCode(callSuper=false)' to your type.
[INFO] /app/dolphinscheduler-task-plugin/dolphinscheduler-task-dms/src/main/java/org/apache/dolphinscheduler/plugin/task/dms/DmsTask.java: /app/dolphinscheduler-task-plugin/dolphinscheduler-task-dms/src/main/java/org/apache/dolphinscheduler/plugin/task/dms/DmsTask.java uses or overrides a deprecated API.
[INFO] /app/dolphinscheduler-task-plugin/dolphinscheduler-task-dms/src/main/java/org/apache/dolphinscheduler/plugin/task/dms/DmsTask.java: Recompile with -Xlint:deprecation for details.
[INFO]
[INFO] --- spotless:2.27.2:check (default) @ dolphinscheduler-task-dms ---
[INFO] Spotless check skipped
[INFO]
[INFO] -----< org.apache.dolphinscheduler:dolphinscheduler-task-datasync >-----
[INFO] Building dolphinscheduler-task-datasync 3.4.2-SNAPSHOT          [77/138]
[INFO]   from dolphinscheduler-task-plugin/dolphinscheduler-task-datasync/pom.xml
[INFO] --------------------------------[ jar ]---------------------------------
[INFO]
[INFO] --- clean:3.1.0:clean (default-clean) @ dolphinscheduler-task-datasync ---
[INFO] Deleting /app/dolphinscheduler-task-plugin/dolphinscheduler-task-datasync/target
[INFO]
[INFO] --- enforcer:3.0.0:enforce (enforce-maven-version) @ dolphinscheduler-task-datasync ---
[INFO]
[INFO] --- enforcer:3.0.0:enforce (enforce-java-version) @ dolphinscheduler-task-datasync ---
[INFO]
[INFO] --- remote-resources:1.7.0:process (process-resource-bundles) @ dolphinscheduler-task-datasync ---
[INFO] Preparing remote bundle org.apache:apache-jar-resource-bundle:1.4
[INFO] Copying 3 resources from 1 bundle.
[INFO]
[INFO] --- resources:3.2.0:resources (default-resources) @ dolphinscheduler-task-datasync ---
[INFO] Using 'UTF-8' encoding to copy filtered resources.
[INFO] Using 'UTF-8' encoding to copy filtered properties files.
[INFO] skip non existing resourceDirectory /app/dolphinscheduler-task-plugin/dolphinscheduler-task-datasync/src/main/resources
[INFO] Copying 3 resources
[INFO]
[INFO] --- compiler:3.13.0:compile (default-compile) @ dolphinscheduler-task-datasync ---
[INFO] Recompiling the module because of changed dependency.
[INFO] Compiling 5 source files with javac [debug target 17] to target/classes
[WARNING] system modules path not set in conjunction with -source 17
[INFO] Annotation processing is enabled because one or more processors were found
  on the class path. A future release of javac may disable annotation processing
  unless at least one processor is specified by name (-processor), or a search
  path is specified (--processor-path, --processor-module-path), or annotation
  processing is enabled explicitly (-proc:only, -proc:full).
  Use -Xlint:-options to suppress this message.
  Use -proc:none to disable annotation processing.
[INFO]
[INFO] --- spotless:2.27.2:check (default) @ dolphinscheduler-task-datasync ---
[INFO] Spotless check skipped
[INFO]
[INFO] -----< org.apache.dolphinscheduler:dolphinscheduler-task-kubeflow >-----
[INFO] Building dolphinscheduler-task-kubeflow 3.4.2-SNAPSHOT          [78/138]
[INFO]   from dolphinscheduler-task-plugin/dolphinscheduler-task-kubeflow/pom.xml
[INFO] --------------------------------[ jar ]---------------------------------
[INFO]
[INFO] --- clean:3.1.0:clean (default-clean) @ dolphinscheduler-task-kubeflow ---
[INFO] Deleting /app/dolphinscheduler-task-plugin/dolphinscheduler-task-kubeflow/target
[INFO]
[INFO] --- enforcer:3.0.0:enforce (enforce-maven-version) @ dolphinscheduler-task-kubeflow ---
[INFO]
[INFO] --- enforcer:3.0.0:enforce (enforce-java-version) @ dolphinscheduler-task-kubeflow ---
[INFO]
[INFO] --- remote-resources:1.7.0:process (process-resource-bundles) @ dolphinscheduler-task-kubeflow ---
[INFO] Preparing remote bundle org.apache:apache-jar-resource-bundle:1.4
[INFO] Copying 3 resources from 1 bundle.
[INFO]
[INFO] --- resources:3.2.0:resources (default-resources) @ dolphinscheduler-task-kubeflow ---
[INFO] Using 'UTF-8' encoding to copy filtered resources.
[INFO] Using 'UTF-8' encoding to copy filtered properties files.
[INFO] skip non existing resourceDirectory /app/dolphinscheduler-task-plugin/dolphinscheduler-task-kubeflow/src/main/resources
[INFO] Copying 3 resources
[INFO]
[INFO] --- compiler:3.13.0:compile (default-compile) @ dolphinscheduler-task-kubeflow ---
[INFO] Recompiling the module because of changed dependency.
[INFO] Compiling 5 source files with javac [debug target 17] to target/classes
[WARNING] system modules path not set in conjunction with -source 17
[INFO] Annotation processing is enabled because one or more processors were found
  on the class path. A future release of javac may disable annotation processing
  unless at least one processor is specified by name (-processor), or a search
  path is specified (--processor-path, --processor-module-path), or annotation
  processing is enabled explicitly (-proc:only, -proc:full).
  Use -Xlint:-options to suppress this message.
  Use -proc:none to disable annotation processing.
[WARNING] /app/dolphinscheduler-task-plugin/dolphinscheduler-task-kubeflow/src/main/java/org/apache/dolphinscheduler/plugin/kubeflow/KubeflowParameters.java:[26,1] Generating equals/hashCode implementation but without a call to superclass, even though this class does not extend java.lang.Object. If this is intentional, add '@EqualsAndHashCode(callSuper=false)' to your type.
[INFO]
[INFO] --- spotless:2.27.2:check (default) @ dolphinscheduler-task-kubeflow ---
[INFO] Spotless check skipped
[INFO]
[INFO] ------< org.apache.dolphinscheduler:dolphinscheduler-task-linkis >------
[INFO] Building dolphinscheduler-task-linkis 3.4.2-SNAPSHOT            [79/138]
[INFO]   from dolphinscheduler-task-plugin/dolphinscheduler-task-linkis/pom.xml
[INFO] --------------------------------[ jar ]---------------------------------
[INFO]
[INFO] --- clean:3.1.0:clean (default-clean) @ dolphinscheduler-task-linkis ---
[INFO] Deleting /app/dolphinscheduler-task-plugin/dolphinscheduler-task-linkis/target
[INFO]
[INFO] --- enforcer:3.0.0:enforce (enforce-maven-version) @ dolphinscheduler-task-linkis ---
[INFO]
[INFO] --- enforcer:3.0.0:enforce (enforce-java-version) @ dolphinscheduler-task-linkis ---
[INFO]
[INFO] --- remote-resources:1.7.0:process (process-resource-bundles) @ dolphinscheduler-task-linkis ---
[INFO] Preparing remote bundle org.apache:apache-jar-resource-bundle:1.4
[INFO] Copying 3 resources from 1 bundle.
[INFO]
[INFO] --- resources:3.2.0:resources (default-resources) @ dolphinscheduler-task-linkis ---
[INFO] Using 'UTF-8' encoding to copy filtered resources.
[INFO] Using 'UTF-8' encoding to copy filtered properties files.
[INFO] skip non existing resourceDirectory /app/dolphinscheduler-task-plugin/dolphinscheduler-task-linkis/src/main/resources
[INFO] Copying 3 resources
[INFO]
[INFO] --- compiler:3.13.0:compile (default-compile) @ dolphinscheduler-task-linkis ---
[INFO] Recompiling the module because of changed dependency.
[INFO] Compiling 6 source files with javac [debug target 17] to target/classes
[WARNING] system modules path not set in conjunction with -source 17
[INFO] Annotation processing is enabled because one or more processors were found
  on the class path. A future release of javac may disable annotation processing
  unless at least one processor is specified by name (-processor), or a search
  path is specified (--processor-path, --processor-module-path), or annotation
  processing is enabled explicitly (-proc:only, -proc:full).
  Use -Xlint:-options to suppress this message.
  Use -proc:none to disable annotation processing.
[WARNING] /app/dolphinscheduler-task-plugin/dolphinscheduler-task-linkis/src/main/java/org/apache/dolphinscheduler/plugin/task/linkis/LinkisParameters.java:[31,1] Generating equals/hashCode implementation but without a call to superclass, even though this class does not extend java.lang.Object. If this is intentional, add '@EqualsAndHashCode(callSuper=false)' to your type.
[INFO] /app/dolphinscheduler-task-plugin/dolphinscheduler-task-linkis/src/main/java/org/apache/dolphinscheduler/plugin/task/linkis/LinkisTask.java: /app/dolphinscheduler-task-plugin/dolphinscheduler-task-linkis/src/main/java/org/apache/dolphinscheduler/plugin/task/linkis/LinkisTask.java uses unchecked or unsafe operations.
[INFO] /app/dolphinscheduler-task-plugin/dolphinscheduler-task-linkis/src/main/java/org/apache/dolphinscheduler/plugin/task/linkis/LinkisTask.java: Recompile with -Xlint:unchecked for details.
[INFO]
[INFO] --- spotless:2.27.2:check (default) @ dolphinscheduler-task-linkis ---
[INFO] Spotless check skipped
[INFO]
[INFO] ---< org.apache.dolphinscheduler:dolphinscheduler-task-datafactory >----
[INFO] Building dolphinscheduler-task-datafactory 3.4.2-SNAPSHOT       [80/138]
[INFO]   from dolphinscheduler-task-plugin/dolphinscheduler-task-datafactory/pom.xml
[INFO] --------------------------------[ jar ]---------------------------------
Downloading from apache.snapshots: https://repository.apache.org/snapshots/com/nimbusds/lang-tag/maven-metadata.xml
Downloading from central: https://repo.maven.apache.org/maven2/com/nimbusds/lang-tag/maven-metadata.xml
Downloading from ossrh: https://oss.sonatype.org/content/repositories/snapshots/com/nimbusds/lang-tag/maven-metadata.xml
Progress (1): 621 B                   Downloaded from central: https://repo.maven.apache.org/maven2/com/nimbusds/lang-tag/maven-metadata.xml (621 B at 18 kB/s)
Downloading from apache.snapshots: https://repository.apache.org/snapshots/com/nimbusds/nimbus-jose-jwt/maven-metadata.xml
Downloading from central: https://repo.maven.apache.org/maven2/com/nimbusds/nimbus-jose-jwt/maven-metadata.xml
Downloading from ossrh: https://oss.sonatype.org/content/repositories/snapshots/com/nimbusds/nimbus-jose-jwt/maven-metadata.xml
Progress (1): 5.0 kBProgress (1): 9.0 kBProgress (1): 9.6 kB                    Downloaded from central: https://repo.maven.apache.org/maven2/com/nimbusds/nimbus-jose-jwt/maven-metadata.xml (9.6 kB at 329 kB/s)
[INFO]
[INFO] --- clean:3.1.0:clean (default-clean) @ dolphinscheduler-task-datafactory ---
[INFO] Deleting /app/dolphinscheduler-task-plugin/dolphinscheduler-task-datafactory/target
[INFO]
[INFO] --- enforcer:3.0.0:enforce (enforce-maven-version) @ dolphinscheduler-task-datafactory ---
[INFO]
[INFO] --- enforcer:3.0.0:enforce (enforce-java-version) @ dolphinscheduler-task-datafactory ---
[INFO]
[INFO] --- remote-resources:1.7.0:process (process-resource-bundles) @ dolphinscheduler-task-datafactory ---
[INFO] Preparing remote bundle org.apache:apache-jar-resource-bundle:1.4
[INFO] Copying 3 resources from 1 bundle.
[INFO]
[INFO] --- resources:3.2.0:resources (default-resources) @ dolphinscheduler-task-datafactory ---
[INFO] Using 'UTF-8' encoding to copy filtered resources.
[INFO] Using 'UTF-8' encoding to copy filtered properties files.
[INFO] skip non existing resourceDirectory /app/dolphinscheduler-task-plugin/dolphinscheduler-task-datafactory/src/main/resources
[INFO] Copying 3 resources
[INFO]
[INFO] --- compiler:3.13.0:compile (default-compile) @ dolphinscheduler-task-datafactory ---
[INFO] Recompiling the module because of changed dependency.
[INFO] Compiling 6 source files with javac [debug target 17] to target/classes
[WARNING] system modules path not set in conjunction with -source 17
[INFO] Annotation processing is enabled because one or more processors were found
  on the class path. A future release of javac may disable annotation processing
  unless at least one processor is specified by name (-processor), or a search
  path is specified (--processor-path, --processor-module-path), or annotation
  processing is enabled explicitly (-proc:only, -proc:full).
  Use -Xlint:-options to suppress this message.
  Use -proc:none to disable annotation processing.
[INFO]
[INFO] --- spotless:2.27.2:check (default) @ dolphinscheduler-task-datafactory ---
[INFO] Spotless check skipped
[INFO]
[INFO] ----< org.apache.dolphinscheduler:dolphinscheduler-datasource-ssh >-----
[INFO] Building dolphinscheduler-datasource-ssh 3.4.2-SNAPSHOT         [81/138]
[INFO]   from dolphinscheduler-datasource-plugin/dolphinscheduler-datasource-ssh/pom.xml
[INFO] --------------------------------[ jar ]---------------------------------
[INFO]
[INFO] --- clean:3.1.0:clean (default-clean) @ dolphinscheduler-datasource-ssh ---
[INFO] Deleting /app/dolphinscheduler-datasource-plugin/dolphinscheduler-datasource-ssh/target
[INFO]
[INFO] --- enforcer:3.0.0:enforce (enforce-maven-version) @ dolphinscheduler-datasource-ssh ---
[INFO]
[INFO] --- enforcer:3.0.0:enforce (enforce-java-version) @ dolphinscheduler-datasource-ssh ---
[INFO]
[INFO] --- remote-resources:1.7.0:process (process-resource-bundles) @ dolphinscheduler-datasource-ssh ---
[INFO] Preparing remote bundle org.apache:apache-jar-resource-bundle:1.4
[INFO] Copying 3 resources from 1 bundle.
[INFO]
[INFO] --- resources:3.2.0:resources (default-resources) @ dolphinscheduler-datasource-ssh ---
[INFO] Using 'UTF-8' encoding to copy filtered resources.
[INFO] Using 'UTF-8' encoding to copy filtered properties files.
[INFO] skip non existing resourceDirectory /app/dolphinscheduler-datasource-plugin/dolphinscheduler-datasource-ssh/src/main/resources
[INFO] Copying 3 resources
[INFO]
[INFO] --- compiler:3.13.0:compile (default-compile) @ dolphinscheduler-datasource-ssh ---
[INFO] Recompiling the module because of changed dependency.
[INFO] Compiling 7 source files with javac [debug target 17] to target/classes
[WARNING] system modules path not set in conjunction with -source 17
[INFO] Annotation processing is enabled because one or more processors were found
  on the class path. A future release of javac may disable annotation processing
  unless at least one processor is specified by name (-processor), or a search
  path is specified (--processor-path, --processor-module-path), or annotation
  processing is enabled explicitly (-proc:only, -proc:full).
  Use -Xlint:-options to suppress this message.
  Use -proc:none to disable annotation processing.
[WARNING] /app/dolphinscheduler-datasource-plugin/dolphinscheduler-datasource-ssh/src/main/java/org/apache/dolphinscheduler/plugin/datasource/ssh/param/SSHDataSourceParamDTO.java:[25,1] Generating equals/hashCode implementation but without a call to superclass, even though this class does not extend java.lang.Object. If this is intentional, add '@EqualsAndHashCode(callSuper=false)' to your type.
[INFO]
[INFO] --- spotless:2.27.2:check (default) @ dolphinscheduler-datasource-ssh ---
[INFO] Spotless check skipped
[INFO]
[INFO] ---< org.apache.dolphinscheduler:dolphinscheduler-task-remoteshell >----
[INFO] Building dolphinscheduler-task-remoteshell 3.4.2-SNAPSHOT       [82/138]
[INFO]   from dolphinscheduler-task-plugin/dolphinscheduler-task-remoteshell/pom.xml
[INFO] --------------------------------[ jar ]---------------------------------
[INFO]
[INFO] --- clean:3.1.0:clean (default-clean) @ dolphinscheduler-task-remoteshell ---
[INFO] Deleting /app/dolphinscheduler-task-plugin/dolphinscheduler-task-remoteshell/target
[INFO]
[INFO] --- enforcer:3.0.0:enforce (enforce-maven-version) @ dolphinscheduler-task-remoteshell ---
[INFO]
[INFO] --- enforcer:3.0.0:enforce (enforce-java-version) @ dolphinscheduler-task-remoteshell ---
[INFO]
[INFO] --- remote-resources:1.7.0:process (process-resource-bundles) @ dolphinscheduler-task-remoteshell ---
[INFO] Preparing remote bundle org.apache:apache-jar-resource-bundle:1.4
[INFO] Copying 3 resources from 1 bundle.
[INFO]
[INFO] --- resources:3.2.0:resources (default-resources) @ dolphinscheduler-task-remoteshell ---
[INFO] Using 'UTF-8' encoding to copy filtered resources.
[INFO] Using 'UTF-8' encoding to copy filtered properties files.
[INFO] skip non existing resourceDirectory /app/dolphinscheduler-task-plugin/dolphinscheduler-task-remoteshell/src/main/resources
[INFO] Copying 3 resources
[INFO]
[INFO] --- compiler:3.13.0:compile (default-compile) @ dolphinscheduler-task-remoteshell ---
[INFO] Recompiling the module because of changed dependency.
[INFO] Compiling 5 source files with javac [debug target 17] to target/classes
[WARNING] system modules path not set in conjunction with -source 17
[INFO] Annotation processing is enabled because one or more processors were found
  on the class path. A future release of javac may disable annotation processing
  unless at least one processor is specified by name (-processor), or a search
  path is specified (--processor-path, --processor-module-path), or annotation
  processing is enabled explicitly (-proc:only, -proc:full).
  Use -Xlint:-options to suppress this message.
  Use -proc:none to disable annotation processing.
[WARNING] /app/dolphinscheduler-task-plugin/dolphinscheduler-task-remoteshell/src/main/java/org/apache/dolphinscheduler/plugin/task/remoteshell/RemoteShellParameters.java:[26,1] Generating equals/hashCode implementation but without a call to superclass, even though this class does not extend java.lang.Object. If this is intentional, add '@EqualsAndHashCode(callSuper=false)' to your type.
[INFO] /app/dolphinscheduler-task-plugin/dolphinscheduler-task-remoteshell/src/main/java/org/apache/dolphinscheduler/plugin/task/remoteshell/RemoteShellTask.java: /app/dolphinscheduler-task-plugin/dolphinscheduler-task-remoteshell/src/main/java/org/apache/dolphinscheduler/plugin/task/remoteshell/RemoteShellTask.java uses or overrides a deprecated API.
[INFO] /app/dolphinscheduler-task-plugin/dolphinscheduler-task-remoteshell/src/main/java/org/apache/dolphinscheduler/plugin/task/remoteshell/RemoteShellTask.java: Recompile with -Xlint:deprecation for details.
[INFO]
[INFO] --- spotless:2.27.2:check (default) @ dolphinscheduler-task-remoteshell ---
[INFO] Spotless check skipped
[INFO]
[INFO] --< org.apache.dolphinscheduler:dolphinscheduler-datasource-clickhouse >--
[INFO] Building dolphinscheduler-datasource-clickhouse 3.4.2-SNAPSHOT  [83/138]
[INFO]   from dolphinscheduler-datasource-plugin/dolphinscheduler-datasource-clickhouse/pom.xml
[INFO] --------------------------------[ jar ]---------------------------------
[INFO]
[INFO] --- clean:3.1.0:clean (default-clean) @ dolphinscheduler-datasource-clickhouse ---
[INFO] Deleting /app/dolphinscheduler-datasource-plugin/dolphinscheduler-datasource-clickhouse/target
[INFO]
[INFO] --- enforcer:3.0.0:enforce (enforce-maven-version) @ dolphinscheduler-datasource-clickhouse ---
[INFO]
[INFO] --- enforcer:3.0.0:enforce (enforce-java-version) @ dolphinscheduler-datasource-clickhouse ---
[INFO]
[INFO] --- remote-resources:1.7.0:process (process-resource-bundles) @ dolphinscheduler-datasource-clickhouse ---
[INFO] Preparing remote bundle org.apache:apache-jar-resource-bundle:1.4
[INFO] Copying 3 resources from 1 bundle.
[INFO]
[INFO] --- resources:3.2.0:resources (default-resources) @ dolphinscheduler-datasource-clickhouse ---
[INFO] Using 'UTF-8' encoding to copy filtered resources.
[INFO] Using 'UTF-8' encoding to copy filtered properties files.
[INFO] skip non existing resourceDirectory /app/dolphinscheduler-datasource-plugin/dolphinscheduler-datasource-clickhouse/src/main/resources
[INFO] Copying 3 resources
[INFO]
[INFO] --- compiler:3.13.0:compile (default-compile) @ dolphinscheduler-datasource-clickhouse ---
[INFO] Recompiling the module because of changed dependency.
[INFO] Compiling 7 source files with javac [debug target 17] to target/classes
[WARNING] system modules path not set in conjunction with -source 17
[INFO] Annotation processing is enabled because one or more processors were found
  on the class path. A future release of javac may disable annotation processing
  unless at least one processor is specified by name (-processor), or a search
  path is specified (--processor-path, --processor-module-path), or annotation
  processing is enabled explicitly (-proc:only, -proc:full).
  Use -Xlint:-options to suppress this message.
  Use -proc:none to disable annotation processing.
[INFO]
[INFO] --- spotless:2.27.2:check (default) @ dolphinscheduler-datasource-clickhouse ---
[INFO] Spotless check skipped
[INFO]
[INFO] --< org.apache.dolphinscheduler:dolphinscheduler-datasource-databend >--
[INFO] Building dolphinscheduler-datasource-databend 3.4.2-SNAPSHOT    [84/138]
[INFO]   from dolphinscheduler-datasource-plugin/dolphinscheduler-datasource-databend/pom.xml
[INFO] --------------------------------[ jar ]---------------------------------
[INFO]
[INFO] --- clean:3.1.0:clean (default-clean) @ dolphinscheduler-datasource-databend ---
[INFO] Deleting /app/dolphinscheduler-datasource-plugin/dolphinscheduler-datasource-databend/target
[INFO]
[INFO] --- enforcer:3.0.0:enforce (enforce-maven-version) @ dolphinscheduler-datasource-databend ---
[INFO]
[INFO] --- enforcer:3.0.0:enforce (enforce-java-version) @ dolphinscheduler-datasource-databend ---
[INFO]
[INFO] --- remote-resources:1.7.0:process (process-resource-bundles) @ dolphinscheduler-datasource-databend ---
[INFO] Preparing remote bundle org.apache:apache-jar-resource-bundle:1.4
[INFO] Copying 3 resources from 1 bundle.
[INFO]
[INFO] --- resources:3.2.0:resources (default-resources) @ dolphinscheduler-datasource-databend ---
[INFO] Using 'UTF-8' encoding to copy filtered resources.
[INFO] Using 'UTF-8' encoding to copy filtered properties files.
[INFO] skip non existing resourceDirectory /app/dolphinscheduler-datasource-plugin/dolphinscheduler-datasource-databend/src/main/resources
[INFO] Copying 3 resources
[INFO]
[INFO] --- compiler:3.13.0:compile (default-compile) @ dolphinscheduler-datasource-databend ---
[INFO] Recompiling the module because of changed dependency.
[INFO] Compiling 7 source files with javac [debug target 17] to target/classes
[WARNING] system modules path not set in conjunction with -source 17
[INFO] Annotation processing is enabled because one or more processors were found
  on the class path. A future release of javac may disable annotation processing
  unless at least one processor is specified by name (-processor), or a search
  path is specified (--processor-path, --processor-module-path), or annotation
  processing is enabled explicitly (-proc:only, -proc:full).
  Use -Xlint:-options to suppress this message.
  Use -proc:none to disable annotation processing.
[INFO]
[INFO] --- spotless:2.27.2:check (default) @ dolphinscheduler-datasource-databend ---
[INFO] Spotless check skipped
[INFO]
[INFO] ----< org.apache.dolphinscheduler:dolphinscheduler-datasource-db2 >-----
[INFO] Building dolphinscheduler-datasource-db2 3.4.2-SNAPSHOT         [85/138]
[INFO]   from dolphinscheduler-datasource-plugin/dolphinscheduler-datasource-db2/pom.xml
[INFO] --------------------------------[ jar ]---------------------------------
[INFO]
[INFO] --- clean:3.1.0:clean (default-clean) @ dolphinscheduler-datasource-db2 ---
[INFO] Deleting /app/dolphinscheduler-datasource-plugin/dolphinscheduler-datasource-db2/target
[INFO]
[INFO] --- enforcer:3.0.0:enforce (enforce-maven-version) @ dolphinscheduler-datasource-db2 ---
[INFO]
[INFO] --- enforcer:3.0.0:enforce (enforce-java-version) @ dolphinscheduler-datasource-db2 ---
[INFO]
[INFO] --- remote-resources:1.7.0:process (process-resource-bundles) @ dolphinscheduler-datasource-db2 ---
[INFO] Preparing remote bundle org.apache:apache-jar-resource-bundle:1.4
[INFO] Copying 3 resources from 1 bundle.
[INFO]
[INFO] --- resources:3.2.0:resources (default-resources) @ dolphinscheduler-datasource-db2 ---
[INFO] Using 'UTF-8' encoding to copy filtered resources.
[INFO] Using 'UTF-8' encoding to copy filtered properties files.
[INFO] skip non existing resourceDirectory /app/dolphinscheduler-datasource-plugin/dolphinscheduler-datasource-db2/src/main/resources
[INFO] Copying 3 resources
[INFO]
[INFO] --- compiler:3.13.0:compile (default-compile) @ dolphinscheduler-datasource-db2 ---
[INFO] Recompiling the module because of changed dependency.
[INFO] Compiling 7 source files with javac [debug target 17] to target/classes
[WARNING] system modules path not set in conjunction with -source 17
[INFO] Annotation processing is enabled because one or more processors were found
  on the class path. A future release of javac may disable annotation processing
  unless at least one processor is specified by name (-processor), or a search
  path is specified (--processor-path, --processor-module-path), or annotation
  processing is enabled explicitly (-proc:only, -proc:full).
  Use -Xlint:-options to suppress this message.
  Use -proc:none to disable annotation processing.
[INFO]
[INFO] --- spotless:2.27.2:check (default) @ dolphinscheduler-datasource-db2 ---
[INFO] Spotless check skipped
[INFO]
[INFO] ----< org.apache.dolphinscheduler:dolphinscheduler-datasource-hive >----
[INFO] Building dolphinscheduler-datasource-hive 3.4.2-SNAPSHOT        [86/138]
[INFO]   from dolphinscheduler-datasource-plugin/dolphinscheduler-datasource-hive/pom.xml
[INFO] --------------------------------[ jar ]---------------------------------
[INFO]
[INFO] --- clean:3.1.0:clean (default-clean) @ dolphinscheduler-datasource-hive ---
[INFO] Deleting /app/dolphinscheduler-datasource-plugin/dolphinscheduler-datasource-hive/target
[INFO]
[INFO] --- enforcer:3.0.0:enforce (enforce-maven-version) @ dolphinscheduler-datasource-hive ---
[INFO]
[INFO] --- enforcer:3.0.0:enforce (enforce-java-version) @ dolphinscheduler-datasource-hive ---
[INFO]
[INFO] --- remote-resources:1.7.0:process (process-resource-bundles) @ dolphinscheduler-datasource-hive ---
[INFO] Preparing remote bundle org.apache:apache-jar-resource-bundle:1.4
[INFO] Copying 3 resources from 1 bundle.
[INFO]
[INFO] --- resources:3.2.0:resources (default-resources) @ dolphinscheduler-datasource-hive ---
[INFO] Using 'UTF-8' encoding to copy filtered resources.
[INFO] Using 'UTF-8' encoding to copy filtered properties files.
[INFO] skip non existing resourceDirectory /app/dolphinscheduler-datasource-plugin/dolphinscheduler-datasource-hive/src/main/resources
[INFO] Copying 3 resources
[INFO]
[INFO] --- compiler:3.13.0:compile (default-compile) @ dolphinscheduler-datasource-hive ---
[INFO] Recompiling the module because of changed dependency.
[INFO] Compiling 8 source files with javac [debug target 17] to target/classes
[WARNING] system modules path not set in conjunction with -source 17
[INFO] Annotation processing is enabled because one or more processors were found
  on the class path. A future release of javac may disable annotation processing
  unless at least one processor is specified by name (-processor), or a search
  path is specified (--processor-path, --processor-module-path), or annotation
  processing is enabled explicitly (-proc:only, -proc:full).
  Use -Xlint:-options to suppress this message.
  Use -proc:none to disable annotation processing.
[INFO]
[INFO] --- spotless:2.27.2:check (default) @ dolphinscheduler-datasource-hive ---
[INFO] Spotless check skipped
[INFO]
[INFO] ---< org.apache.dolphinscheduler:dolphinscheduler-datasource-mysql >----
[INFO] Building dolphinscheduler-datasource-mysql 3.4.2-SNAPSHOT       [87/138]
[INFO]   from dolphinscheduler-datasource-plugin/dolphinscheduler-datasource-mysql/pom.xml
[INFO] --------------------------------[ jar ]---------------------------------
[INFO]
[INFO] --- clean:3.1.0:clean (default-clean) @ dolphinscheduler-datasource-mysql ---
[INFO] Deleting /app/dolphinscheduler-datasource-plugin/dolphinscheduler-datasource-mysql/target
[INFO]
[INFO] --- enforcer:3.0.0:enforce (enforce-maven-version) @ dolphinscheduler-datasource-mysql ---
[INFO]
[INFO] --- enforcer:3.0.0:enforce (enforce-java-version) @ dolphinscheduler-datasource-mysql ---
[INFO]
[INFO] --- remote-resources:1.7.0:process (process-resource-bundles) @ dolphinscheduler-datasource-mysql ---
[INFO] Preparing remote bundle org.apache:apache-jar-resource-bundle:1.4
[INFO] Copying 3 resources from 1 bundle.
[INFO]
[INFO] --- resources:3.2.0:resources (default-resources) @ dolphinscheduler-datasource-mysql ---
[INFO] Using 'UTF-8' encoding to copy filtered resources.
[INFO] Using 'UTF-8' encoding to copy filtered properties files.
[INFO] skip non existing resourceDirectory /app/dolphinscheduler-datasource-plugin/dolphinscheduler-datasource-mysql/src/main/resources
[INFO] Copying 3 resources
[INFO]
[INFO] --- compiler:3.13.0:compile (default-compile) @ dolphinscheduler-datasource-mysql ---
[INFO] Recompiling the module because of changed dependency.
[INFO] Compiling 7 source files with javac [debug target 17] to target/classes
[WARNING] system modules path not set in conjunction with -source 17
[INFO] Annotation processing is enabled because one or more processors were found
  on the class path. A future release of javac may disable annotation processing
  unless at least one processor is specified by name (-processor), or a search
  path is specified (--processor-path, --processor-module-path), or annotation
  processing is enabled explicitly (-proc:only, -proc:full).
  Use -Xlint:-options to suppress this message.
  Use -proc:none to disable annotation processing.
[INFO]
[INFO] --- spotless:2.27.2:check (default) @ dolphinscheduler-datasource-mysql ---
[INFO] Spotless check skipped
[INFO]
[INFO] --< org.apache.dolphinscheduler:dolphinscheduler-datasource-oceanbase >--
[INFO] Building dolphinscheduler-datasource-oceanbase 3.4.2-SNAPSHOT   [88/138]
[INFO]   from dolphinscheduler-datasource-plugin/dolphinscheduler-datasource-oceanbase/pom.xml
[INFO] --------------------------------[ jar ]---------------------------------
[INFO]
[INFO] --- clean:3.1.0:clean (default-clean) @ dolphinscheduler-datasource-oceanbase ---
[INFO] Deleting /app/dolphinscheduler-datasource-plugin/dolphinscheduler-datasource-oceanbase/target
[INFO]
[INFO] --- enforcer:3.0.0:enforce (enforce-maven-version) @ dolphinscheduler-datasource-oceanbase ---
[INFO]
[INFO] --- enforcer:3.0.0:enforce (enforce-java-version) @ dolphinscheduler-datasource-oceanbase ---
[INFO]
[INFO] --- remote-resources:1.7.0:process (process-resource-bundles) @ dolphinscheduler-datasource-oceanbase ---
[INFO] Preparing remote bundle org.apache:apache-jar-resource-bundle:1.4
[INFO] Copying 3 resources from 1 bundle.
[INFO]
[INFO] --- resources:3.2.0:resources (default-resources) @ dolphinscheduler-datasource-oceanbase ---
[INFO] Using 'UTF-8' encoding to copy filtered resources.
[INFO] Using 'UTF-8' encoding to copy filtered properties files.
[INFO] skip non existing resourceDirectory /app/dolphinscheduler-datasource-plugin/dolphinscheduler-datasource-oceanbase/src/main/resources
[INFO] Copying 3 resources
[INFO]
[INFO] --- compiler:3.13.0:compile (default-compile) @ dolphinscheduler-datasource-oceanbase ---
[INFO] Recompiling the module because of changed dependency.
[INFO] Compiling 7 source files with javac [debug target 17] to target/classes
[WARNING] system modules path not set in conjunction with -source 17
[INFO] Annotation processing is enabled because one or more processors were found
  on the class path. A future release of javac may disable annotation processing
  unless at least one processor is specified by name (-processor), or a search
  path is specified (--processor-path, --processor-module-path), or annotation
  processing is enabled explicitly (-proc:only, -proc:full).
  Use -Xlint:-options to suppress this message.
  Use -proc:none to disable annotation processing.
[WARNING] /app/dolphinscheduler-datasource-plugin/dolphinscheduler-datasource-oceanbase/src/main/java/org/apache/dolphinscheduler/plugin/datasource/oceanbase/param/OceanBaseConnectionParam.java:[24,1] Generating equals/hashCode implementation but without a call to superclass, even though this class does not extend java.lang.Object. If this is intentional, add '@EqualsAndHashCode(callSuper=false)' to your type.
[INFO]
[INFO] --- spotless:2.27.2:check (default) @ dolphinscheduler-datasource-oceanbase ---
[INFO] Spotless check skipped
[INFO]
[INFO] ---< org.apache.dolphinscheduler:dolphinscheduler-datasource-oracle >---
[INFO] Building dolphinscheduler-datasource-oracle 3.4.2-SNAPSHOT      [89/138]
[INFO]   from dolphinscheduler-datasource-plugin/dolphinscheduler-datasource-oracle/pom.xml
[INFO] --------------------------------[ jar ]---------------------------------
[INFO]
[INFO] --- clean:3.1.0:clean (default-clean) @ dolphinscheduler-datasource-oracle ---
[INFO] Deleting /app/dolphinscheduler-datasource-plugin/dolphinscheduler-datasource-oracle/target
[INFO]
[INFO] --- enforcer:3.0.0:enforce (enforce-maven-version) @ dolphinscheduler-datasource-oracle ---
[INFO]
[INFO] --- enforcer:3.0.0:enforce (enforce-java-version) @ dolphinscheduler-datasource-oracle ---
[INFO]
[INFO] --- remote-resources:1.7.0:process (process-resource-bundles) @ dolphinscheduler-datasource-oracle ---
[INFO] Preparing remote bundle org.apache:apache-jar-resource-bundle:1.4
[INFO] Copying 3 resources from 1 bundle.
[INFO]
[INFO] --- resources:3.2.0:resources (default-resources) @ dolphinscheduler-datasource-oracle ---
[INFO] Using 'UTF-8' encoding to copy filtered resources.
[INFO] Using 'UTF-8' encoding to copy filtered properties files.
[INFO] skip non existing resourceDirectory /app/dolphinscheduler-datasource-plugin/dolphinscheduler-datasource-oracle/src/main/resources
[INFO] Copying 3 resources
[INFO]
[INFO] --- compiler:3.13.0:compile (default-compile) @ dolphinscheduler-datasource-oracle ---
[INFO] Recompiling the module because of changed dependency.
[INFO] Compiling 7 source files with javac [debug target 17] to target/classes
[WARNING] system modules path not set in conjunction with -source 17
[INFO] Annotation processing is enabled because one or more processors were found
  on the class path. A future release of javac may disable annotation processing
  unless at least one processor is specified by name (-processor), or a search
  path is specified (--processor-path, --processor-module-path), or annotation
  processing is enabled explicitly (-proc:only, -proc:full).
  Use -Xlint:-options to suppress this message.
  Use -proc:none to disable annotation processing.
[INFO]
[INFO] --- spotless:2.27.2:check (default) @ dolphinscheduler-datasource-oracle ---
[INFO] Spotless check skipped
[INFO]
[INFO] --< org.apache.dolphinscheduler:dolphinscheduler-datasource-postgresql >--
[INFO] Building dolphinscheduler-datasource-postgresql 3.4.2-SNAPSHOT  [90/138]
[INFO]   from dolphinscheduler-datasource-plugin/dolphinscheduler-datasource-postgresql/pom.xml
[INFO] --------------------------------[ jar ]---------------------------------
[INFO]
[INFO] --- clean:3.1.0:clean (default-clean) @ dolphinscheduler-datasource-postgresql ---
[INFO] Deleting /app/dolphinscheduler-datasource-plugin/dolphinscheduler-datasource-postgresql/target
[INFO]
[INFO] --- enforcer:3.0.0:enforce (enforce-maven-version) @ dolphinscheduler-datasource-postgresql ---
[INFO]
[INFO] --- enforcer:3.0.0:enforce (enforce-java-version) @ dolphinscheduler-datasource-postgresql ---
[INFO]
[INFO] --- remote-resources:1.7.0:process (process-resource-bundles) @ dolphinscheduler-datasource-postgresql ---
[INFO] Preparing remote bundle org.apache:apache-jar-resource-bundle:1.4
[INFO] Copying 3 resources from 1 bundle.
[INFO]
[INFO] --- resources:3.2.0:resources (default-resources) @ dolphinscheduler-datasource-postgresql ---
[INFO] Using 'UTF-8' encoding to copy filtered resources.
[INFO] Using 'UTF-8' encoding to copy filtered properties files.
[INFO] skip non existing resourceDirectory /app/dolphinscheduler-datasource-plugin/dolphinscheduler-datasource-postgresql/src/main/resources
[INFO] Copying 3 resources
[INFO]
[INFO] --- compiler:3.13.0:compile (default-compile) @ dolphinscheduler-datasource-postgresql ---
[INFO] Recompiling the module because of changed dependency.
[INFO] Compiling 7 source files with javac [debug target 17] to target/classes
[WARNING] system modules path not set in conjunction with -source 17
[INFO] Annotation processing is enabled because one or more processors were found
  on the class path. A future release of javac may disable annotation processing
  unless at least one processor is specified by name (-processor), or a search
  path is specified (--processor-path, --processor-module-path), or annotation
  processing is enabled explicitly (-proc:only, -proc:full).
  Use -Xlint:-options to suppress this message.
  Use -proc:none to disable annotation processing.
[INFO]
[INFO] --- spotless:2.27.2:check (default) @ dolphinscheduler-datasource-postgresql ---
[INFO] Spotless check skipped
[INFO]
[INFO] --< org.apache.dolphinscheduler:dolphinscheduler-datasource-sqlserver >--
[INFO] Building dolphinscheduler-datasource-sqlserver 3.4.2-SNAPSHOT   [91/138]
[INFO]   from dolphinscheduler-datasource-plugin/dolphinscheduler-datasource-sqlserver/pom.xml
[INFO] --------------------------------[ jar ]---------------------------------
[INFO]
[INFO] --- clean:3.1.0:clean (default-clean) @ dolphinscheduler-datasource-sqlserver ---
[INFO] Deleting /app/dolphinscheduler-datasource-plugin/dolphinscheduler-datasource-sqlserver/target
[INFO]
[INFO] --- enforcer:3.0.0:enforce (enforce-maven-version) @ dolphinscheduler-datasource-sqlserver ---
[INFO]
[INFO] --- enforcer:3.0.0:enforce (enforce-java-version) @ dolphinscheduler-datasource-sqlserver ---
[INFO]
[INFO] --- remote-resources:1.7.0:process (process-resource-bundles) @ dolphinscheduler-datasource-sqlserver ---
[INFO] Preparing remote bundle org.apache:apache-jar-resource-bundle:1.4
[INFO] Copying 3 resources from 1 bundle.
[INFO]
[INFO] --- resources:3.2.0:resources (default-resources) @ dolphinscheduler-datasource-sqlserver ---
[INFO] Using 'UTF-8' encoding to copy filtered resources.
[INFO] Using 'UTF-8' encoding to copy filtered properties files.
[INFO] skip non existing resourceDirectory /app/dolphinscheduler-datasource-plugin/dolphinscheduler-datasource-sqlserver/src/main/resources
[INFO] Copying 3 resources
[INFO]
[INFO] --- compiler:3.13.0:compile (default-compile) @ dolphinscheduler-datasource-sqlserver ---
[INFO] Recompiling the module because of changed dependency.
[INFO] Compiling 7 source files with javac [debug target 17] to target/classes
[WARNING] system modules path not set in conjunction with -source 17
[INFO] Annotation processing is enabled because one or more processors were found
  on the class path. A future release of javac may disable annotation processing
  unless at least one processor is specified by name (-processor), or a search
  path is specified (--processor-path, --processor-module-path), or annotation
  processing is enabled explicitly (-proc:only, -proc:full).
  Use -Xlint:-options to suppress this message.
  Use -proc:none to disable annotation processing.
[INFO]
[INFO] --- spotless:2.27.2:check (default) @ dolphinscheduler-datasource-sqlserver ---
[INFO] Spotless check skipped
[INFO]
[INFO] --< org.apache.dolphinscheduler:dolphinscheduler-datasource-redshift >--
[INFO] Building dolphinscheduler-datasource-redshift 3.4.2-SNAPSHOT    [92/138]
[INFO]   from dolphinscheduler-datasource-plugin/dolphinscheduler-datasource-redshift/pom.xml
[INFO] --------------------------------[ jar ]---------------------------------
[INFO]
[INFO] --- clean:3.1.0:clean (default-clean) @ dolphinscheduler-datasource-redshift ---
[INFO] Deleting /app/dolphinscheduler-datasource-plugin/dolphinscheduler-datasource-redshift/target
[INFO]
[INFO] --- enforcer:3.0.0:enforce (enforce-maven-version) @ dolphinscheduler-datasource-redshift ---
[INFO]
[INFO] --- enforcer:3.0.0:enforce (enforce-java-version) @ dolphinscheduler-datasource-redshift ---
[INFO]
[INFO] --- remote-resources:1.7.0:process (process-resource-bundles) @ dolphinscheduler-datasource-redshift ---
[INFO] Preparing remote bundle org.apache:apache-jar-resource-bundle:1.4
[INFO] Copying 3 resources from 1 bundle.
[INFO]
[INFO] --- resources:3.2.0:resources (default-resources) @ dolphinscheduler-datasource-redshift ---
[INFO] Using 'UTF-8' encoding to copy filtered resources.
[INFO] Using 'UTF-8' encoding to copy filtered properties files.
[INFO] skip non existing resourceDirectory /app/dolphinscheduler-datasource-plugin/dolphinscheduler-datasource-redshift/src/main/resources
[INFO] Copying 3 resources
[INFO]
[INFO] --- compiler:3.13.0:compile (default-compile) @ dolphinscheduler-datasource-redshift ---
[INFO] Recompiling the module because of changed dependency.
[INFO] Compiling 8 source files with javac [debug target 17] to target/classes
[WARNING] system modules path not set in conjunction with -source 17
[INFO] Annotation processing is enabled because one or more processors were found
  on the class path. A future release of javac may disable annotation processing
  unless at least one processor is specified by name (-processor), or a search
  path is specified (--processor-path, --processor-module-path), or annotation
  processing is enabled explicitly (-proc:only, -proc:full).
  Use -Xlint:-options to suppress this message.
  Use -proc:none to disable annotation processing.
[INFO]
[INFO] --- spotless:2.27.2:check (default) @ dolphinscheduler-datasource-redshift ---
[INFO] Spotless check skipped
[INFO]
[INFO] ---< org.apache.dolphinscheduler:dolphinscheduler-datasource-athena >---
[INFO] Building dolphinscheduler-datasource-athena 3.4.2-SNAPSHOT      [93/138]
[INFO]   from dolphinscheduler-datasource-plugin/dolphinscheduler-datasource-athena/pom.xml
[INFO] --------------------------------[ jar ]---------------------------------
[INFO]
[INFO] --- clean:3.1.0:clean (default-clean) @ dolphinscheduler-datasource-athena ---
[INFO] Deleting /app/dolphinscheduler-datasource-plugin/dolphinscheduler-datasource-athena/target
[INFO]
[INFO] --- enforcer:3.0.0:enforce (enforce-maven-version) @ dolphinscheduler-datasource-athena ---
[INFO]
[INFO] --- enforcer:3.0.0:enforce (enforce-java-version) @ dolphinscheduler-datasource-athena ---
[INFO]
[INFO] --- remote-resources:1.7.0:process (process-resource-bundles) @ dolphinscheduler-datasource-athena ---
[INFO] Preparing remote bundle org.apache:apache-jar-resource-bundle:1.4
[INFO] Copying 3 resources from 1 bundle.
[INFO]
[INFO] --- resources:3.2.0:resources (default-resources) @ dolphinscheduler-datasource-athena ---
[INFO] Using 'UTF-8' encoding to copy filtered resources.
[INFO] Using 'UTF-8' encoding to copy filtered properties files.
[INFO] skip non existing resourceDirectory /app/dolphinscheduler-datasource-plugin/dolphinscheduler-datasource-athena/src/main/resources
[INFO] Copying 3 resources
[INFO]
[INFO] --- compiler:3.13.0:compile (default-compile) @ dolphinscheduler-datasource-athena ---
[INFO] Recompiling the module because of changed dependency.
[INFO] Compiling 7 source files with javac [debug target 17] to target/classes
[WARNING] system modules path not set in conjunction with -source 17
[INFO] Annotation processing is enabled because one or more processors were found
  on the class path. A future release of javac may disable annotation processing
  unless at least one processor is specified by name (-processor), or a search
  path is specified (--processor-path, --processor-module-path), or annotation
  processing is enabled explicitly (-proc:only, -proc:full).
  Use -Xlint:-options to suppress this message.
  Use -proc:none to disable annotation processing.
[INFO]
[INFO] --- spotless:2.27.2:check (default) @ dolphinscheduler-datasource-athena ---
[INFO] Spotless check skipped
[INFO]
[INFO] ---< org.apache.dolphinscheduler:dolphinscheduler-datasource-spark >----
[INFO] Building dolphinscheduler-datasource-spark 3.4.2-SNAPSHOT       [94/138]
[INFO]   from dolphinscheduler-datasource-plugin/dolphinscheduler-datasource-spark/pom.xml
[INFO] --------------------------------[ jar ]---------------------------------
[INFO]
[INFO] --- clean:3.1.0:clean (default-clean) @ dolphinscheduler-datasource-spark ---
[INFO] Deleting /app/dolphinscheduler-datasource-plugin/dolphinscheduler-datasource-spark/target
[INFO]
[INFO] --- enforcer:3.0.0:enforce (enforce-maven-version) @ dolphinscheduler-datasource-spark ---
[INFO]
[INFO] --- enforcer:3.0.0:enforce (enforce-java-version) @ dolphinscheduler-datasource-spark ---
[INFO]
[INFO] --- remote-resources:1.7.0:process (process-resource-bundles) @ dolphinscheduler-datasource-spark ---
[INFO] Preparing remote bundle org.apache:apache-jar-resource-bundle:1.4
[INFO] Copying 3 resources from 1 bundle.
[INFO]
[INFO] --- resources:3.2.0:resources (default-resources) @ dolphinscheduler-datasource-spark ---
[INFO] Using 'UTF-8' encoding to copy filtered resources.
[INFO] Using 'UTF-8' encoding to copy filtered properties files.
[INFO] skip non existing resourceDirectory /app/dolphinscheduler-datasource-plugin/dolphinscheduler-datasource-spark/src/main/resources
[INFO] Copying 3 resources
[INFO]
[INFO] --- compiler:3.13.0:compile (default-compile) @ dolphinscheduler-datasource-spark ---
[INFO] Recompiling the module because of changed dependency.
[INFO] Compiling 7 source files with javac [debug target 17] to target/classes
[WARNING] system modules path not set in conjunction with -source 17
[INFO] Annotation processing is enabled because one or more processors were found
  on the class path. A future release of javac may disable annotation processing
  unless at least one processor is specified by name (-processor), or a search
  path is specified (--processor-path, --processor-module-path), or annotation
  processing is enabled explicitly (-proc:only, -proc:full).
  Use -Xlint:-options to suppress this message.
  Use -proc:none to disable annotation processing.
[INFO]
[INFO] --- spotless:2.27.2:check (default) @ dolphinscheduler-datasource-spark ---
[INFO] Spotless check skipped
[INFO]
[INFO] ---< org.apache.dolphinscheduler:dolphinscheduler-datasource-presto >---
[INFO] Building dolphinscheduler-datasource-presto 3.4.2-SNAPSHOT      [95/138]
[INFO]   from dolphinscheduler-datasource-plugin/dolphinscheduler-datasource-presto/pom.xml
[INFO] --------------------------------[ jar ]---------------------------------
[INFO]
[INFO] --- clean:3.1.0:clean (default-clean) @ dolphinscheduler-datasource-presto ---
[INFO] Deleting /app/dolphinscheduler-datasource-plugin/dolphinscheduler-datasource-presto/target
[INFO]
[INFO] --- enforcer:3.0.0:enforce (enforce-maven-version) @ dolphinscheduler-datasource-presto ---
[INFO]
[INFO] --- enforcer:3.0.0:enforce (enforce-java-version) @ dolphinscheduler-datasource-presto ---
[INFO]
[INFO] --- remote-resources:1.7.0:process (process-resource-bundles) @ dolphinscheduler-datasource-presto ---
[INFO] Preparing remote bundle org.apache:apache-jar-resource-bundle:1.4
[INFO] Copying 3 resources from 1 bundle.
[INFO]
[INFO] --- resources:3.2.0:resources (default-resources) @ dolphinscheduler-datasource-presto ---
[INFO] Using 'UTF-8' encoding to copy filtered resources.
[INFO] Using 'UTF-8' encoding to copy filtered properties files.
[INFO] skip non existing resourceDirectory /app/dolphinscheduler-datasource-plugin/dolphinscheduler-datasource-presto/src/main/resources
[INFO] Copying 3 resources
[INFO]
[INFO] --- compiler:3.13.0:compile (default-compile) @ dolphinscheduler-datasource-presto ---
[INFO] Recompiling the module because of changed dependency.
[INFO] Compiling 7 source files with javac [debug target 17] to target/classes
[WARNING] system modules path not set in conjunction with -source 17
[INFO] Annotation processing is enabled because one or more processors were found
  on the class path. A future release of javac may disable annotation processing
  unless at least one processor is specified by name (-processor), or a search
  path is specified (--processor-path, --processor-module-path), or annotation
  processing is enabled explicitly (-proc:only, -proc:full).
  Use -Xlint:-options to suppress this message.
  Use -proc:none to disable annotation processing.
[INFO]
[INFO] --- spotless:2.27.2:check (default) @ dolphinscheduler-datasource-presto ---
[INFO] Spotless check skipped
[INFO]
[INFO] ---< org.apache.dolphinscheduler:dolphinscheduler-datasource-trino >----
[INFO] Building dolphinscheduler-datasource-trino 3.4.2-SNAPSHOT       [96/138]
[INFO]   from dolphinscheduler-datasource-plugin/dolphinscheduler-datasource-trino/pom.xml
[INFO] --------------------------------[ jar ]---------------------------------
[INFO]
[INFO] --- clean:3.1.0:clean (default-clean) @ dolphinscheduler-datasource-trino ---
[INFO] Deleting /app/dolphinscheduler-datasource-plugin/dolphinscheduler-datasource-trino/target
[INFO]
[INFO] --- enforcer:3.0.0:enforce (enforce-maven-version) @ dolphinscheduler-datasource-trino ---
[INFO]
[INFO] --- enforcer:3.0.0:enforce (enforce-java-version) @ dolphinscheduler-datasource-trino ---
[INFO]
[INFO] --- remote-resources:1.7.0:process (process-resource-bundles) @ dolphinscheduler-datasource-trino ---
[INFO] Preparing remote bundle org.apache:apache-jar-resource-bundle:1.4
[INFO] Copying 3 resources from 1 bundle.
[INFO]
[INFO] --- resources:3.2.0:resources (default-resources) @ dolphinscheduler-datasource-trino ---
[INFO] Using 'UTF-8' encoding to copy filtered resources.
[INFO] Using 'UTF-8' encoding to copy filtered properties files.
[INFO] skip non existing resourceDirectory /app/dolphinscheduler-datasource-plugin/dolphinscheduler-datasource-trino/src/main/resources
[INFO] Copying 3 resources
[INFO]
[INFO] --- compiler:3.13.0:compile (default-compile) @ dolphinscheduler-datasource-trino ---
[INFO] Recompiling the module because of changed dependency.
[INFO] Compiling 7 source files with javac [debug target 17] to target/classes
[WARNING] system modules path not set in conjunction with -source 17
[INFO] Annotation processing is enabled because one or more processors were found
  on the class path. A future release of javac may disable annotation processing
  unless at least one processor is specified by name (-processor), or a search
  path is specified (--processor-path, --processor-module-path), or annotation
  processing is enabled explicitly (-proc:only, -proc:full).
  Use -Xlint:-options to suppress this message.
  Use -proc:none to disable annotation processing.
[INFO]
[INFO] --- spotless:2.27.2:check (default) @ dolphinscheduler-datasource-trino ---
[INFO] Spotless check skipped
[INFO]
[INFO] --< org.apache.dolphinscheduler:dolphinscheduler-datasource-starrocks >--
[INFO] Building dolphinscheduler-datasource-starrocks 3.4.2-SNAPSHOT   [97/138]
[INFO]   from dolphinscheduler-datasource-plugin/dolphinscheduler-datasource-starrocks/pom.xml
[INFO] --------------------------------[ jar ]---------------------------------
[INFO]
[INFO] --- clean:3.1.0:clean (default-clean) @ dolphinscheduler-datasource-starrocks ---
[INFO] Deleting /app/dolphinscheduler-datasource-plugin/dolphinscheduler-datasource-starrocks/target
[INFO]
[INFO] --- enforcer:3.0.0:enforce (enforce-maven-version) @ dolphinscheduler-datasource-starrocks ---
[INFO]
[INFO] --- enforcer:3.0.0:enforce (enforce-java-version) @ dolphinscheduler-datasource-starrocks ---
[INFO]
[INFO] --- remote-resources:1.7.0:process (process-resource-bundles) @ dolphinscheduler-datasource-starrocks ---
[INFO] Preparing remote bundle org.apache:apache-jar-resource-bundle:1.4
[INFO] Copying 3 resources from 1 bundle.
[INFO]
[INFO] --- resources:3.2.0:resources (default-resources) @ dolphinscheduler-datasource-starrocks ---
[INFO] Using 'UTF-8' encoding to copy filtered resources.
[INFO] Using 'UTF-8' encoding to copy filtered properties files.
[INFO] skip non existing resourceDirectory /app/dolphinscheduler-datasource-plugin/dolphinscheduler-datasource-starrocks/src/main/resources
[INFO] Copying 3 resources
[INFO]
[INFO] --- compiler:3.13.0:compile (default-compile) @ dolphinscheduler-datasource-starrocks ---
[INFO] Recompiling the module because of changed dependency.
[INFO] Compiling 7 source files with javac [debug target 17] to target/classes
[WARNING] system modules path not set in conjunction with -source 17
[INFO] Annotation processing is enabled because one or more processors were found
  on the class path. A future release of javac may disable annotation processing
  unless at least one processor is specified by name (-processor), or a search
  path is specified (--processor-path, --processor-module-path), or annotation
  processing is enabled explicitly (-proc:only, -proc:full).
  Use -Xlint:-options to suppress this message.
  Use -proc:none to disable annotation processing.
[INFO]
[INFO] --- spotless:2.27.2:check (default) @ dolphinscheduler-datasource-starrocks ---
[INFO] Spotless check skipped
[INFO]
[INFO] --< org.apache.dolphinscheduler:dolphinscheduler-datasource-azure-sql >--
[INFO] Building dolphinscheduler-datasource-azure-sql 3.4.2-SNAPSHOT   [98/138]
[INFO]   from dolphinscheduler-datasource-plugin/dolphinscheduler-datasource-azure-sql/pom.xml
[INFO] --------------------------------[ jar ]---------------------------------
[INFO]
[INFO] --- clean:3.1.0:clean (default-clean) @ dolphinscheduler-datasource-azure-sql ---
[INFO] Deleting /app/dolphinscheduler-datasource-plugin/dolphinscheduler-datasource-azure-sql/target
[INFO]
[INFO] --- enforcer:3.0.0:enforce (enforce-maven-version) @ dolphinscheduler-datasource-azure-sql ---
[INFO]
[INFO] --- enforcer:3.0.0:enforce (enforce-java-version) @ dolphinscheduler-datasource-azure-sql ---
[INFO]
[INFO] --- remote-resources:1.7.0:process (process-resource-bundles) @ dolphinscheduler-datasource-azure-sql ---
[INFO] Preparing remote bundle org.apache:apache-jar-resource-bundle:1.4
[INFO] Copying 3 resources from 1 bundle.
[INFO]
[INFO] --- resources:3.2.0:resources (default-resources) @ dolphinscheduler-datasource-azure-sql ---
[INFO] Using 'UTF-8' encoding to copy filtered resources.
[INFO] Using 'UTF-8' encoding to copy filtered properties files.
[INFO] skip non existing resourceDirectory /app/dolphinscheduler-datasource-plugin/dolphinscheduler-datasource-azure-sql/src/main/resources
[INFO] Copying 3 resources
[INFO]
[INFO] --- compiler:3.13.0:compile (default-compile) @ dolphinscheduler-datasource-azure-sql ---
[INFO] Recompiling the module because of changed dependency.
[INFO] Compiling 8 source files with javac [debug target 17] to target/classes
[WARNING] system modules path not set in conjunction with -source 17
[INFO] Annotation processing is enabled because one or more processors were found
  on the class path. A future release of javac may disable annotation processing
  unless at least one processor is specified by name (-processor), or a search
  path is specified (--processor-path, --processor-module-path), or annotation
  processing is enabled explicitly (-proc:only, -proc:full).
  Use -Xlint:-options to suppress this message.
  Use -proc:none to disable annotation processing.
[INFO]
[INFO] --- spotless:2.27.2:check (default) @ dolphinscheduler-datasource-azure-sql ---
[INFO] Spotless check skipped
[INFO]
[INFO] ---< org.apache.dolphinscheduler:dolphinscheduler-datasource-dameng >---
[INFO] Building dolphinscheduler-datasource-dameng 3.4.2-SNAPSHOT      [99/138]
[INFO]   from dolphinscheduler-datasource-plugin/dolphinscheduler-datasource-dameng/pom.xml
[INFO] --------------------------------[ jar ]---------------------------------
[INFO]
[INFO] --- clean:3.1.0:clean (default-clean) @ dolphinscheduler-datasource-dameng ---
[INFO] Deleting /app/dolphinscheduler-datasource-plugin/dolphinscheduler-datasource-dameng/target
[INFO]
[INFO] --- enforcer:3.0.0:enforce (enforce-maven-version) @ dolphinscheduler-datasource-dameng ---
[INFO]
[INFO] --- enforcer:3.0.0:enforce (enforce-java-version) @ dolphinscheduler-datasource-dameng ---
[INFO]
[INFO] --- remote-resources:1.7.0:process (process-resource-bundles) @ dolphinscheduler-datasource-dameng ---
[INFO] Preparing remote bundle org.apache:apache-jar-resource-bundle:1.4
[INFO] Copying 3 resources from 1 bundle.
[INFO]
[INFO] --- resources:3.2.0:resources (default-resources) @ dolphinscheduler-datasource-dameng ---
[INFO] Using 'UTF-8' encoding to copy filtered resources.
[INFO] Using 'UTF-8' encoding to copy filtered properties files.
[INFO] skip non existing resourceDirectory /app/dolphinscheduler-datasource-plugin/dolphinscheduler-datasource-dameng/src/main/resources
[INFO] Copying 3 resources
[INFO]
[INFO] --- compiler:3.13.0:compile (default-compile) @ dolphinscheduler-datasource-dameng ---
[INFO] Recompiling the module because of changed dependency.
[INFO] Compiling 7 source files with javac [debug target 17] to target/classes
[WARNING] system modules path not set in conjunction with -source 17
[INFO] Annotation processing is enabled because one or more processors were found
  on the class path. A future release of javac may disable annotation processing
  unless at least one processor is specified by name (-processor), or a search
  path is specified (--processor-path, --processor-module-path), or annotation
  processing is enabled explicitly (-proc:only, -proc:full).
  Use -Xlint:-options to suppress this message.
  Use -proc:none to disable annotation processing.
[INFO]
[INFO] --- spotless:2.27.2:check (default) @ dolphinscheduler-datasource-dameng ---
[INFO] Spotless check skipped
[INFO]
[INFO] --< org.apache.dolphinscheduler:dolphinscheduler-datasource-snowflake >--
[INFO] Building dolphinscheduler-datasource-snowflake 3.4.2-SNAPSHOT  [100/138]
[INFO]   from dolphinscheduler-datasource-plugin/dolphinscheduler-datasource-snowflake/pom.xml
[INFO] --------------------------------[ jar ]---------------------------------
[INFO]
[INFO] --- clean:3.1.0:clean (default-clean) @ dolphinscheduler-datasource-snowflake ---
[INFO] Deleting /app/dolphinscheduler-datasource-plugin/dolphinscheduler-datasource-snowflake/target
[INFO]
[INFO] --- enforcer:3.0.0:enforce (enforce-maven-version) @ dolphinscheduler-datasource-snowflake ---
[INFO]
[INFO] --- enforcer:3.0.0:enforce (enforce-java-version) @ dolphinscheduler-datasource-snowflake ---
[INFO]
[INFO] --- remote-resources:1.7.0:process (process-resource-bundles) @ dolphinscheduler-datasource-snowflake ---
[INFO] Preparing remote bundle org.apache:apache-jar-resource-bundle:1.4
[INFO] Copying 3 resources from 1 bundle.
[INFO]
[INFO] --- resources:3.2.0:resources (default-resources) @ dolphinscheduler-datasource-snowflake ---
[INFO] Using 'UTF-8' encoding to copy filtered resources.
[INFO] Using 'UTF-8' encoding to copy filtered properties files.
[INFO] skip non existing resourceDirectory /app/dolphinscheduler-datasource-plugin/dolphinscheduler-datasource-snowflake/src/main/resources
[INFO] Copying 3 resources
[INFO]
[INFO] --- compiler:3.13.0:compile (default-compile) @ dolphinscheduler-datasource-snowflake ---
[INFO] Recompiling the module because of changed dependency.
[INFO] Compiling 7 source files with javac [debug target 17] to target/classes
[WARNING] system modules path not set in conjunction with -source 17
[INFO] Annotation processing is enabled because one or more processors were found
  on the class path. A future release of javac may disable annotation processing
  unless at least one processor is specified by name (-processor), or a search
  path is specified (--processor-path, --processor-module-path), or annotation
  processing is enabled explicitly (-proc:only, -proc:full).
  Use -Xlint:-options to suppress this message.
  Use -proc:none to disable annotation processing.
[INFO]
[INFO] --- spotless:2.27.2:check (default) @ dolphinscheduler-datasource-snowflake ---
[INFO] Spotless check skipped
[INFO]
[INFO] ---< org.apache.dolphinscheduler:dolphinscheduler-datasource-kyuubi >---
[INFO] Building dolphinscheduler-datasource-kyuubi 3.4.2-SNAPSHOT     [101/138]
[INFO]   from dolphinscheduler-datasource-plugin/dolphinscheduler-datasource-kyuubi/pom.xml
[INFO] --------------------------------[ jar ]---------------------------------
[INFO]
[INFO] --- clean:3.1.0:clean (default-clean) @ dolphinscheduler-datasource-kyuubi ---
[INFO] Deleting /app/dolphinscheduler-datasource-plugin/dolphinscheduler-datasource-kyuubi/target
[INFO]
[INFO] --- enforcer:3.0.0:enforce (enforce-maven-version) @ dolphinscheduler-datasource-kyuubi ---
[INFO]
[INFO] --- enforcer:3.0.0:enforce (enforce-java-version) @ dolphinscheduler-datasource-kyuubi ---
[INFO]
[INFO] --- remote-resources:1.7.0:process (process-resource-bundles) @ dolphinscheduler-datasource-kyuubi ---
[INFO] Preparing remote bundle org.apache:apache-jar-resource-bundle:1.4
[INFO] Copying 3 resources from 1 bundle.
[INFO]
[INFO] --- resources:3.2.0:resources (default-resources) @ dolphinscheduler-datasource-kyuubi ---
[INFO] Using 'UTF-8' encoding to copy filtered resources.
[INFO] Using 'UTF-8' encoding to copy filtered properties files.
[INFO] skip non existing resourceDirectory /app/dolphinscheduler-datasource-plugin/dolphinscheduler-datasource-kyuubi/src/main/resources
[INFO] Copying 3 resources
[INFO]
[INFO] --- compiler:3.13.0:compile (default-compile) @ dolphinscheduler-datasource-kyuubi ---
[INFO] Recompiling the module because of changed dependency.
[INFO] Compiling 7 source files with javac [debug target 17] to target/classes
[WARNING] system modules path not set in conjunction with -source 17
[INFO] Annotation processing is enabled because one or more processors were found
  on the class path. A future release of javac may disable annotation processing
  unless at least one processor is specified by name (-processor), or a search
  path is specified (--processor-path, --processor-module-path), or annotation
  processing is enabled explicitly (-proc:only, -proc:full).
  Use -Xlint:-options to suppress this message.
  Use -proc:none to disable annotation processing.
[INFO]
[INFO] --- spotless:2.27.2:check (default) @ dolphinscheduler-datasource-kyuubi ---
[INFO] Spotless check skipped
[INFO]
[INFO] --< org.apache.dolphinscheduler:dolphinscheduler-datasource-vertica >---
[INFO] Building dolphinscheduler-datasource-vertica 3.4.2-SNAPSHOT    [102/138]
[INFO]   from dolphinscheduler-datasource-plugin/dolphinscheduler-datasource-vertica/pom.xml
[INFO] --------------------------------[ jar ]---------------------------------
[INFO]
[INFO] --- clean:3.1.0:clean (default-clean) @ dolphinscheduler-datasource-vertica ---
[INFO] Deleting /app/dolphinscheduler-datasource-plugin/dolphinscheduler-datasource-vertica/target
[INFO]
[INFO] --- enforcer:3.0.0:enforce (enforce-maven-version) @ dolphinscheduler-datasource-vertica ---
[INFO]
[INFO] --- enforcer:3.0.0:enforce (enforce-java-version) @ dolphinscheduler-datasource-vertica ---
[INFO]
[INFO] --- remote-resources:1.7.0:process (process-resource-bundles) @ dolphinscheduler-datasource-vertica ---
[INFO] Preparing remote bundle org.apache:apache-jar-resource-bundle:1.4
[INFO] Copying 3 resources from 1 bundle.
[INFO]
[INFO] --- resources:3.2.0:resources (default-resources) @ dolphinscheduler-datasource-vertica ---
[INFO] Using 'UTF-8' encoding to copy filtered resources.
[INFO] Using 'UTF-8' encoding to copy filtered properties files.
[INFO] skip non existing resourceDirectory /app/dolphinscheduler-datasource-plugin/dolphinscheduler-datasource-vertica/src/main/resources
[INFO] Copying 3 resources
[INFO]
[INFO] --- compiler:3.13.0:compile (default-compile) @ dolphinscheduler-datasource-vertica ---
[INFO] Recompiling the module because of changed dependency.
[INFO] Compiling 7 source files with javac [debug target 17] to target/classes
[WARNING] system modules path not set in conjunction with -source 17
[INFO] Annotation processing is enabled because one or more processors were found
  on the class path. A future release of javac may disable annotation processing
  unless at least one processor is specified by name (-processor), or a search
  path is specified (--processor-path, --processor-module-path), or annotation
  processing is enabled explicitly (-proc:only, -proc:full).
  Use -Xlint:-options to suppress this message.
  Use -proc:none to disable annotation processing.
[INFO]
[INFO] --- spotless:2.27.2:check (default) @ dolphinscheduler-datasource-vertica ---
[INFO] Spotless check skipped
[INFO]
[INFO] ---< org.apache.dolphinscheduler:dolphinscheduler-datasource-doris >----
[INFO] Building dolphinscheduler-datasource-doris 3.4.2-SNAPSHOT      [103/138]
[INFO]   from dolphinscheduler-datasource-plugin/dolphinscheduler-datasource-doris/pom.xml
[INFO] --------------------------------[ jar ]---------------------------------
[INFO]
[INFO] --- clean:3.1.0:clean (default-clean) @ dolphinscheduler-datasource-doris ---
[INFO] Deleting /app/dolphinscheduler-datasource-plugin/dolphinscheduler-datasource-doris/target
[INFO]
[INFO] --- enforcer:3.0.0:enforce (enforce-maven-version) @ dolphinscheduler-datasource-doris ---
[INFO]
[INFO] --- enforcer:3.0.0:enforce (enforce-java-version) @ dolphinscheduler-datasource-doris ---
[INFO]
[INFO] --- remote-resources:1.7.0:process (process-resource-bundles) @ dolphinscheduler-datasource-doris ---
[INFO] Preparing remote bundle org.apache:apache-jar-resource-bundle:1.4
[INFO] Copying 3 resources from 1 bundle.
[INFO]
[INFO] --- resources:3.2.0:resources (default-resources) @ dolphinscheduler-datasource-doris ---
[INFO] Using 'UTF-8' encoding to copy filtered resources.
[INFO] Using 'UTF-8' encoding to copy filtered properties files.
[INFO] skip non existing resourceDirectory /app/dolphinscheduler-datasource-plugin/dolphinscheduler-datasource-doris/src/main/resources
[INFO] Copying 3 resources
[INFO]
[INFO] --- compiler:3.13.0:compile (default-compile) @ dolphinscheduler-datasource-doris ---
[INFO] Recompiling the module because of changed dependency.
[INFO] Compiling 7 source files with javac [debug target 17] to target/classes
[WARNING] system modules path not set in conjunction with -source 17
[INFO] Annotation processing is enabled because one or more processors were found
  on the class path. A future release of javac may disable annotation processing
  unless at least one processor is specified by name (-processor), or a search
  path is specified (--processor-path, --processor-module-path), or annotation
  processing is enabled explicitly (-proc:only, -proc:full).
  Use -Xlint:-options to suppress this message.
  Use -proc:none to disable annotation processing.
[INFO]
[INFO] --- spotless:2.27.2:check (default) @ dolphinscheduler-datasource-doris ---
[INFO] Spotless check skipped
[INFO]
[INFO] ----< org.apache.dolphinscheduler:dolphinscheduler-datasource-hana >----
[INFO] Building dolphinscheduler-datasource-hana 3.4.2-SNAPSHOT       [104/138]
[INFO]   from dolphinscheduler-datasource-plugin/dolphinscheduler-datasource-hana/pom.xml
[INFO] --------------------------------[ jar ]---------------------------------
[INFO]
[INFO] --- clean:3.1.0:clean (default-clean) @ dolphinscheduler-datasource-hana ---
[INFO] Deleting /app/dolphinscheduler-datasource-plugin/dolphinscheduler-datasource-hana/target
[INFO]
[INFO] --- enforcer:3.0.0:enforce (enforce-maven-version) @ dolphinscheduler-datasource-hana ---
[INFO]
[INFO] --- enforcer:3.0.0:enforce (enforce-java-version) @ dolphinscheduler-datasource-hana ---
[INFO]
[INFO] --- remote-resources:1.7.0:process (process-resource-bundles) @ dolphinscheduler-datasource-hana ---
[INFO] Preparing remote bundle org.apache:apache-jar-resource-bundle:1.4
[INFO] Copying 3 resources from 1 bundle.
[INFO]
[INFO] --- resources:3.2.0:resources (default-resources) @ dolphinscheduler-datasource-hana ---
[INFO] Using 'UTF-8' encoding to copy filtered resources.
[INFO] Using 'UTF-8' encoding to copy filtered properties files.
[INFO] skip non existing resourceDirectory /app/dolphinscheduler-datasource-plugin/dolphinscheduler-datasource-hana/src/main/resources
[INFO] Copying 3 resources
[INFO]
[INFO] --- compiler:3.13.0:compile (default-compile) @ dolphinscheduler-datasource-hana ---
[INFO] Recompiling the module because of changed dependency.
[INFO] Compiling 7 source files with javac [debug target 17] to target/classes
[WARNING] system modules path not set in conjunction with -source 17
[INFO] Annotation processing is enabled because one or more processors were found
  on the class path. A future release of javac may disable annotation processing
  unless at least one processor is specified by name (-processor), or a search
  path is specified (--processor-path, --processor-module-path), or annotation
  processing is enabled explicitly (-proc:only, -proc:full).
  Use -Xlint:-options to suppress this message.
  Use -proc:none to disable annotation processing.
[INFO]
[INFO] --- spotless:2.27.2:check (default) @ dolphinscheduler-datasource-hana ---
[INFO] Spotless check skipped
[INFO]
[INFO] --< org.apache.dolphinscheduler:dolphinscheduler-datasource-aliyunserverlessspark >--
[INFO] Building dolphinscheduler-datasource-aliyunserverlessspark 3.4.2-SNAPSHOT [105/138]
[INFO]   from dolphinscheduler-datasource-plugin/dolphinscheduler-datasource-aliyunserverlessspark/pom.xml
[INFO] --------------------------------[ jar ]---------------------------------
[INFO]
[INFO] --- clean:3.1.0:clean (default-clean) @ dolphinscheduler-datasource-aliyunserverlessspark ---
[INFO] Deleting /app/dolphinscheduler-datasource-plugin/dolphinscheduler-datasource-aliyunserverlessspark/target
[INFO]
[INFO] --- enforcer:3.0.0:enforce (enforce-maven-version) @ dolphinscheduler-datasource-aliyunserverlessspark ---
[INFO]
[INFO] --- enforcer:3.0.0:enforce (enforce-java-version) @ dolphinscheduler-datasource-aliyunserverlessspark ---
[INFO]
[INFO] --- remote-resources:1.7.0:process (process-resource-bundles) @ dolphinscheduler-datasource-aliyunserverlessspark ---
[INFO] Preparing remote bundle org.apache:apache-jar-resource-bundle:1.4
[INFO] Copying 3 resources from 1 bundle.
[INFO]
[INFO] --- resources:3.2.0:resources (default-resources) @ dolphinscheduler-datasource-aliyunserverlessspark ---
[INFO] Using 'UTF-8' encoding to copy filtered resources.
[INFO] Using 'UTF-8' encoding to copy filtered properties files.
[INFO] skip non existing resourceDirectory /app/dolphinscheduler-datasource-plugin/dolphinscheduler-datasource-aliyunserverlessspark/src/main/resources
[INFO] Copying 3 resources
[INFO]
[INFO] --- compiler:3.13.0:compile (default-compile) @ dolphinscheduler-datasource-aliyunserverlessspark ---
[INFO] Recompiling the module because of changed dependency.
[INFO] Compiling 8 source files with javac [debug target 17] to target/classes
[WARNING] system modules path not set in conjunction with -source 17
[INFO] Annotation processing is enabled because one or more processors were found
  on the class path. A future release of javac may disable annotation processing
  unless at least one processor is specified by name (-processor), or a search
  path is specified (--processor-path, --processor-module-path), or annotation
  processing is enabled explicitly (-proc:only, -proc:full).
  Use -Xlint:-options to suppress this message.
  Use -proc:none to disable annotation processing.
[WARNING] /app/dolphinscheduler-datasource-plugin/dolphinscheduler-datasource-aliyunserverlessspark/src/main/java/org/apache/dolphinscheduler/plugin/datasource/aliyunserverlessspark/param/AliyunServerlessSparkDataSourceParamDTO.java:[25,1] Generating equals/hashCode implementation but without a call to superclass, even though this class does not extend java.lang.Object. If this is intentional, add '@EqualsAndHashCode(callSuper=false)' to your type.
[INFO]
[INFO] --- spotless:2.27.2:check (default) @ dolphinscheduler-datasource-aliyunserverlessspark ---
[INFO] Spotless check skipped
[INFO]
[INFO] --< org.apache.dolphinscheduler:dolphinscheduler-datasource-dolphindb >--
[INFO] Building dolphinscheduler-datasource-dolphindb 3.4.2-SNAPSHOT  [106/138]
[INFO]   from dolphinscheduler-datasource-plugin/dolphinscheduler-datasource-dolphindb/pom.xml
[INFO] --------------------------------[ jar ]---------------------------------
[INFO]
[INFO] --- clean:3.1.0:clean (default-clean) @ dolphinscheduler-datasource-dolphindb ---
[INFO] Deleting /app/dolphinscheduler-datasource-plugin/dolphinscheduler-datasource-dolphindb/target
[INFO]
[INFO] --- enforcer:3.0.0:enforce (enforce-maven-version) @ dolphinscheduler-datasource-dolphindb ---
[INFO]
[INFO] --- enforcer:3.0.0:enforce (enforce-java-version) @ dolphinscheduler-datasource-dolphindb ---
[INFO]
[INFO] --- remote-resources:1.7.0:process (process-resource-bundles) @ dolphinscheduler-datasource-dolphindb ---
[INFO] Preparing remote bundle org.apache:apache-jar-resource-bundle:1.4
[INFO] Copying 3 resources from 1 bundle.
[INFO]
[INFO] --- resources:3.2.0:resources (default-resources) @ dolphinscheduler-datasource-dolphindb ---
[INFO] Using 'UTF-8' encoding to copy filtered resources.
[INFO] Using 'UTF-8' encoding to copy filtered properties files.
[INFO] skip non existing resourceDirectory /app/dolphinscheduler-datasource-plugin/dolphinscheduler-datasource-dolphindb/src/main/resources
[INFO] Copying 3 resources
[INFO]
[INFO] --- compiler:3.13.0:compile (default-compile) @ dolphinscheduler-datasource-dolphindb ---
[INFO] Recompiling the module because of changed dependency.
[INFO] Compiling 7 source files with javac [debug target 17] to target/classes
[WARNING] system modules path not set in conjunction with -source 17
[INFO] Annotation processing is enabled because one or more processors were found
  on the class path. A future release of javac may disable annotation processing
  unless at least one processor is specified by name (-processor), or a search
  path is specified (--processor-path, --processor-module-path), or annotation
  processing is enabled explicitly (-proc:only, -proc:full).
  Use -Xlint:-options to suppress this message.
  Use -proc:none to disable annotation processing.
[INFO]
[INFO] --- spotless:2.27.2:check (default) @ dolphinscheduler-datasource-dolphindb ---
[INFO] Spotless check skipped
[INFO]
[INFO] ----< org.apache.dolphinscheduler:dolphinscheduler-datasource-all >-----
[INFO] Building dolphinscheduler-datasource-all 3.4.2-SNAPSHOT        [107/138]
[INFO]   from dolphinscheduler-datasource-plugin/dolphinscheduler-datasource-all/pom.xml
[INFO] --------------------------------[ jar ]---------------------------------
[INFO]
[INFO] --- clean:3.1.0:clean (default-clean) @ dolphinscheduler-datasource-all ---
[INFO] Deleting /app/dolphinscheduler-datasource-plugin/dolphinscheduler-datasource-all/target
[INFO]
[INFO] --- enforcer:3.0.0:enforce (enforce-maven-version) @ dolphinscheduler-datasource-all ---
[INFO]
[INFO] --- enforcer:3.0.0:enforce (enforce-java-version) @ dolphinscheduler-datasource-all ---
[INFO]
[INFO] --- remote-resources:1.7.0:process (process-resource-bundles) @ dolphinscheduler-datasource-all ---
[INFO] Preparing remote bundle org.apache:apache-jar-resource-bundle:1.4
[INFO] Copying 3 resources from 1 bundle.
[INFO]
[INFO] --- resources:3.2.0:resources (default-resources) @ dolphinscheduler-datasource-all ---
[INFO] Using 'UTF-8' encoding to copy filtered resources.
[INFO] Using 'UTF-8' encoding to copy filtered properties files.
[INFO] skip non existing resourceDirectory /app/dolphinscheduler-datasource-plugin/dolphinscheduler-datasource-all/src/main/resources
[INFO] Copying 3 resources
[INFO]
[INFO] --- compiler:3.13.0:compile (default-compile) @ dolphinscheduler-datasource-all ---
[INFO] No sources to compile
[INFO]
[INFO] --- spotless:2.27.2:check (default) @ dolphinscheduler-datasource-all ---
[INFO] Spotless check skipped
[INFO]
[INFO] --< org.apache.dolphinscheduler:dolphinscheduler-task-aliyunserverlessspark >--
[INFO] Building dolphinscheduler-task-aliyunserverlessspark 3.4.2-SNAPSHOT [108/138]
[INFO]   from dolphinscheduler-task-plugin/dolphinscheduler-task-aliyunserverlessspark/pom.xml
[INFO] --------------------------------[ jar ]---------------------------------
[INFO]
[INFO] --- clean:3.1.0:clean (default-clean) @ dolphinscheduler-task-aliyunserverlessspark ---
[INFO] Deleting /app/dolphinscheduler-task-plugin/dolphinscheduler-task-aliyunserverlessspark/target
[INFO]
[INFO] --- enforcer:3.0.0:enforce (enforce-maven-version) @ dolphinscheduler-task-aliyunserverlessspark ---
[INFO]
[INFO] --- enforcer:3.0.0:enforce (enforce-java-version) @ dolphinscheduler-task-aliyunserverlessspark ---
[INFO]
[INFO] --- remote-resources:1.7.0:process (process-resource-bundles) @ dolphinscheduler-task-aliyunserverlessspark ---
[INFO] Preparing remote bundle org.apache:apache-jar-resource-bundle:1.4
[INFO] Copying 3 resources from 1 bundle.
[INFO]
[INFO] --- resources:3.2.0:resources (default-resources) @ dolphinscheduler-task-aliyunserverlessspark ---
[INFO] Using 'UTF-8' encoding to copy filtered resources.
[INFO] Using 'UTF-8' encoding to copy filtered properties files.
[INFO] skip non existing resourceDirectory /app/dolphinscheduler-task-plugin/dolphinscheduler-task-aliyunserverlessspark/src/main/resources
[INFO] Copying 3 resources
[INFO]
[INFO] --- compiler:3.13.0:compile (default-compile) @ dolphinscheduler-task-aliyunserverlessspark ---
[INFO] Recompiling the module because of changed dependency.
[INFO] Compiling 6 source files with javac [debug target 17] to target/classes
[WARNING] system modules path not set in conjunction with -source 17
[INFO] Annotation processing is enabled because one or more processors were found
  on the class path. A future release of javac may disable annotation processing
  unless at least one processor is specified by name (-processor), or a search
  path is specified (--processor-path, --processor-module-path), or annotation
  processing is enabled explicitly (-proc:only, -proc:full).
  Use -Xlint:-options to suppress this message.
  Use -proc:none to disable annotation processing.
[WARNING] /app/dolphinscheduler-task-plugin/dolphinscheduler-task-aliyunserverlessspark/src/main/java/org/apache/dolphinscheduler/plugin/task/aliyunserverlessspark/AliyunServerlessSparkParameters.java:[29,1] Generating equals/hashCode implementation but without a call to superclass, even though this class does not extend java.lang.Object. If this is intentional, add '@EqualsAndHashCode(callSuper=false)' to your type.
[INFO]
[INFO] --- spotless:2.27.2:check (default) @ dolphinscheduler-task-aliyunserverlessspark ---
[INFO] Spotless check skipped
[INFO]
[INFO] -------< org.apache.dolphinscheduler:dolphinscheduler-task-all >--------
[INFO] Building dolphinscheduler-task-all 3.4.2-SNAPSHOT              [109/138]
[INFO]   from dolphinscheduler-task-plugin/dolphinscheduler-task-all/pom.xml
[INFO] --------------------------------[ jar ]---------------------------------
[INFO]
[INFO] --- clean:3.1.0:clean (default-clean) @ dolphinscheduler-task-all ---
[INFO] Deleting /app/dolphinscheduler-task-plugin/dolphinscheduler-task-all/target
[INFO]
[INFO] --- enforcer:3.0.0:enforce (enforce-maven-version) @ dolphinscheduler-task-all ---
[INFO]
[INFO] --- enforcer:3.0.0:enforce (enforce-java-version) @ dolphinscheduler-task-all ---
[INFO]
[INFO] --- remote-resources:1.7.0:process (process-resource-bundles) @ dolphinscheduler-task-all ---
[INFO] Preparing remote bundle org.apache:apache-jar-resource-bundle:1.4
[INFO] Copying 3 resources from 1 bundle.
[INFO]
[INFO] --- resources:3.2.0:resources (default-resources) @ dolphinscheduler-task-all ---
[INFO] Using 'UTF-8' encoding to copy filtered resources.
[INFO] Using 'UTF-8' encoding to copy filtered properties files.
[INFO] skip non existing resourceDirectory /app/dolphinscheduler-task-plugin/dolphinscheduler-task-all/src/main/resources
[INFO] Copying 3 resources
[INFO]
[INFO] --- compiler:3.13.0:compile (default-compile) @ dolphinscheduler-task-all ---
[INFO] No sources to compile
[INFO]
[INFO] --- spotless:2.27.2:check (default) @ dolphinscheduler-task-all ---
[INFO] Spotless check skipped
[INFO]
[INFO] ----< org.apache.dolphinscheduler:dolphinscheduler-extract-common >-----
[INFO] Building dolphinscheduler-extract-common 3.4.2-SNAPSHOT        [110/138]
[INFO]   from dolphinscheduler-extract/dolphinscheduler-extract-common/pom.xml
[INFO] --------------------------------[ jar ]---------------------------------
[INFO]
[INFO] --- clean:3.1.0:clean (default-clean) @ dolphinscheduler-extract-common ---
[INFO] Deleting /app/dolphinscheduler-extract/dolphinscheduler-extract-common/target
[INFO]
[INFO] --- enforcer:3.0.0:enforce (enforce-maven-version) @ dolphinscheduler-extract-common ---
[INFO]
[INFO] --- enforcer:3.0.0:enforce (enforce-java-version) @ dolphinscheduler-extract-common ---
[INFO]
[INFO] --- remote-resources:1.7.0:process (process-resource-bundles) @ dolphinscheduler-extract-common ---
[INFO] Preparing remote bundle org.apache:apache-jar-resource-bundle:1.4
[INFO] Copying 3 resources from 1 bundle.
[INFO]
[INFO] --- resources:3.2.0:resources (default-resources) @ dolphinscheduler-extract-common ---
[INFO] Using 'UTF-8' encoding to copy filtered resources.
[INFO] Using 'UTF-8' encoding to copy filtered properties files.
[INFO] skip non existing resourceDirectory /app/dolphinscheduler-extract/dolphinscheduler-extract-common/src/main/resources
[INFO] Copying 3 resources
[INFO]
[INFO] --- compiler:3.13.0:compile (default-compile) @ dolphinscheduler-extract-common ---
[INFO] Recompiling the module because of changed dependency.
[INFO] Compiling 9 source files with javac [debug target 17] to target/classes
[WARNING] system modules path not set in conjunction with -source 17
[INFO] Annotation processing is enabled because one or more processors were found
  on the class path. A future release of javac may disable annotation processing
  unless at least one processor is specified by name (-processor), or a search
  path is specified (--processor-path, --processor-module-path), or annotation
  processing is enabled explicitly (-proc:only, -proc:full).
  Use -Xlint:-options to suppress this message.
  Use -proc:none to disable annotation processing.
[INFO]
[INFO] --- spotless:2.27.2:check (default) @ dolphinscheduler-extract-common ---
[INFO] Spotless check skipped
[INFO]
[INFO] -------< org.apache.dolphinscheduler:dolphinscheduler-eventbus >--------
[INFO] Building dolphinscheduler-eventbus 3.4.2-SNAPSHOT              [111/138]
[INFO]   from dolphinscheduler-eventbus/pom.xml
[INFO] --------------------------------[ jar ]---------------------------------
[INFO]
[INFO] --- clean:3.1.0:clean (default-clean) @ dolphinscheduler-eventbus ---
[INFO] Deleting /app/dolphinscheduler-eventbus/target
[INFO]
[INFO] --- enforcer:3.0.0:enforce (enforce-maven-version) @ dolphinscheduler-eventbus ---
[INFO]
[INFO] --- enforcer:3.0.0:enforce (enforce-java-version) @ dolphinscheduler-eventbus ---
[INFO]
[INFO] --- remote-resources:1.7.0:process (process-resource-bundles) @ dolphinscheduler-eventbus ---
[INFO] Preparing remote bundle org.apache:apache-jar-resource-bundle:1.4
[INFO] Copying 3 resources from 1 bundle.
[INFO]
[INFO] --- resources:3.2.0:resources (default-resources) @ dolphinscheduler-eventbus ---
[INFO] Using 'UTF-8' encoding to copy filtered resources.
[INFO] Using 'UTF-8' encoding to copy filtered properties files.
[INFO] skip non existing resourceDirectory /app/dolphinscheduler-eventbus/src/main/resources
[INFO] Copying 3 resources
[INFO]
[INFO] --- compiler:3.13.0:compile (default-compile) @ dolphinscheduler-eventbus ---
[INFO] Recompiling the module because of changed source code.
[INFO] Compiling 4 source files with javac [debug target 17] to target/classes
[WARNING] system modules path not set in conjunction with -source 17
[INFO] Annotation processing is enabled because one or more processors were found
  on the class path. A future release of javac may disable annotation processing
  unless at least one processor is specified by name (-processor), or a search
  path is specified (--processor-path, --processor-module-path), or annotation
  processing is enabled explicitly (-proc:only, -proc:full).
  Use -Xlint:-options to suppress this message.
  Use -proc:none to disable annotation processing.
[INFO]
[INFO] --- spotless:2.27.2:check (default) @ dolphinscheduler-eventbus ---
[INFO] Spotless check skipped
[INFO]
[INFO] -----< org.apache.dolphinscheduler:dolphinscheduler-task-executor >-----
[INFO] Building dolphinscheduler-task-executor 3.4.2-SNAPSHOT         [112/138]
[INFO]   from dolphinscheduler-task-executor/pom.xml
[INFO] --------------------------------[ jar ]---------------------------------
[INFO]
[INFO] --- clean:3.1.0:clean (default-clean) @ dolphinscheduler-task-executor ---
[INFO] Deleting /app/dolphinscheduler-task-executor/target
[INFO]
[INFO] --- enforcer:3.0.0:enforce (enforce-maven-version) @ dolphinscheduler-task-executor ---
[INFO]
[INFO] --- enforcer:3.0.0:enforce (enforce-java-version) @ dolphinscheduler-task-executor ---
[INFO]
[INFO] --- remote-resources:1.7.0:process (process-resource-bundles) @ dolphinscheduler-task-executor ---
[INFO] Preparing remote bundle org.apache:apache-jar-resource-bundle:1.4
[INFO] Copying 3 resources from 1 bundle.
[INFO]
[INFO] --- resources:3.2.0:resources (default-resources) @ dolphinscheduler-task-executor ---
[INFO] Using 'UTF-8' encoding to copy filtered resources.
[INFO] Using 'UTF-8' encoding to copy filtered properties files.
[INFO] skip non existing resourceDirectory /app/dolphinscheduler-task-executor/src/main/resources
[INFO] Copying 3 resources
[INFO]
[INFO] --- compiler:3.13.0:compile (default-compile) @ dolphinscheduler-task-executor ---
[INFO] Recompiling the module because of changed dependency.
[INFO] Compiling 57 source files with javac [debug target 17] to target/classes
[WARNING] system modules path not set in conjunction with -source 17
[INFO] Annotation processing is enabled because one or more processors were found
  on the class path. A future release of javac may disable annotation processing
  unless at least one processor is specified by name (-processor), or a search
  path is specified (--processor-path, --processor-module-path), or annotation
  processing is enabled explicitly (-proc:only, -proc:full).
  Use -Xlint:-options to suppress this message.
  Use -proc:none to disable annotation processing.
[INFO]
[INFO] --- spotless:2.27.2:check (default) @ dolphinscheduler-task-executor ---
[INFO] Spotless check skipped
[INFO]
[INFO] ----< org.apache.dolphinscheduler:dolphinscheduler-extract-master >-----
[INFO] Building dolphinscheduler-extract-master 3.4.2-SNAPSHOT        [113/138]
[INFO]   from dolphinscheduler-extract/dolphinscheduler-extract-master/pom.xml
[INFO] --------------------------------[ jar ]---------------------------------
[INFO]
[INFO] --- clean:3.1.0:clean (default-clean) @ dolphinscheduler-extract-master ---
[INFO] Deleting /app/dolphinscheduler-extract/dolphinscheduler-extract-master/target
[INFO]
[INFO] --- enforcer:3.0.0:enforce (enforce-maven-version) @ dolphinscheduler-extract-master ---
[INFO]
[INFO] --- enforcer:3.0.0:enforce (enforce-java-version) @ dolphinscheduler-extract-master ---
[INFO]
[INFO] --- remote-resources:1.7.0:process (process-resource-bundles) @ dolphinscheduler-extract-master ---
[INFO] Preparing remote bundle org.apache:apache-jar-resource-bundle:1.4
[INFO] Copying 3 resources from 1 bundle.
[INFO]
[INFO] --- resources:3.2.0:resources (default-resources) @ dolphinscheduler-extract-master ---
[INFO] Using 'UTF-8' encoding to copy filtered resources.
[INFO] Using 'UTF-8' encoding to copy filtered properties files.
[INFO] skip non existing resourceDirectory /app/dolphinscheduler-extract/dolphinscheduler-extract-master/src/main/resources
[INFO] Copying 3 resources
[INFO]
[INFO] --- compiler:3.13.0:compile (default-compile) @ dolphinscheduler-extract-master ---
[INFO] Recompiling the module because of changed dependency.
[INFO] Compiling 36 source files with javac [debug target 17] to target/classes
[WARNING] system modules path not set in conjunction with -source 17
[INFO] Annotation processing is enabled because one or more processors were found
  on the class path. A future release of javac may disable annotation processing
  unless at least one processor is specified by name (-processor), or a search
  path is specified (--processor-path, --processor-module-path), or annotation
  processing is enabled explicitly (-proc:only, -proc:full).
  Use -Xlint:-options to suppress this message.
  Use -proc:none to disable annotation processing.
[INFO]
[INFO] --- spotless:2.27.2:check (default) @ dolphinscheduler-extract-master ---
[INFO] Spotless check skipped
[INFO]
[INFO] ----< org.apache.dolphinscheduler:dolphinscheduler-extract-worker >-----
[INFO] Building dolphinscheduler-extract-worker 3.4.2-SNAPSHOT        [114/138]
[INFO]   from dolphinscheduler-extract/dolphinscheduler-extract-worker/pom.xml
[INFO] --------------------------------[ jar ]---------------------------------
[INFO]
[INFO] --- clean:3.1.0:clean (default-clean) @ dolphinscheduler-extract-worker ---
[INFO] Deleting /app/dolphinscheduler-extract/dolphinscheduler-extract-worker/target
[INFO]
[INFO] --- enforcer:3.0.0:enforce (enforce-maven-version) @ dolphinscheduler-extract-worker ---
[INFO]
[INFO] --- enforcer:3.0.0:enforce (enforce-java-version) @ dolphinscheduler-extract-worker ---
[INFO]
[INFO] --- remote-resources:1.7.0:process (process-resource-bundles) @ dolphinscheduler-extract-worker ---
[INFO] Preparing remote bundle org.apache:apache-jar-resource-bundle:1.4
[INFO] Copying 3 resources from 1 bundle.
[INFO]
[INFO] --- resources:3.2.0:resources (default-resources) @ dolphinscheduler-extract-worker ---
[INFO] Using 'UTF-8' encoding to copy filtered resources.
[INFO] Using 'UTF-8' encoding to copy filtered properties files.
[INFO] skip non existing resourceDirectory /app/dolphinscheduler-extract/dolphinscheduler-extract-worker/src/main/resources
[INFO] Copying 3 resources
[INFO]
[INFO] --- compiler:3.13.0:compile (default-compile) @ dolphinscheduler-extract-worker ---
[INFO] Recompiling the module because of changed dependency.
[INFO] Compiling 4 source files with javac [debug target 17] to target/classes
[WARNING] system modules path not set in conjunction with -source 17
[INFO] Annotation processing is enabled because one or more processors were found
  on the class path. A future release of javac may disable annotation processing
  unless at least one processor is specified by name (-processor), or a search
  path is specified (--processor-path, --processor-module-path), or annotation
  processing is enabled explicitly (-proc:only, -proc:full).
  Use -Xlint:-options to suppress this message.
  Use -proc:none to disable annotation processing.
[INFO] /app/dolphinscheduler-extract/dolphinscheduler-extract-worker/src/main/java/org/apache/dolphinscheduler/extract/worker/IStreamingTaskInstanceOperator.java: /app/dolphinscheduler-extract/dolphinscheduler-extract-worker/src/main/java/org/apache/dolphinscheduler/extract/worker/IStreamingTaskInstanceOperator.java uses or overrides a deprecated API.
[INFO] /app/dolphinscheduler-extract/dolphinscheduler-extract-worker/src/main/java/org/apache/dolphinscheduler/extract/worker/IStreamingTaskInstanceOperator.java: Recompile with -Xlint:deprecation for details.
[INFO]
[INFO] --- spotless:2.27.2:check (default) @ dolphinscheduler-extract-worker ---
[INFO] Spotless check skipped
[INFO]
[INFO] --------< org.apache.dolphinscheduler:dolphinscheduler-service >--------
[INFO] Building dolphinscheduler-service 3.4.2-SNAPSHOT               [115/138]
[INFO]   from dolphinscheduler-service/pom.xml
[INFO] --------------------------------[ jar ]---------------------------------
[INFO]
[INFO] --- clean:3.1.0:clean (default-clean) @ dolphinscheduler-service ---
[INFO] Deleting /app/dolphinscheduler-service/target
[INFO]
[INFO] --- enforcer:3.0.0:enforce (enforce-maven-version) @ dolphinscheduler-service ---
[INFO]
[INFO] --- enforcer:3.0.0:enforce (enforce-java-version) @ dolphinscheduler-service ---
[INFO]
[INFO] --- remote-resources:1.7.0:process (process-resource-bundles) @ dolphinscheduler-service ---
[INFO] Preparing remote bundle org.apache:apache-jar-resource-bundle:1.4
[INFO] Copying 3 resources from 1 bundle.
[INFO]
[INFO] --- resources:3.2.0:resources (default-resources) @ dolphinscheduler-service ---
[INFO] Using 'UTF-8' encoding to copy filtered resources.
[INFO] Using 'UTF-8' encoding to copy filtered properties files.
[INFO] skip non existing resourceDirectory /app/dolphinscheduler-service/src/main/resources
[INFO] Copying 3 resources
[INFO]
[INFO] --- compiler:3.13.0:compile (default-compile) @ dolphinscheduler-service ---
[INFO] Recompiling the module because of changed dependency.
[INFO] Compiling 20 source files with javac [debug target 17] to target/classes
[WARNING] system modules path not set in conjunction with -source 17
[INFO] Annotation processing is enabled because one or more processors were found
  on the class path. A future release of javac may disable annotation processing
  unless at least one processor is specified by name (-processor), or a search
  path is specified (--processor-path, --processor-module-path), or annotation
  processing is enabled explicitly (-proc:only, -proc:full).
  Use -Xlint:-options to suppress this message.
  Use -proc:none to disable annotation processing.
[INFO]
[INFO] --- spotless:2.27.2:check (default) @ dolphinscheduler-service ---
[INFO] Spotless check skipped
[INFO]
[INFO] ----------< org.apache.dolphinscheduler:dolphinscheduler-ui >-----------
[INFO] Building dolphinscheduler-ui 3.4.2-SNAPSHOT                    [116/138]
[INFO]   from dolphinscheduler-ui/pom.xml
[INFO] --------------------------------[ jar ]---------------------------------
[INFO]
[INFO] --- clean:3.1.0:clean (default-clean) @ dolphinscheduler-ui ---
[INFO] Deleting /app/dolphinscheduler-ui/target
[INFO]
[INFO] --- enforcer:3.0.0:enforce (enforce-maven-version) @ dolphinscheduler-ui ---
[INFO]
[INFO] --- enforcer:3.0.0:enforce (enforce-java-version) @ dolphinscheduler-ui ---
[INFO]
[INFO] --- remote-resources:1.7.0:process (process-resource-bundles) @ dolphinscheduler-ui ---
[INFO] Preparing remote bundle org.apache:apache-jar-resource-bundle:1.4
[INFO] Copying 3 resources from 1 bundle.
[INFO]
[INFO] --- frontend:1.12.1:install-node-and-pnpm (install node and pnpm) @ dolphinscheduler-ui ---
[INFO] Skipping execution.
[INFO]
[INFO] --- frontend:1.12.1:pnpm (pnpm install) @ dolphinscheduler-ui ---
[INFO] Skipping execution.
[INFO]
[INFO] --- frontend:1.12.1:pnpm (pnpm run build:prod) @ dolphinscheduler-ui ---
[INFO] Skipping execution.
[INFO]
[INFO] --- resources:3.2.0:resources (default-resources) @ dolphinscheduler-ui ---
[INFO] Using 'UTF-8' encoding to copy filtered resources.
[INFO] Using 'UTF-8' encoding to copy filtered properties files.
[INFO] skip non existing resourceDirectory /app/dolphinscheduler-ui/src/main/resources
[INFO] Copying 3 resources
[INFO]
[INFO] --- compiler:3.13.0:compile (default-compile) @ dolphinscheduler-ui ---
[INFO] No sources to compile
[INFO]
[INFO] --- spotless:2.27.2:check (default) @ dolphinscheduler-ui ---
[INFO] Spotless check skipped
[INFO]
[INFO] ---< org.apache.dolphinscheduler:dolphinscheduler-scheduler-plugin >----
[INFO] Building dolphinscheduler-scheduler-plugin 3.4.2-SNAPSHOT      [117/138]
[INFO]   from dolphinscheduler-scheduler-plugin/pom.xml
[INFO] --------------------------------[ pom ]---------------------------------
[INFO]
[INFO] --- clean:3.1.0:clean (default-clean) @ dolphinscheduler-scheduler-plugin ---
[INFO] Deleting /app/dolphinscheduler-scheduler-plugin/target
[INFO]
[INFO] --- enforcer:3.0.0:enforce (enforce-maven-version) @ dolphinscheduler-scheduler-plugin ---
[INFO]
[INFO] --- enforcer:3.0.0:enforce (enforce-java-version) @ dolphinscheduler-scheduler-plugin ---
[INFO]
[INFO] --- remote-resources:1.7.0:process (process-resource-bundles) @ dolphinscheduler-scheduler-plugin ---
[INFO] Preparing remote bundle org.apache:apache-jar-resource-bundle:1.4
[INFO] Copying 3 resources from 1 bundle.
[INFO]
[INFO] --- spotless:2.27.2:check (default) @ dolphinscheduler-scheduler-plugin ---
[INFO] Spotless check skipped
[INFO]
[INFO] -----< org.apache.dolphinscheduler:dolphinscheduler-scheduler-api >-----
[INFO] Building dolphinscheduler-scheduler-api 3.4.2-SNAPSHOT         [118/138]
[INFO]   from dolphinscheduler-scheduler-plugin/dolphinscheduler-scheduler-api/pom.xml
[INFO] --------------------------------[ jar ]---------------------------------
[INFO]
[INFO] --- clean:3.1.0:clean (default-clean) @ dolphinscheduler-scheduler-api ---
[INFO] Deleting /app/dolphinscheduler-scheduler-plugin/dolphinscheduler-scheduler-api/target
[INFO]
[INFO] --- enforcer:3.0.0:enforce (enforce-maven-version) @ dolphinscheduler-scheduler-api ---
[INFO]
[INFO] --- enforcer:3.0.0:enforce (enforce-java-version) @ dolphinscheduler-scheduler-api ---
[INFO]
[INFO] --- remote-resources:1.7.0:process (process-resource-bundles) @ dolphinscheduler-scheduler-api ---
[INFO] Preparing remote bundle org.apache:apache-jar-resource-bundle:1.4
[INFO] Copying 3 resources from 1 bundle.
[INFO]
[INFO] --- resources:3.2.0:resources (default-resources) @ dolphinscheduler-scheduler-api ---
[INFO] Using 'UTF-8' encoding to copy filtered resources.
[INFO] Using 'UTF-8' encoding to copy filtered properties files.
[INFO] skip non existing resourceDirectory /app/dolphinscheduler-scheduler-plugin/dolphinscheduler-scheduler-api/src/main/resources
[INFO] Copying 3 resources
[INFO]
[INFO] --- compiler:3.13.0:compile (default-compile) @ dolphinscheduler-scheduler-api ---
[INFO] Recompiling the module because of changed dependency.
[INFO] Compiling 3 source files with javac [debug target 17] to target/classes
[WARNING] system modules path not set in conjunction with -source 17
[INFO] Annotation processing is enabled because one or more processors were found
  on the class path. A future release of javac may disable annotation processing
  unless at least one processor is specified by name (-processor), or a search
  path is specified (--processor-path, --processor-module-path), or annotation
  processing is enabled explicitly (-proc:only, -proc:full).
  Use -Xlint:-options to suppress this message.
  Use -proc:none to disable annotation processing.
[INFO]
[INFO] --- spotless:2.27.2:check (default) @ dolphinscheduler-scheduler-api ---
[INFO] Spotless check skipped
[INFO]
[INFO] ---< org.apache.dolphinscheduler:dolphinscheduler-scheduler-quartz >----
[INFO] Building dolphinscheduler-scheduler-quartz 3.4.2-SNAPSHOT      [119/138]
[INFO]   from dolphinscheduler-scheduler-plugin/dolphinscheduler-scheduler-quartz/pom.xml
[INFO] --------------------------------[ jar ]---------------------------------
[INFO]
[INFO] --- clean:3.1.0:clean (default-clean) @ dolphinscheduler-scheduler-quartz ---
[INFO] Deleting /app/dolphinscheduler-scheduler-plugin/dolphinscheduler-scheduler-quartz/target
[INFO]
[INFO] --- enforcer:3.0.0:enforce (enforce-maven-version) @ dolphinscheduler-scheduler-quartz ---
[INFO]
[INFO] --- enforcer:3.0.0:enforce (enforce-java-version) @ dolphinscheduler-scheduler-quartz ---
[INFO]
[INFO] --- remote-resources:1.7.0:process (process-resource-bundles) @ dolphinscheduler-scheduler-quartz ---
[INFO] Preparing remote bundle org.apache:apache-jar-resource-bundle:1.4
[INFO] Copying 3 resources from 1 bundle.
[INFO]
[INFO] --- resources:3.2.0:resources (default-resources) @ dolphinscheduler-scheduler-quartz ---
[INFO] Using 'UTF-8' encoding to copy filtered resources.
[INFO] Using 'UTF-8' encoding to copy filtered properties files.
[INFO] Copying 1 resource
[INFO] Copying 3 resources
[INFO]
[INFO] --- compiler:3.13.0:compile (default-compile) @ dolphinscheduler-scheduler-quartz ---
[INFO] Recompiling the module because of changed dependency.
[INFO] Compiling 11 source files with javac [debug target 17] to target/classes
[WARNING] system modules path not set in conjunction with -source 17
[INFO] Annotation processing is enabled because one or more processors were found
  on the class path. A future release of javac may disable annotation processing
  unless at least one processor is specified by name (-processor), or a search
  path is specified (--processor-path, --processor-module-path), or annotation
  processing is enabled explicitly (-proc:only, -proc:full).
  Use -Xlint:-options to suppress this message.
  Use -proc:none to disable annotation processing.
[INFO]
[INFO] --- spotless:2.27.2:check (default) @ dolphinscheduler-scheduler-quartz ---
[INFO] Spotless check skipped
[INFO]
[INFO] -----< org.apache.dolphinscheduler:dolphinscheduler-scheduler-all >-----
[INFO] Building dolphinscheduler-scheduler-all 3.4.2-SNAPSHOT         [120/138]
[INFO]   from dolphinscheduler-scheduler-plugin/dolphinscheduler-scheduler-all/pom.xml
[INFO] --------------------------------[ jar ]---------------------------------
[INFO]
[INFO] --- clean:3.1.0:clean (default-clean) @ dolphinscheduler-scheduler-all ---
[INFO] Deleting /app/dolphinscheduler-scheduler-plugin/dolphinscheduler-scheduler-all/target
[INFO]
[INFO] --- enforcer:3.0.0:enforce (enforce-maven-version) @ dolphinscheduler-scheduler-all ---
[INFO]
[INFO] --- enforcer:3.0.0:enforce (enforce-java-version) @ dolphinscheduler-scheduler-all ---
[INFO]
[INFO] --- remote-resources:1.7.0:process (process-resource-bundles) @ dolphinscheduler-scheduler-all ---
[INFO] Preparing remote bundle org.apache:apache-jar-resource-bundle:1.4
[INFO] Copying 3 resources from 1 bundle.
[INFO]
[INFO] --- resources:3.2.0:resources (default-resources) @ dolphinscheduler-scheduler-all ---
[INFO] Using 'UTF-8' encoding to copy filtered resources.
[INFO] Using 'UTF-8' encoding to copy filtered properties files.
[INFO] skip non existing resourceDirectory /app/dolphinscheduler-scheduler-plugin/dolphinscheduler-scheduler-all/src/main/resources
[INFO] Copying 3 resources
[INFO]
[INFO] --- compiler:3.13.0:compile (default-compile) @ dolphinscheduler-scheduler-all ---
[INFO] No sources to compile
[INFO]
[INFO] --- spotless:2.27.2:check (default) @ dolphinscheduler-scheduler-all ---
[INFO] Spotless check skipped
[INFO]
[INFO] ----< org.apache.dolphinscheduler:dolphinscheduler-storage-plugin >-----
[INFO] Building dolphinscheduler-storage-plugin 3.4.2-SNAPSHOT        [121/138]
[INFO]   from dolphinscheduler-storage-plugin/pom.xml
[INFO] --------------------------------[ pom ]---------------------------------
[INFO]
[INFO] --- clean:3.1.0:clean (default-clean) @ dolphinscheduler-storage-plugin ---
[INFO] Deleting /app/dolphinscheduler-storage-plugin/target
[INFO]
[INFO] --- enforcer:3.0.0:enforce (enforce-maven-version) @ dolphinscheduler-storage-plugin ---
[INFO]
[INFO] --- enforcer:3.0.0:enforce (enforce-java-version) @ dolphinscheduler-storage-plugin ---
[INFO]
[INFO] --- remote-resources:1.7.0:process (process-resource-bundles) @ dolphinscheduler-storage-plugin ---
[INFO] Preparing remote bundle org.apache:apache-jar-resource-bundle:1.4
[INFO] Copying 3 resources from 1 bundle.
[INFO]
[INFO] --- spotless:2.27.2:check (default) @ dolphinscheduler-storage-plugin ---
[INFO] Spotless check skipped
[INFO]
[INFO] ------< org.apache.dolphinscheduler:dolphinscheduler-storage-api >------
[INFO] Building dolphinscheduler-storage-api 3.4.2-SNAPSHOT           [122/138]
[INFO]   from dolphinscheduler-storage-plugin/dolphinscheduler-storage-api/pom.xml
[INFO] --------------------------------[ jar ]---------------------------------
[INFO]
[INFO] --- clean:3.1.0:clean (default-clean) @ dolphinscheduler-storage-api ---
[INFO] Deleting /app/dolphinscheduler-storage-plugin/dolphinscheduler-storage-api/target
[INFO]
[INFO] --- enforcer:3.0.0:enforce (enforce-maven-version) @ dolphinscheduler-storage-api ---
[INFO]
[INFO] --- enforcer:3.0.0:enforce (enforce-java-version) @ dolphinscheduler-storage-api ---
[INFO]
[INFO] --- remote-resources:1.7.0:process (process-resource-bundles) @ dolphinscheduler-storage-api ---
[INFO] Preparing remote bundle org.apache:apache-jar-resource-bundle:1.4
[INFO] Copying 3 resources from 1 bundle.
[INFO]
[INFO] --- resources:3.2.0:resources (default-resources) @ dolphinscheduler-storage-api ---
[INFO] Using 'UTF-8' encoding to copy filtered resources.
[INFO] Using 'UTF-8' encoding to copy filtered properties files.
[INFO] skip non existing resourceDirectory /app/dolphinscheduler-storage-plugin/dolphinscheduler-storage-api/src/main/resources
[INFO] Copying 3 resources
[INFO]
[INFO] --- compiler:3.13.0:compile (default-compile) @ dolphinscheduler-storage-api ---
[INFO] Recompiling the module because of changed dependency.
[INFO] Compiling 11 source files with javac [debug target 17] to target/classes
[WARNING] system modules path not set in conjunction with -source 17
[INFO] Annotation processing is enabled because one or more processors were found
  on the class path. A future release of javac may disable annotation processing
  unless at least one processor is specified by name (-processor), or a search
  path is specified (--processor-path, --processor-module-path), or annotation
  processing is enabled explicitly (-proc:only, -proc:full).
  Use -Xlint:-options to suppress this message.
  Use -proc:none to disable annotation processing.
[INFO]
[INFO] --- spotless:2.27.2:check (default) @ dolphinscheduler-storage-api ---
[INFO] Spotless check skipped
[INFO]
[INFO] ------< org.apache.dolphinscheduler:dolphinscheduler-storage-s3 >-------
[INFO] Building dolphinscheduler-storage-s3 3.4.2-SNAPSHOT            [123/138]
[INFO]   from dolphinscheduler-storage-plugin/dolphinscheduler-storage-s3/pom.xml
[INFO] --------------------------------[ jar ]---------------------------------
[INFO]
[INFO] --- clean:3.1.0:clean (default-clean) @ dolphinscheduler-storage-s3 ---
[INFO] Deleting /app/dolphinscheduler-storage-plugin/dolphinscheduler-storage-s3/target
[INFO]
[INFO] --- enforcer:3.0.0:enforce (enforce-maven-version) @ dolphinscheduler-storage-s3 ---
[INFO]
[INFO] --- enforcer:3.0.0:enforce (enforce-java-version) @ dolphinscheduler-storage-s3 ---
[INFO]
[INFO] --- remote-resources:1.7.0:process (process-resource-bundles) @ dolphinscheduler-storage-s3 ---
[INFO] Preparing remote bundle org.apache:apache-jar-resource-bundle:1.4
[INFO] Copying 3 resources from 1 bundle.
[INFO]
[INFO] --- resources:3.2.0:resources (default-resources) @ dolphinscheduler-storage-s3 ---
[INFO] Using 'UTF-8' encoding to copy filtered resources.
[INFO] Using 'UTF-8' encoding to copy filtered properties files.
[INFO] skip non existing resourceDirectory /app/dolphinscheduler-storage-plugin/dolphinscheduler-storage-s3/src/main/resources
[INFO] Copying 3 resources
[INFO]
[INFO] --- compiler:3.13.0:compile (default-compile) @ dolphinscheduler-storage-s3 ---
[INFO] Recompiling the module because of changed dependency.
[INFO] Compiling 3 source files with javac [debug target 17] to target/classes
[WARNING] system modules path not set in conjunction with -source 17
[INFO] Annotation processing is enabled because one or more processors were found
  on the class path. A future release of javac may disable annotation processing
  unless at least one processor is specified by name (-processor), or a search
  path is specified (--processor-path, --processor-module-path), or annotation
  processing is enabled explicitly (-proc:only, -proc:full).
  Use -Xlint:-options to suppress this message.
  Use -proc:none to disable annotation processing.
[INFO]
[INFO] --- spotless:2.27.2:check (default) @ dolphinscheduler-storage-s3 ---
[INFO] Spotless check skipped
[INFO]
[INFO] -----< org.apache.dolphinscheduler:dolphinscheduler-storage-hdfs >------
[INFO] Building dolphinscheduler-storage-hdfs 3.4.2-SNAPSHOT          [124/138]
[INFO]   from dolphinscheduler-storage-plugin/dolphinscheduler-storage-hdfs/pom.xml
[INFO] --------------------------------[ jar ]---------------------------------
[INFO]
[INFO] --- clean:3.1.0:clean (default-clean) @ dolphinscheduler-storage-hdfs ---
[INFO] Deleting /app/dolphinscheduler-storage-plugin/dolphinscheduler-storage-hdfs/target
[INFO]
[INFO] --- enforcer:3.0.0:enforce (enforce-maven-version) @ dolphinscheduler-storage-hdfs ---
[INFO]
[INFO] --- enforcer:3.0.0:enforce (enforce-java-version) @ dolphinscheduler-storage-hdfs ---
[INFO]
[INFO] --- remote-resources:1.7.0:process (process-resource-bundles) @ dolphinscheduler-storage-hdfs ---
[INFO] Preparing remote bundle org.apache:apache-jar-resource-bundle:1.4
[INFO] Copying 3 resources from 1 bundle.
[INFO]
[INFO] --- resources:3.2.0:resources (default-resources) @ dolphinscheduler-storage-hdfs ---
[INFO] Using 'UTF-8' encoding to copy filtered resources.
[INFO] Using 'UTF-8' encoding to copy filtered properties files.
[INFO] skip non existing resourceDirectory /app/dolphinscheduler-storage-plugin/dolphinscheduler-storage-hdfs/src/main/resources
[INFO] Copying 3 resources
[INFO]
[INFO] --- compiler:3.13.0:compile (default-compile) @ dolphinscheduler-storage-hdfs ---
[INFO] Recompiling the module because of changed dependency.
[INFO] Compiling 3 source files with javac [debug target 17] to target/classes
[WARNING] system modules path not set in conjunction with -source 17
[INFO] Annotation processing is enabled because one or more processors were found
  on the class path. A future release of javac may disable annotation processing
  unless at least one processor is specified by name (-processor), or a search
  path is specified (--processor-path, --processor-module-path), or annotation
  processing is enabled explicitly (-proc:only, -proc:full).
  Use -Xlint:-options to suppress this message.
  Use -proc:none to disable annotation processing.
[INFO]
[INFO] --- spotless:2.27.2:check (default) @ dolphinscheduler-storage-hdfs ---
[INFO] Spotless check skipped
[INFO]
[INFO] ------< org.apache.dolphinscheduler:dolphinscheduler-storage-oss >------
[INFO] Building dolphinscheduler-storage-oss 3.4.2-SNAPSHOT           [125/138]
[INFO]   from dolphinscheduler-storage-plugin/dolphinscheduler-storage-oss/pom.xml
[INFO] --------------------------------[ jar ]---------------------------------
[INFO]
[INFO] --- clean:3.1.0:clean (default-clean) @ dolphinscheduler-storage-oss ---
[INFO] Deleting /app/dolphinscheduler-storage-plugin/dolphinscheduler-storage-oss/target
[INFO]
[INFO] --- enforcer:3.0.0:enforce (enforce-maven-version) @ dolphinscheduler-storage-oss ---
[INFO]
[INFO] --- enforcer:3.0.0:enforce (enforce-java-version) @ dolphinscheduler-storage-oss ---
[INFO]
[INFO] --- remote-resources:1.7.0:process (process-resource-bundles) @ dolphinscheduler-storage-oss ---
[INFO] Preparing remote bundle org.apache:apache-jar-resource-bundle:1.4
[INFO] Copying 3 resources from 1 bundle.
[INFO]
[INFO] --- resources:3.2.0:resources (default-resources) @ dolphinscheduler-storage-oss ---
[INFO] Using 'UTF-8' encoding to copy filtered resources.
[INFO] Using 'UTF-8' encoding to copy filtered properties files.
[INFO] skip non existing resourceDirectory /app/dolphinscheduler-storage-plugin/dolphinscheduler-storage-oss/src/main/resources
[INFO] Copying 3 resources
[INFO]
[INFO] --- compiler:3.13.0:compile (default-compile) @ dolphinscheduler-storage-oss ---
[INFO] Recompiling the module because of changed dependency.
[INFO] Compiling 5 source files with javac [debug target 17] to target/classes
[WARNING] system modules path not set in conjunction with -source 17
[INFO] Annotation processing is enabled because one or more processors were found
  on the class path. A future release of javac may disable annotation processing
  unless at least one processor is specified by name (-processor), or a search
  path is specified (--processor-path, --processor-module-path), or annotation
  processing is enabled explicitly (-proc:only, -proc:full).
  Use -Xlint:-options to suppress this message.
  Use -proc:none to disable annotation processing.
[INFO]
[INFO] --- spotless:2.27.2:check (default) @ dolphinscheduler-storage-oss ---
[INFO] Spotless check skipped
[INFO]
[INFO] ------< org.apache.dolphinscheduler:dolphinscheduler-storage-gcs >------
[INFO] Building dolphinscheduler-storage-gcs 3.4.2-SNAPSHOT           [126/138]
[INFO]   from dolphinscheduler-storage-plugin/dolphinscheduler-storage-gcs/pom.xml
[INFO] --------------------------------[ jar ]---------------------------------
[INFO]
[INFO] --- clean:3.1.0:clean (default-clean) @ dolphinscheduler-storage-gcs ---
[INFO] Deleting /app/dolphinscheduler-storage-plugin/dolphinscheduler-storage-gcs/target
[INFO]
[INFO] --- enforcer:3.0.0:enforce (enforce-maven-version) @ dolphinscheduler-storage-gcs ---
[INFO]
[INFO] --- enforcer:3.0.0:enforce (enforce-java-version) @ dolphinscheduler-storage-gcs ---
[INFO]
[INFO] --- remote-resources:1.7.0:process (process-resource-bundles) @ dolphinscheduler-storage-gcs ---
[INFO] Preparing remote bundle org.apache:apache-jar-resource-bundle:1.4
[INFO] Copying 3 resources from 1 bundle.
[INFO]
[INFO] --- resources:3.2.0:resources (default-resources) @ dolphinscheduler-storage-gcs ---
[INFO] Using 'UTF-8' encoding to copy filtered resources.
[INFO] Using 'UTF-8' encoding to copy filtered properties files.
[INFO] skip non existing resourceDirectory /app/dolphinscheduler-storage-plugin/dolphinscheduler-storage-gcs/src/main/resources
[INFO] Copying 3 resources
[INFO]
[INFO] --- compiler:3.13.0:compile (default-compile) @ dolphinscheduler-storage-gcs ---
[INFO] Recompiling the module because of changed dependency.
[INFO] Compiling 3 source files with javac [debug target 17] to target/classes
[WARNING] system modules path not set in conjunction with -source 17
[INFO] Annotation processing is enabled because one or more processors were found
  on the class path. A future release of javac may disable annotation processing
  unless at least one processor is specified by name (-processor), or a search
  path is specified (--processor-path, --processor-module-path), or annotation
  processing is enabled explicitly (-proc:only, -proc:full).
  Use -Xlint:-options to suppress this message.
  Use -proc:none to disable annotation processing.
[INFO]
[INFO] --- spotless:2.27.2:check (default) @ dolphinscheduler-storage-gcs ---
[INFO] Spotless check skipped
[INFO]
[INFO] ------< org.apache.dolphinscheduler:dolphinscheduler-storage-abs >------
[INFO] Building dolphinscheduler-storage-abs 3.4.2-SNAPSHOT           [127/138]
[INFO]   from dolphinscheduler-storage-plugin/dolphinscheduler-storage-abs/pom.xml
[INFO] --------------------------------[ jar ]---------------------------------
[INFO]
[INFO] --- clean:3.1.0:clean (default-clean) @ dolphinscheduler-storage-abs ---
[INFO] Deleting /app/dolphinscheduler-storage-plugin/dolphinscheduler-storage-abs/target
[INFO]
[INFO] --- enforcer:3.0.0:enforce (enforce-maven-version) @ dolphinscheduler-storage-abs ---
[INFO]
[INFO] --- enforcer:3.0.0:enforce (enforce-java-version) @ dolphinscheduler-storage-abs ---
[INFO]
[INFO] --- remote-resources:1.7.0:process (process-resource-bundles) @ dolphinscheduler-storage-abs ---
[INFO] Preparing remote bundle org.apache:apache-jar-resource-bundle:1.4
[INFO] Copying 3 resources from 1 bundle.
[INFO]
[INFO] --- resources:3.2.0:resources (default-resources) @ dolphinscheduler-storage-abs ---
[INFO] Using 'UTF-8' encoding to copy filtered resources.
[INFO] Using 'UTF-8' encoding to copy filtered properties files.
[INFO] skip non existing resourceDirectory /app/dolphinscheduler-storage-plugin/dolphinscheduler-storage-abs/src/main/resources
[INFO] Copying 3 resources
[INFO]
[INFO] --- compiler:3.13.0:compile (default-compile) @ dolphinscheduler-storage-abs ---
[INFO] Recompiling the module because of changed dependency.
[INFO] Compiling 3 source files with javac [debug target 17] to target/classes
[WARNING] system modules path not set in conjunction with -source 17
[INFO] Annotation processing is enabled because one or more processors were found
  on the class path. A future release of javac may disable annotation processing
  unless at least one processor is specified by name (-processor), or a search
  path is specified (--processor-path, --processor-module-path), or annotation
  processing is enabled explicitly (-proc:only, -proc:full).
  Use -Xlint:-options to suppress this message.
  Use -proc:none to disable annotation processing.
[INFO]
[INFO] --- spotless:2.27.2:check (default) @ dolphinscheduler-storage-abs ---
[INFO] Spotless check skipped
[INFO]
[INFO] ------< org.apache.dolphinscheduler:dolphinscheduler-storage-obs >------
[INFO] Building dolphinscheduler-storage-obs 3.4.2-SNAPSHOT           [128/138]
[INFO]   from dolphinscheduler-storage-plugin/dolphinscheduler-storage-obs/pom.xml
[INFO] --------------------------------[ jar ]---------------------------------
[INFO]
[INFO] --- clean:3.1.0:clean (default-clean) @ dolphinscheduler-storage-obs ---
[INFO] Deleting /app/dolphinscheduler-storage-plugin/dolphinscheduler-storage-obs/target
[INFO]
[INFO] --- enforcer:3.0.0:enforce (enforce-maven-version) @ dolphinscheduler-storage-obs ---
[INFO]
[INFO] --- enforcer:3.0.0:enforce (enforce-java-version) @ dolphinscheduler-storage-obs ---
[INFO]
[INFO] --- remote-resources:1.7.0:process (process-resource-bundles) @ dolphinscheduler-storage-obs ---
[INFO] Preparing remote bundle org.apache:apache-jar-resource-bundle:1.4
[INFO] Copying 3 resources from 1 bundle.
[INFO]
[INFO] --- resources:3.2.0:resources (default-resources) @ dolphinscheduler-storage-obs ---
[INFO] Using 'UTF-8' encoding to copy filtered resources.
[INFO] Using 'UTF-8' encoding to copy filtered properties files.
[INFO] skip non existing resourceDirectory /app/dolphinscheduler-storage-plugin/dolphinscheduler-storage-obs/src/main/resources
[INFO] Copying 3 resources
[INFO]
[INFO] --- compiler:3.13.0:compile (default-compile) @ dolphinscheduler-storage-obs ---
[INFO] Recompiling the module because of changed dependency.
[INFO] Compiling 3 source files with javac [debug target 17] to target/classes
[WARNING] system modules path not set in conjunction with -source 17
[INFO] Annotation processing is enabled because one or more processors were found
  on the class path. A future release of javac may disable annotation processing
  unless at least one processor is specified by name (-processor), or a search
  path is specified (--processor-path, --processor-module-path), or annotation
  processing is enabled explicitly (-proc:only, -proc:full).
  Use -Xlint:-options to suppress this message.
  Use -proc:none to disable annotation processing.
[INFO]
[INFO] --- spotless:2.27.2:check (default) @ dolphinscheduler-storage-obs ---
[INFO] Spotless check skipped
[INFO]
[INFO] ------< org.apache.dolphinscheduler:dolphinscheduler-storage-cos >------
[INFO] Building dolphinscheduler-storage-cos 3.4.2-SNAPSHOT           [129/138]
[INFO]   from dolphinscheduler-storage-plugin/dolphinscheduler-storage-cos/pom.xml
[INFO] --------------------------------[ jar ]---------------------------------
[INFO]
[INFO] --- clean:3.1.0:clean (default-clean) @ dolphinscheduler-storage-cos ---
[INFO] Deleting /app/dolphinscheduler-storage-plugin/dolphinscheduler-storage-cos/target
[INFO]
[INFO] --- enforcer:3.0.0:enforce (enforce-maven-version) @ dolphinscheduler-storage-cos ---
[INFO]
[INFO] --- enforcer:3.0.0:enforce (enforce-java-version) @ dolphinscheduler-storage-cos ---
[INFO]
[INFO] --- remote-resources:1.7.0:process (process-resource-bundles) @ dolphinscheduler-storage-cos ---
[INFO] Preparing remote bundle org.apache:apache-jar-resource-bundle:1.4
[INFO] Copying 3 resources from 1 bundle.
[INFO]
[INFO] --- resources:3.2.0:resources (default-resources) @ dolphinscheduler-storage-cos ---
[INFO] Using 'UTF-8' encoding to copy filtered resources.
[INFO] Using 'UTF-8' encoding to copy filtered properties files.
[INFO] skip non existing resourceDirectory /app/dolphinscheduler-storage-plugin/dolphinscheduler-storage-cos/src/main/resources
[INFO] Copying 3 resources
[INFO]
[INFO] --- compiler:3.13.0:compile (default-compile) @ dolphinscheduler-storage-cos ---
[INFO] Recompiling the module because of changed dependency.
[INFO] Compiling 4 source files with javac [debug target 17] to target/classes
[WARNING] system modules path not set in conjunction with -source 17
[INFO] Annotation processing is enabled because one or more processors were found
  on the class path. A future release of javac may disable annotation processing
  unless at least one processor is specified by name (-processor), or a search
  path is specified (--processor-path, --processor-module-path), or annotation
  processing is enabled explicitly (-proc:only, -proc:full).
  Use -Xlint:-options to suppress this message.
  Use -proc:none to disable annotation processing.
[INFO]
[INFO] --- spotless:2.27.2:check (default) @ dolphinscheduler-storage-cos ---
[INFO] Spotless check skipped
[INFO]
[INFO] ------< org.apache.dolphinscheduler:dolphinscheduler-storage-all >------
[INFO] Building dolphinscheduler-storage-all 3.4.2-SNAPSHOT           [130/138]
[INFO]   from dolphinscheduler-storage-plugin/dolphinscheduler-storage-all/pom.xml
[INFO] --------------------------------[ jar ]---------------------------------
[INFO]
[INFO] --- clean:3.1.0:clean (default-clean) @ dolphinscheduler-storage-all ---
[INFO] Deleting /app/dolphinscheduler-storage-plugin/dolphinscheduler-storage-all/target
[INFO]
[INFO] --- enforcer:3.0.0:enforce (enforce-maven-version) @ dolphinscheduler-storage-all ---
[INFO]
[INFO] --- enforcer:3.0.0:enforce (enforce-java-version) @ dolphinscheduler-storage-all ---
[INFO]
[INFO] --- remote-resources:1.7.0:process (process-resource-bundles) @ dolphinscheduler-storage-all ---
[INFO] Preparing remote bundle org.apache:apache-jar-resource-bundle:1.4
[INFO] Copying 3 resources from 1 bundle.
[INFO]
[INFO] --- resources:3.2.0:resources (default-resources) @ dolphinscheduler-storage-all ---
[INFO] Using 'UTF-8' encoding to copy filtered resources.
[INFO] Using 'UTF-8' encoding to copy filtered properties files.
[INFO] skip non existing resourceDirectory /app/dolphinscheduler-storage-plugin/dolphinscheduler-storage-all/src/main/resources
[INFO] Copying 3 resources
[INFO]
[INFO] --- compiler:3.13.0:compile (default-compile) @ dolphinscheduler-storage-all ---
[INFO] No sources to compile
[INFO]
[INFO] --- spotless:2.27.2:check (default) @ dolphinscheduler-storage-all ---
[INFO] Spotless check skipped
[INFO]
[INFO] ----------< org.apache.dolphinscheduler:dolphinscheduler-api >----------
[INFO] Building dolphinscheduler-api 3.4.2-SNAPSHOT                   [131/138]
[INFO]   from dolphinscheduler-api/pom.xml
[INFO] --------------------------------[ jar ]---------------------------------
[INFO]
[INFO] --- clean:3.1.0:clean (default-clean) @ dolphinscheduler-api ---
[INFO] Deleting /app/dolphinscheduler-api/target
[INFO]
[INFO] --- enforcer:3.0.0:enforce (enforce-maven-version) @ dolphinscheduler-api ---
[INFO]
[INFO] --- enforcer:3.0.0:enforce (enforce-java-version) @ dolphinscheduler-api ---
[INFO]
[INFO] --- remote-resources:1.7.0:process (process-resource-bundles) @ dolphinscheduler-api ---
[INFO] Preparing remote bundle org.apache:apache-jar-resource-bundle:1.4
[INFO] Copying 3 resources from 1 bundle.
[INFO]
[INFO] --- resources:3.2.0:resources (default-resources) @ dolphinscheduler-api ---
[INFO] Using 'UTF-8' encoding to copy filtered resources.
[INFO] Using 'UTF-8' encoding to copy filtered properties files.
[INFO] Copying 13 resources
[INFO] Copying 3 resources
[INFO]
[INFO] --- compiler:3.13.0:compile (default-compile) @ dolphinscheduler-api ---
[INFO] Recompiling the module because of changed dependency.
[INFO] Compiling 332 source files with javac [debug target 17] to target/classes
[WARNING] system modules path not set in conjunction with -source 17
[INFO] Annotation processing is enabled because one or more processors were found
  on the class path. A future release of javac may disable annotation processing
  unless at least one processor is specified by name (-processor), or a search
  path is specified (--processor-path, --processor-module-path), or annotation
  processing is enabled explicitly (-proc:only, -proc:full).
  Use -Xlint:-options to suppress this message.
  Use -proc:none to disable annotation processing.
[WARNING] /app/dolphinscheduler-api/src/main/java/org/apache/dolphinscheduler/api/utils/PageInfo.java:[38,21] @Builder will ignore the initializing expression entirely. If you want the initializing expression to serve as default, add @Builder.Default. If it is not supposed to be settable during building, make the field final.
[WARNING] /app/dolphinscheduler-api/src/main/java/org/apache/dolphinscheduler/api/utils/PageInfo.java:[42,21] @Builder will ignore the initializing expression entirely. If you want the initializing expression to serve as default, add @Builder.Default. If it is not supposed to be settable during building, make the field final.
[WARNING] /app/dolphinscheduler-api/src/main/java/org/apache/dolphinscheduler/api/utils/PageInfo.java:[51,21] @Builder will ignore the initializing expression entirely. If you want the initializing expression to serve as default, add @Builder.Default. If it is not supposed to be settable during building, make the field final.
[WARNING] /app/dolphinscheduler-api/src/main/java/org/apache/dolphinscheduler/api/utils/PageInfo.java:[55,21] @Builder will ignore the initializing expression entirely. If you want the initializing expression to serve as default, add @Builder.Default. If it is not supposed to be settable during building, make the field final.
[WARNING] /app/dolphinscheduler-api/src/main/java/org/apache/dolphinscheduler/api/dto/task/TaskFilterRequest.java:[35,1] Generating equals/hashCode implementation but without a call to superclass, even though this class does not extend java.lang.Object. If this is intentional, add '@EqualsAndHashCode(callSuper=false)' to your type.
[WARNING] /app/dolphinscheduler-api/src/main/java/org/apache/dolphinscheduler/api/dto/user/UserListResponse.java:[31,1] Generating equals/hashCode implementation but without a call to superclass, even though this class does not extend java.lang.Object. If this is intentional, add '@EqualsAndHashCode(callSuper=false)' to your type.
[WARNING] /app/dolphinscheduler-api/src/main/java/org/apache/dolphinscheduler/api/dto/workflow/WorkflowFilterRequest.java:[36,1] Generating equals/hashCode implementation but without a call to superclass, even though this class does not extend java.lang.Object. If this is intentional, add '@EqualsAndHashCode(callSuper=false)' to your type.
[WARNING] /app/dolphinscheduler-api/src/main/java/org/apache/dolphinscheduler/api/dto/resources/DeleteDataTransferResponse.java:[26,1] Generating equals/hashCode implementation but without a call to superclass, even though this class does not extend java.lang.Object. If this is intentional, add '@EqualsAndHashCode(callSuper=false)' to your type.
[WARNING] /app/dolphinscheduler-api/src/main/java/org/apache/dolphinscheduler/api/dto/workflowInstance/WorkflowExecuteResponse.java:[27,1] Generating equals/hashCode implementation but without a call to superclass, even though this class does not extend java.lang.Object. If this is intentional, add '@EqualsAndHashCode(callSuper=false)' to your type.
[WARNING] /app/dolphinscheduler-api/src/main/java/org/apache/dolphinscheduler/api/dto/project/ProjectQueryResponse.java:[28,1] Generating equals/hashCode implementation but without a call to superclass, even though this class does not extend java.lang.Object. If this is intentional, add '@EqualsAndHashCode(callSuper=false)' to your type.
[WARNING] /app/dolphinscheduler-api/src/main/java/org/apache/dolphinscheduler/api/dto/workflowInstance/WorkflowInstanceQueryRequest.java:[34,1] Generating equals/hashCode implementation but without a call to superclass, even though this class does not extend java.lang.Object. If this is intentional, add '@EqualsAndHashCode(callSuper=false)' to your type.
[WARNING] /app/dolphinscheduler-api/src/main/java/org/apache/dolphinscheduler/api/exceptions/ServiceException.java:[26,1] Generating equals/hashCode implementation but without a call to superclass, even though this class does not extend java.lang.Object. If this is intentional, add '@EqualsAndHashCode(callSuper=false)' to your type.
[WARNING] /app/dolphinscheduler-api/src/main/java/org/apache/dolphinscheduler/api/dto/project/ProjectListResponse.java:[31,1] Generating equals/hashCode implementation but without a call to superclass, even though this class does not extend java.lang.Object. If this is intentional, add '@EqualsAndHashCode(callSuper=false)' to your type.
[WARNING] /app/dolphinscheduler-api/src/main/java/org/apache/dolphinscheduler/api/dto/project/ProjectQueryRequest.java:[34,1] Generating equals/hashCode implementation but without a call to superclass, even though this class does not extend java.lang.Object. If this is intentional, add '@EqualsAndHashCode(callSuper=false)' to your type.
[WARNING] /app/dolphinscheduler-api/src/main/java/org/apache/dolphinscheduler/api/dto/taskRelation/TaskRelationFilterRequest.java:[35,1] Generating equals/hashCode implementation but without a call to superclass, even though this class does not extend java.lang.Object. If this is intentional, add '@EqualsAndHashCode(callSuper=false)' to your type.
[WARNING] /app/dolphinscheduler-api/src/main/java/org/apache/dolphinscheduler/api/dto/taskRelation/TaskRelationUpdateUpstreamRequest.java:[39,1] Generating equals/hashCode implementation but without a call to superclass, even though this class does not extend java.lang.Object. If this is intentional, add '@EqualsAndHashCode(callSuper=false)' to your type.
[WARNING] /app/dolphinscheduler-api/src/main/java/org/apache/dolphinscheduler/api/dto/project/ProjectCreateResponse.java:[28,1] Generating equals/hashCode implementation but without a call to superclass, even though this class does not extend java.lang.Object. If this is intentional, add '@EqualsAndHashCode(callSuper=false)' to your type.
[WARNING] /app/dolphinscheduler-api/src/main/java/org/apache/dolphinscheduler/api/dto/schedule/ScheduleFilterRequest.java:[36,1] Generating equals/hashCode implementation but without a call to superclass, even though this class does not extend java.lang.Object. If this is intentional, add '@EqualsAndHashCode(callSuper=false)' to your type.
[WARNING] /app/dolphinscheduler-api/src/main/java/org/apache/dolphinscheduler/api/dto/taskInstance/TaskInstanceListPagingResponse.java:[29,1] Generating equals/hashCode implementation but without a call to superclass, even though this class does not extend java.lang.Object. If this is intentional, add '@EqualsAndHashCode(callSuper=false)' to your type.
[WARNING] /app/dolphinscheduler-api/src/main/java/org/apache/dolphinscheduler/api/dto/project/ProjectDeleteResponse.java:[27,1] Generating equals/hashCode implementation but without a call to superclass, even though this class does not extend java.lang.Object. If this is intentional, add '@EqualsAndHashCode(callSuper=false)' to your type.
[WARNING] /app/dolphinscheduler-api/src/main/java/org/apache/dolphinscheduler/api/dto/queue/QueueQueryRequest.java:[34,1] Generating equals/hashCode implementation but without a call to superclass, even though this class does not extend java.lang.Object. If this is intentional, add '@EqualsAndHashCode(callSuper=false)' to your type.
[WARNING] /app/dolphinscheduler-api/src/main/java/org/apache/dolphinscheduler/api/dto/project/ProjectUpdateResponse.java:[28,1] Generating equals/hashCode implementation but without a call to superclass, even though this class does not extend java.lang.Object. If this is intentional, add '@EqualsAndHashCode(callSuper=false)' to your type.
[WARNING] /app/dolphinscheduler-api/src/main/java/org/apache/dolphinscheduler/api/dto/taskInstance/TaskInstanceSuccessResponse.java:[27,1] Generating equals/hashCode implementation but without a call to superclass, even though this class does not extend java.lang.Object. If this is intentional, add '@EqualsAndHashCode(callSuper=false)' to your type.
[WARNING] /app/dolphinscheduler-api/src/main/java/org/apache/dolphinscheduler/api/dto/project/ProjectListPagingResponse.java:[29,1] Generating equals/hashCode implementation but without a call to superclass, even though this class does not extend java.lang.Object. If this is intentional, add '@EqualsAndHashCode(callSuper=false)' to your type.
[WARNING] /app/dolphinscheduler-api/src/main/java/org/apache/dolphinscheduler/api/service/impl/ProjectServiceImpl.java:[324,66] non-varargs call of varargs method with inexact argument type for last parameter;
  cast to java.lang.Object for a varargs call
  cast to java.lang.Object[] for a non-varargs call and to suppress this warning
[INFO] /app/dolphinscheduler-api/src/main/java/org/apache/dolphinscheduler/api/configuration/AppConfiguration.java: Some input files use or override a deprecated API.
[INFO] /app/dolphinscheduler-api/src/main/java/org/apache/dolphinscheduler/api/configuration/AppConfiguration.java: Recompile with -Xlint:deprecation for details.
[INFO] /app/dolphinscheduler-api/src/main/java/org/apache/dolphinscheduler/api/controller/BaseController.java: Some input files use unchecked or unsafe operations.
[INFO] /app/dolphinscheduler-api/src/main/java/org/apache/dolphinscheduler/api/controller/BaseController.java: Recompile with -Xlint:unchecked for details.
[INFO]
[INFO] --- spotless:2.27.2:check (default) @ dolphinscheduler-api ---
[INFO] Spotless check skipped
[INFO]
[INFO] -------< org.apache.dolphinscheduler:dolphinscheduler-yarn-aop >--------
[INFO] Building dolphinscheduler-yarn-aop 3.4.2-SNAPSHOT              [132/138]
[INFO]   from dolphinscheduler-yarn-aop/pom.xml
[INFO] --------------------------------[ jar ]---------------------------------
[INFO]
[INFO] --- clean:3.1.0:clean (default-clean) @ dolphinscheduler-yarn-aop ---
[INFO] Deleting /app/dolphinscheduler-yarn-aop/target
[INFO]
[INFO] --- enforcer:3.0.0:enforce (enforce-maven-version) @ dolphinscheduler-yarn-aop ---
[INFO]
[INFO] --- enforcer:3.0.0:enforce (enforce-java-version) @ dolphinscheduler-yarn-aop ---
[INFO]
[INFO] --- remote-resources:1.7.0:process (process-resource-bundles) @ dolphinscheduler-yarn-aop ---
[INFO] Preparing remote bundle org.apache:apache-jar-resource-bundle:1.4
[INFO] Copying 3 resources from 1 bundle.
[INFO]
[INFO] --- resources:3.2.0:resources (default-resources) @ dolphinscheduler-yarn-aop ---
[INFO] Using 'UTF-8' encoding to copy filtered resources.
[INFO] Using 'UTF-8' encoding to copy filtered properties files.
[INFO] Copying 2 resources
[INFO] Copying 3 resources
[INFO]
[INFO] --- compiler:3.13.0:compile (default-compile) @ dolphinscheduler-yarn-aop ---
[INFO] Recompiling the module because of changed source code.
[INFO] Compiling 1 source file with javac [debug target 17] to target/classes
[WARNING] system modules path not set in conjunction with -source 17
[INFO] Annotation processing is enabled because one or more processors were found
  on the class path. A future release of javac may disable annotation processing
  unless at least one processor is specified by name (-processor), or a search
  path is specified (--processor-path, --processor-module-path), or annotation
  processing is enabled explicitly (-proc:only, -proc:full).
  Use -Xlint:-options to suppress this message.
  Use -proc:none to disable annotation processing.
[INFO]
[INFO] --- spotless:2.27.2:check (default) @ dolphinscheduler-yarn-aop ---
[INFO] Spotless check skipped
[INFO]
[INFO] --- aspectj:1.14:compile (default) @ dolphinscheduler-yarn-aop ---
[INFO] Showing AJC message detail for messages of types: [error, warning, fail]
[WARNING] bad version number found in /home/jules/.m2/repository/org/aspectj/aspectjrt/1.9.7/aspectjrt-1.9.7.jar expected 1.9.22.1 found 1.9.7
	<unknown source file>:<no line information>

[WARNING] You aren't using a compiler supported by lombok, so lombok will not work and has been disabled.
Your processor is: org.aspectj.org.eclipse.jdt.internal.compiler.apt.dispatch.BatchProcessingEnvImpl
Lombok supports: OpenJDK javac, ECJ
	<unknown source file>:<no line information>

[INFO]
[INFO] --------< org.apache.dolphinscheduler:dolphinscheduler-worker >---------
[INFO] Building dolphinscheduler-worker 3.4.2-SNAPSHOT                [133/138]
[INFO]   from dolphinscheduler-worker/pom.xml
[INFO] --------------------------------[ jar ]---------------------------------
[INFO]
[INFO] --- clean:3.1.0:clean (default-clean) @ dolphinscheduler-worker ---
[INFO] Deleting /app/dolphinscheduler-worker/target
[INFO]
[INFO] --- enforcer:3.0.0:enforce (enforce-maven-version) @ dolphinscheduler-worker ---
[INFO]
[INFO] --- enforcer:3.0.0:enforce (enforce-java-version) @ dolphinscheduler-worker ---
[INFO]
[INFO] --- remote-resources:1.7.0:process (process-resource-bundles) @ dolphinscheduler-worker ---
[INFO] Preparing remote bundle org.apache:apache-jar-resource-bundle:1.4
[INFO] Copying 3 resources from 1 bundle.
[INFO]
[INFO] --- resources:3.2.0:resources (default-resources) @ dolphinscheduler-worker ---
[INFO] Using 'UTF-8' encoding to copy filtered resources.
[INFO] Using 'UTF-8' encoding to copy filtered properties files.
[INFO] Copying 4 resources
[INFO] Copying 3 resources
[INFO]
[INFO] --- compiler:3.13.0:compile (default-compile) @ dolphinscheduler-worker ---
[INFO] Recompiling the module because of changed dependency.
[INFO] Compiling 31 source files with javac [debug target 17] to target/classes
[WARNING] system modules path not set in conjunction with -source 17
[INFO] Annotation processing is enabled because one or more processors were found
  on the class path. A future release of javac may disable annotation processing
  unless at least one processor is specified by name (-processor), or a search
  path is specified (--processor-path, --processor-module-path), or annotation
  processing is enabled explicitly (-proc:only, -proc:full).
  Use -Xlint:-options to suppress this message.
  Use -proc:none to disable annotation processing.
[INFO] /app/dolphinscheduler-worker/src/main/java/org/apache/dolphinscheduler/server/worker/executor/PhysicalTaskExecutor.java: Some input files use or override a deprecated API.
[INFO] /app/dolphinscheduler-worker/src/main/java/org/apache/dolphinscheduler/server/worker/executor/PhysicalTaskExecutor.java: Recompile with -Xlint:deprecation for details.
[INFO]
[INFO] --- spotless:2.27.2:check (default) @ dolphinscheduler-worker ---
[INFO] Spotless check skipped
[INFO]
[INFO] --------< org.apache.dolphinscheduler:dolphinscheduler-master >---------
[INFO] Building dolphinscheduler-master 3.4.2-SNAPSHOT                [134/138]
[INFO]   from dolphinscheduler-master/pom.xml
[INFO] --------------------------------[ jar ]---------------------------------
Downloading from apache.snapshots: https://repository.apache.org/snapshots/org/webjars/npm/config-chain/maven-metadata.xml
Downloading from central: https://repo.maven.apache.org/maven2/org/webjars/npm/config-chain/maven-metadata.xml
Progress (1): 464 B                   Downloaded from central: https://repo.maven.apache.org/maven2/org/webjars/npm/config-chain/maven-metadata.xml (464 B at 12 kB/s)
Downloading from apache.snapshots: https://repository.apache.org/snapshots/org/webjars/npm/proto-list/maven-metadata.xml
Downloading from central: https://repo.maven.apache.org/maven2/org/webjars/npm/proto-list/maven-metadata.xml
Progress (1): 332 B                   Downloaded from central: https://repo.maven.apache.org/maven2/org/webjars/npm/proto-list/maven-metadata.xml (332 B at 6.6 kB/s)
Downloading from apache.snapshots: https://repository.apache.org/snapshots/org/webjars/npm/ini/maven-metadata.xml
Downloading from central: https://repo.maven.apache.org/maven2/org/webjars/npm/ini/maven-metadata.xml
Progress (1): 542 B                   Downloaded from central: https://repo.maven.apache.org/maven2/org/webjars/npm/ini/maven-metadata.xml (542 B at 9.5 kB/s)
Downloading from apache.snapshots: https://repository.apache.org/snapshots/org/webjars/npm/editorconfig/maven-metadata.xml
Downloading from central: https://repo.maven.apache.org/maven2/org/webjars/npm/editorconfig/maven-metadata.xml
Progress (1): 653 B                   Downloaded from central: https://repo.maven.apache.org/maven2/org/webjars/npm/editorconfig/maven-metadata.xml (653 B at 13 kB/s)
Downloading from apache.snapshots: https://repository.apache.org/snapshots/org/webjars/npm/commander/maven-metadata.xml
Downloading from central: https://repo.maven.apache.org/maven2/org/webjars/npm/commander/maven-metadata.xml
Progress (1): 1.9 kB                    Downloaded from central: https://repo.maven.apache.org/maven2/org/webjars/npm/commander/maven-metadata.xml (1.9 kB at 62 kB/s)
Downloading from apache.snapshots: https://repository.apache.org/snapshots/org/webjars/npm/lru-cache/maven-metadata.xml
Downloading from central: https://repo.maven.apache.org/maven2/org/webjars/npm/lru-cache/maven-metadata.xml
Progress (1): 1.1 kB                    Downloaded from central: https://repo.maven.apache.org/maven2/org/webjars/npm/lru-cache/maven-metadata.xml (1.1 kB at 41 kB/s)
Downloading from apache.snapshots: https://repository.apache.org/snapshots/org/webjars/npm/pseudomap/maven-metadata.xml
Downloading from central: https://repo.maven.apache.org/maven2/org/webjars/npm/pseudomap/maven-metadata.xml
Progress (1): 362 B                   Downloaded from central: https://repo.maven.apache.org/maven2/org/webjars/npm/pseudomap/maven-metadata.xml (362 B at 6.7 kB/s)
Downloading from apache.snapshots: https://repository.apache.org/snapshots/org/webjars/npm/yallist/maven-metadata.xml
Downloading from central: https://repo.maven.apache.org/maven2/org/webjars/npm/yallist/maven-metadata.xml
Progress (1): 546 B                   Downloaded from central: https://repo.maven.apache.org/maven2/org/webjars/npm/yallist/maven-metadata.xml (546 B at 19 kB/s)
Downloading from apache.snapshots: https://repository.apache.org/snapshots/org/webjars/npm/semver/maven-metadata.xml
Downloading from central: https://repo.maven.apache.org/maven2/org/webjars/npm/semver/maven-metadata.xml
Progress (1): 1.8 kB                    Downloaded from central: https://repo.maven.apache.org/maven2/org/webjars/npm/semver/maven-metadata.xml (1.8 kB at 62 kB/s)
Downloading from apache.snapshots: https://repository.apache.org/snapshots/org/webjars/npm/sigmund/maven-metadata.xml
Downloading from central: https://repo.maven.apache.org/maven2/org/webjars/npm/sigmund/maven-metadata.xml
Progress (1): 329 B                   Downloaded from central: https://repo.maven.apache.org/maven2/org/webjars/npm/sigmund/maven-metadata.xml (329 B at 6.3 kB/s)
Downloading from apache.snapshots: https://repository.apache.org/snapshots/org/webjars/npm/glob/maven-metadata.xml
Downloading from central: https://repo.maven.apache.org/maven2/org/webjars/npm/glob/maven-metadata.xml
Progress (1): 1.5 kB                    Downloaded from central: https://repo.maven.apache.org/maven2/org/webjars/npm/glob/maven-metadata.xml (1.5 kB at 48 kB/s)
Downloading from central: https://repo.maven.apache.org/maven2/org/webjars/npm/once/maven-metadata.xml
Downloading from apache.snapshots: https://repository.apache.org/snapshots/org/webjars/npm/once/maven-metadata.xml
Progress (1): 419 B                   Downloaded from central: https://repo.maven.apache.org/maven2/org/webjars/npm/once/maven-metadata.xml (419 B at 15 kB/s)
Downloading from apache.snapshots: https://repository.apache.org/snapshots/org/webjars/npm/wrappy/maven-metadata.xml
Downloading from central: https://repo.maven.apache.org/maven2/org/webjars/npm/wrappy/maven-metadata.xml
Progress (1): 359 B                   Downloaded from central: https://repo.maven.apache.org/maven2/org/webjars/npm/wrappy/maven-metadata.xml (359 B at 13 kB/s)
Downloading from apache.snapshots: https://repository.apache.org/snapshots/org/webjars/npm/inflight/maven-metadata.xml
Downloading from central: https://repo.maven.apache.org/maven2/org/webjars/npm/inflight/maven-metadata.xml
Progress (1): 361 B                   Downloaded from central: https://repo.maven.apache.org/maven2/org/webjars/npm/inflight/maven-metadata.xml (361 B at 12 kB/s)
Downloading from apache.snapshots: https://repository.apache.org/snapshots/org/webjars/npm/minimatch/maven-metadata.xml
Downloading from central: https://repo.maven.apache.org/maven2/org/webjars/npm/minimatch/maven-metadata.xml
Progress (1): 1.2 kB                    Downloaded from central: https://repo.maven.apache.org/maven2/org/webjars/npm/minimatch/maven-metadata.xml (1.2 kB at 37 kB/s)
Downloading from apache.snapshots: https://repository.apache.org/snapshots/org/webjars/npm/fs.realpath/maven-metadata.xml
Downloading from central: https://repo.maven.apache.org/maven2/org/webjars/npm/fs.realpath/maven-metadata.xml
Progress (1): 333 B                   Downloaded from central: https://repo.maven.apache.org/maven2/org/webjars/npm/fs.realpath/maven-metadata.xml (333 B at 12 kB/s)
Downloading from apache.snapshots: https://repository.apache.org/snapshots/org/webjars/npm/inherits/maven-metadata.xml
Downloading from central: https://repo.maven.apache.org/maven2/org/webjars/npm/inherits/maven-metadata.xml
Progress (1): 423 B                   Downloaded from central: https://repo.maven.apache.org/maven2/org/webjars/npm/inherits/maven-metadata.xml (423 B at 15 kB/s)
Downloading from apache.snapshots: https://repository.apache.org/snapshots/org/webjars/npm/nopt/maven-metadata.xml
Downloading from central: https://repo.maven.apache.org/maven2/org/webjars/npm/nopt/maven-metadata.xml
Progress (1): 730 B                   Downloaded from central: https://repo.maven.apache.org/maven2/org/webjars/npm/nopt/maven-metadata.xml (730 B at 25 kB/s)
Downloading from central: https://repo.maven.apache.org/maven2/org/webjars/npm/abbrev/maven-metadata.xml
Downloading from apache.snapshots: https://repository.apache.org/snapshots/org/webjars/npm/abbrev/maven-metadata.xml
Progress (1): 576 B                   Downloaded from central: https://repo.maven.apache.org/maven2/org/webjars/npm/abbrev/maven-metadata.xml (576 B at 11 kB/s)
Downloading from apache.snapshots: https://repository.apache.org/snapshots/org/webjars/npm/balanced-match/maven-metadata.xml
Downloading from central: https://repo.maven.apache.org/maven2/org/webjars/npm/balanced-match/maven-metadata.xml
Progress (1): 491 B                   Downloaded from central: https://repo.maven.apache.org/maven2/org/webjars/npm/balanced-match/maven-metadata.xml (491 B at 18 kB/s)
[INFO]
[INFO] --- clean:3.1.0:clean (default-clean) @ dolphinscheduler-master ---
[INFO] Deleting /app/dolphinscheduler-master/target
[INFO]
[INFO] --- enforcer:3.0.0:enforce (enforce-maven-version) @ dolphinscheduler-master ---
[INFO]
[INFO] --- enforcer:3.0.0:enforce (enforce-java-version) @ dolphinscheduler-master ---
[INFO]
[INFO] --- remote-resources:1.7.0:process (process-resource-bundles) @ dolphinscheduler-master ---
[INFO] Preparing remote bundle org.apache:apache-jar-resource-bundle:1.4
[INFO] Copying 3 resources from 1 bundle.
[INFO] artifact org.webjars.npm:config-chain: checking for updates from central
[INFO] artifact org.webjars.npm:proto-list: checking for updates from central
[INFO] artifact org.webjars.npm:ini: checking for updates from central
[INFO] artifact org.webjars.npm:editorconfig: checking for updates from central
[INFO] artifact org.webjars.npm:commander: checking for updates from central
[INFO] artifact org.webjars.npm:lru-cache: checking for updates from central
[INFO] artifact org.webjars.npm:pseudomap: checking for updates from central
[INFO] artifact org.webjars.npm:yallist: checking for updates from central
[INFO] artifact org.webjars.npm:semver: checking for updates from central
[INFO] artifact org.webjars.npm:sigmund: checking for updates from central
[INFO] artifact org.webjars.npm:glob: checking for updates from central
[INFO] artifact org.webjars.npm:once: checking for updates from central
[INFO] artifact org.webjars.npm:wrappy: checking for updates from central
[INFO] artifact org.webjars.npm:fs.realpath: checking for updates from central
[INFO] artifact org.webjars.npm:inherits: checking for updates from central
[INFO] artifact org.webjars.npm:inflight: checking for updates from central
[INFO] artifact org.webjars.npm:minimatch: checking for updates from central
[INFO] artifact org.webjars.npm:nopt: checking for updates from central
[INFO] artifact org.webjars.npm:abbrev: checking for updates from central
[INFO] artifact org.webjars.npm:balanced-match: checking for updates from central
[INFO]
[INFO] --- resources:3.2.0:resources (default-resources) @ dolphinscheduler-master ---
[INFO] Using 'UTF-8' encoding to copy filtered resources.
[INFO] Using 'UTF-8' encoding to copy filtered properties files.
[INFO] Copying 4 resources
[INFO] Copying 3 resources
[INFO]
[INFO] --- compiler:3.13.0:compile (default-compile) @ dolphinscheduler-master ---
[INFO] Recompiling the module because of changed dependency.
[INFO] Compiling 280 source files with javac [debug target 17] to target/classes
[WARNING] system modules path not set in conjunction with -source 17
[INFO] Annotation processing is enabled because one or more processors were found
  on the class path. A future release of javac may disable annotation processing
  unless at least one processor is specified by name (-processor), or a search
  path is specified (--processor-path, --processor-module-path), or annotation
  processing is enabled explicitly (-proc:only, -proc:full).
  Use -Xlint:-options to suppress this message.
  Use -proc:none to disable annotation processing.
[WARNING] /app/dolphinscheduler-master/src/main/java/org/apache/dolphinscheduler/server/master/engine/task/lifecycle/event/TaskFatalLifecycleEvent.java:[31,1] Generating equals/hashCode implementation but without a call to superclass, even though this class does not extend java.lang.Object. If this is intentional, add '@EqualsAndHashCode(callSuper=false)' to your type.
[WARNING] /app/dolphinscheduler-master/src/main/java/org/apache/dolphinscheduler/server/master/engine/task/lifecycle/event/TaskFailedLifecycleEvent.java:[31,1] Generating equals/hashCode implementation but without a call to superclass, even though this class does not extend java.lang.Object. If this is intentional, add '@EqualsAndHashCode(callSuper=false)' to your type.
[WARNING] /app/dolphinscheduler-master/src/main/java/org/apache/dolphinscheduler/server/master/engine/task/lifecycle/event/TaskKilledLifecycleEvent.java:[31,1] Generating equals/hashCode implementation but without a call to superclass, even though this class does not extend java.lang.Object. If this is intentional, add '@EqualsAndHashCode(callSuper=false)' to your type.
[INFO] /app/dolphinscheduler-master/src/main/java/org/apache/dolphinscheduler/server/master/engine/system/SystemEventBusFireWorker.java: Some input files use or override a deprecated API.
[INFO] /app/dolphinscheduler-master/src/main/java/org/apache/dolphinscheduler/server/master/engine/system/SystemEventBusFireWorker.java: Recompile with -Xlint:deprecation for details.
[INFO]
[INFO] --- spotless:2.27.2:check (default) @ dolphinscheduler-master ---
[INFO] Spotless check skipped
[INFO]
[INFO] ---< org.apache.dolphinscheduler:dolphinscheduler-standalone-server >---
[INFO] Building dolphinscheduler-standalone-server 3.4.2-SNAPSHOT     [135/138]
[INFO]   from dolphinscheduler-standalone-server/pom.xml
[INFO] --------------------------------[ jar ]---------------------------------
[INFO]
[INFO] --- clean:3.1.0:clean (default-clean) @ dolphinscheduler-standalone-server ---
[INFO] Deleting /app/dolphinscheduler-standalone-server/target
[INFO]
[INFO] --- enforcer:3.0.0:enforce (enforce-maven-version) @ dolphinscheduler-standalone-server ---
[INFO]
[INFO] --- enforcer:3.0.0:enforce (enforce-java-version) @ dolphinscheduler-standalone-server ---
[INFO]
[INFO] --- remote-resources:1.7.0:process (process-resource-bundles) @ dolphinscheduler-standalone-server ---
[INFO] Preparing remote bundle org.apache:apache-jar-resource-bundle:1.4
[INFO] Copying 3 resources from 1 bundle.
[INFO]
[INFO] --- resources:3.2.0:resources (default-resources) @ dolphinscheduler-standalone-server ---
[INFO] Using 'UTF-8' encoding to copy filtered resources.
[INFO] Using 'UTF-8' encoding to copy filtered properties files.
[INFO] Copying 4 resources
[INFO] Copying 3 resources
[INFO]
[INFO] --- compiler:3.13.0:compile (default-compile) @ dolphinscheduler-standalone-server ---
[INFO] Recompiling the module because of changed dependency.
[INFO] Compiling 1 source file with javac [debug target 17] to target/classes
[WARNING] system modules path not set in conjunction with -source 17
[INFO] Annotation processing is enabled because one or more processors were found
  on the class path. A future release of javac may disable annotation processing
  unless at least one processor is specified by name (-processor), or a search
  path is specified (--processor-path, --processor-module-path), or annotation
  processing is enabled explicitly (-proc:only, -proc:full).
  Use -Xlint:-options to suppress this message.
  Use -proc:none to disable annotation processing.
[INFO]
[INFO] --- spotless:2.27.2:check (default) @ dolphinscheduler-standalone-server ---
[INFO] Spotless check skipped
[INFO]
[INFO] ---------< org.apache.dolphinscheduler:dolphinscheduler-tools >---------
[INFO] Building dolphinscheduler-tools 3.4.2-SNAPSHOT                 [136/138]
[INFO]   from dolphinscheduler-tools/pom.xml
[INFO] --------------------------------[ jar ]---------------------------------
[INFO]
[INFO] --- clean:3.1.0:clean (default-clean) @ dolphinscheduler-tools ---
[INFO] Deleting /app/dolphinscheduler-tools/target
[INFO]
[INFO] --- enforcer:3.0.0:enforce (enforce-maven-version) @ dolphinscheduler-tools ---
[INFO]
[INFO] --- enforcer:3.0.0:enforce (enforce-java-version) @ dolphinscheduler-tools ---
[INFO]
[INFO] --- remote-resources:1.7.0:process (process-resource-bundles) @ dolphinscheduler-tools ---
[INFO] Preparing remote bundle org.apache:apache-jar-resource-bundle:1.4
[INFO] Copying 3 resources from 1 bundle.
[INFO]
[INFO] --- resources:3.2.0:resources (default-resources) @ dolphinscheduler-tools ---
[INFO] Using 'UTF-8' encoding to copy filtered resources.
[INFO] Using 'UTF-8' encoding to copy filtered properties files.
[INFO] Copying 1 resource
[INFO] Copying 3 resources
[INFO]
[INFO] --- compiler:3.13.0:compile (default-compile) @ dolphinscheduler-tools ---
[INFO] Recompiling the module because of changed dependency.
[INFO] Compiling 17 source files with javac [debug target 17] to target/classes
[WARNING] system modules path not set in conjunction with -source 17
[INFO] Annotation processing is enabled because one or more processors were found
  on the class path. A future release of javac may disable annotation processing
  unless at least one processor is specified by name (-processor), or a search
  path is specified (--processor-path, --processor-module-path), or annotation
  processing is enabled explicitly (-proc:only, -proc:full).
  Use -Xlint:-options to suppress this message.
  Use -proc:none to disable annotation processing.
[INFO] /app/dolphinscheduler-tools/src/main/java/org/apache/dolphinscheduler/tools/demo/WorkflowDefinitionDemo.java: /app/dolphinscheduler-tools/src/main/java/org/apache/dolphinscheduler/tools/demo/WorkflowDefinitionDemo.java uses or overrides a deprecated API.
[INFO] /app/dolphinscheduler-tools/src/main/java/org/apache/dolphinscheduler/tools/demo/WorkflowDefinitionDemo.java: Recompile with -Xlint:deprecation for details.
[INFO] /app/dolphinscheduler-tools/src/main/java/org/apache/dolphinscheduler/tools/demo/WorkflowDefinitionDemo.java: /app/dolphinscheduler-tools/src/main/java/org/apache/dolphinscheduler/tools/demo/WorkflowDefinitionDemo.java uses unchecked or unsafe operations.
[INFO] /app/dolphinscheduler-tools/src/main/java/org/apache/dolphinscheduler/tools/demo/WorkflowDefinitionDemo.java: Recompile with -Xlint:unchecked for details.
[INFO]
[INFO] --- spotless:2.27.2:check (default) @ dolphinscheduler-tools ---
[INFO] Spotless check skipped
[INFO]
[INFO] ---------< org.apache.dolphinscheduler:dolphinscheduler-dist >----------
[INFO] Building dolphinscheduler-dist 3.4.2-SNAPSHOT                  [137/138]
[INFO]   from dolphinscheduler-dist/pom.xml
[INFO] --------------------------------[ jar ]---------------------------------
Downloading from apache.snapshots: https://repository.apache.org/snapshots/com/google/guava/guava/maven-metadata.xml
Downloading from central: https://repo.maven.apache.org/maven2/com/google/guava/guava/maven-metadata.xml
Progress (1): 4.8 kBProgress (1): 5.7 kB                    Downloaded from central: https://repo.maven.apache.org/maven2/com/google/guava/guava/maven-metadata.xml (5.7 kB at 130 kB/s)
Downloading from apache.snapshots: https://repository.apache.org/snapshots/net/minidev/json-smart/maven-metadata.xml
Downloading from central: https://repo.maven.apache.org/maven2/net/minidev/json-smart/maven-metadata.xml
Downloading from ossrh: https://oss.sonatype.org/content/repositories/snapshots/net/minidev/json-smart/maven-metadata.xml
Downloading from shibboleth-repo: https://build.shibboleth.net/nexus/content/repositories/releases/net/minidev/json-smart/maven-metadata.xml
Progress (1): 1.4 kB                    Downloaded from central: https://repo.maven.apache.org/maven2/net/minidev/json-smart/maven-metadata.xml (1.4 kB at 41 kB/s)
[INFO]
[INFO] --- clean:3.1.0:clean (default-clean) @ dolphinscheduler-dist ---
[INFO] Deleting /app/dolphinscheduler-dist/target
[INFO]
[INFO] --- enforcer:3.0.0:enforce (enforce-maven-version) @ dolphinscheduler-dist ---
[INFO]
[INFO] --- enforcer:3.0.0:enforce (enforce-java-version) @ dolphinscheduler-dist ---
[INFO]
[INFO] --- remote-resources:1.7.0:process (process-resource-bundles) @ dolphinscheduler-dist ---
[INFO] Preparing remote bundle org.apache:apache-jar-resource-bundle:1.4
[INFO] Copying 3 resources from 1 bundle.
[INFO] artifact com.google.guava:guava: checking for updates from central
[INFO] artifact io.grpc:grpc-api: checking for updates from central
[INFO] artifact io.grpc:grpc-core: checking for updates from central
[INFO] artifact net.minidev:json-smart: checking for updates from central
[INFO] artifact net.minidev:json-smart: checking for updates from ossrh
[INFO] artifact net.minidev:json-smart: checking for updates from shibboleth-repo
[INFO]
[INFO] --- resources:3.2.0:resources (default-resources) @ dolphinscheduler-dist ---
[INFO] Using 'UTF-8' encoding to copy filtered resources.
[INFO] Using 'UTF-8' encoding to copy filtered properties files.
[INFO] skip non existing resourceDirectory /app/dolphinscheduler-dist/src/main/resources
[INFO] Copying 3 resources
[INFO]
[INFO] --- compiler:3.13.0:compile (default-compile) @ dolphinscheduler-dist ---
[INFO] No sources to compile
[INFO]
[INFO] --- spotless:2.27.2:check (default) @ dolphinscheduler-dist ---
[INFO] Spotless check skipped
[INFO]
[INFO] ------< org.apache.dolphinscheduler:dolphinscheduler-microbench >-------
[INFO] Building dolphinscheduler-microbench 3.4.2-SNAPSHOT            [138/138]
[INFO]   from dolphinscheduler-microbench/pom.xml
[INFO] --------------------------------[ jar ]---------------------------------
[INFO]
[INFO] --- clean:3.1.0:clean (default-clean) @ dolphinscheduler-microbench ---
[INFO] Deleting /app/dolphinscheduler-microbench/target
[INFO]
[INFO] --- enforcer:3.0.0:enforce (enforce-maven-version) @ dolphinscheduler-microbench ---
[INFO]
[INFO] --- enforcer:3.0.0:enforce (enforce-java-version) @ dolphinscheduler-microbench ---
[INFO]
[INFO] --- remote-resources:1.7.0:process (process-resource-bundles) @ dolphinscheduler-microbench ---
[INFO] Preparing remote bundle org.apache:apache-jar-resource-bundle:1.4
[INFO] Copying 3 resources from 1 bundle.
[INFO]
[INFO] --- resources:3.2.0:resources (default-resources) @ dolphinscheduler-microbench ---
[INFO] Using 'UTF-8' encoding to copy filtered resources.
[INFO] Using 'UTF-8' encoding to copy filtered properties files.
[INFO] skip non existing resourceDirectory /app/dolphinscheduler-microbench/src/main/resources
[INFO] Copying 3 resources
[INFO]
[INFO] --- compiler:3.13.0:compile (default-compile) @ dolphinscheduler-microbench ---
[WARNING]  Parameter 'compilerVersion' (user property 'maven.compiler.compilerVersion') is deprecated: This parameter is no longer evaluated by the underlying compilers, instead the actual version of the javac binary is automatically retrieved.
[INFO] Compiling 5 source files with javac [debug target 1.8] to target/classes
[WARNING] bootstrap class path not set in conjunction with -source 8
[WARNING] source value 8 is obsolete and will be removed in a future release
[WARNING] target value 8 is obsolete and will be removed in a future release
[WARNING] To suppress warnings about obsolete options, use -Xlint:-options.
[INFO] Annotation processing is enabled because one or more processors were found
  on the class path. A future release of javac may disable annotation processing
  unless at least one processor is specified by name (-processor), or a search
  path is specified (--processor-path, --processor-module-path), or annotation
  processing is enabled explicitly (-proc:only, -proc:full).
  Use -Xlint:-options to suppress this message.
  Use -proc:none to disable annotation processing.
[INFO]
[INFO] --- spotless:2.27.2:check (default) @ dolphinscheduler-microbench ---
[INFO] Spotless check skipped
[INFO] ------------------------------------------------------------------------
[INFO] Reactor Summary for dolphinscheduler 3.4.2-SNAPSHOT:
[INFO]
[INFO] dolphinscheduler ................................... SUCCESS [  5.167 s]
[INFO] dolphinscheduler-bom ............................... SUCCESS [  0.359 s]
[INFO] dolphinscheduler-authentication .................... SUCCESS [  0.244 s]
[INFO] dolphinscheduler-aws-authentication ................ SUCCESS [  5.542 s]
[INFO] dolphinscheduler-common ............................ SUCCESS [  8.127 s]
[INFO] dolphinscheduler-spi ............................... SUCCESS [  3.382 s]
[INFO] dolphinscheduler-alert ............................. SUCCESS [  0.039 s]
[INFO] dolphinscheduler-alert-plugins ..................... SUCCESS [  0.036 s]
[INFO] dolphinscheduler-alert-api ......................... SUCCESS [  1.678 s]
[INFO] dolphinscheduler-alert-prometheus .................. SUCCESS [  2.442 s]
[INFO] dolphinscheduler-alert-dingtalk .................... SUCCESS [  2.327 s]
[INFO] dolphinscheduler-alert-email ....................... SUCCESS [  3.436 s]
[INFO] dolphinscheduler-alert-feishu ...................... SUCCESS [  2.541 s]
[INFO] dolphinscheduler-alert-http ........................ SUCCESS [  2.294 s]
[INFO] dolphinscheduler-alert-pagerduty ................... SUCCESS [  1.700 s]
[INFO] dolphinscheduler-alert-script ...................... SUCCESS [  1.827 s]
[INFO] dolphinscheduler-alert-slack ....................... SUCCESS [  1.492 s]
[INFO] dolphinscheduler-alert-telegram .................... SUCCESS [  1.480 s]
[INFO] dolphinscheduler-alert-webexteams .................. SUCCESS [  1.602 s]
[INFO] dolphinscheduler-alert-wechat ...................... SUCCESS [  1.240 s]
[INFO] dolphinscheduler-alert-aliyunVoice ................. SUCCESS [  9.070 s]
[INFO] dolphinscheduler-alert-all ......................... SUCCESS [  0.527 s]
[INFO] dolphinscheduler-meter ............................. SUCCESS [  3.289 s]
[INFO] dolphinscheduler-task-plugin ....................... SUCCESS [  0.078 s]
[INFO] dolphinscheduler-task-api .......................... SUCCESS [  4.536 s]
[INFO] dolphinscheduler-dao-plugin ........................ SUCCESS [  0.050 s]
[INFO] dolphinscheduler-dao-api ........................... SUCCESS [  0.592 s]
[INFO] dolphinscheduler-dao-h2 ............................ SUCCESS [  1.065 s]
[INFO] dolphinscheduler-dao-postgresql .................... SUCCESS [  1.147 s]
[INFO] dolphinscheduler-dao-mysql ......................... SUCCESS [  0.570 s]
[INFO] dolphinscheduler-dao-plugin-all .................... SUCCESS [  0.088 s]
[INFO] dolphinscheduler-dao ............................... SUCCESS [  5.327 s]
[INFO] dolphinscheduler-extract ........................... SUCCESS [  0.062 s]
[INFO] dolphinscheduler-extract-base ...................... SUCCESS [  4.100 s]
[INFO] dolphinscheduler-registry .......................... SUCCESS [  0.048 s]
[INFO] dolphinscheduler-registry-api ...................... SUCCESS [  2.273 s]
[INFO] dolphinscheduler-registry-plugins .................. SUCCESS [  0.027 s]
[INFO] dolphinscheduler-registry-it ....................... SUCCESS [  1.523 s]
[INFO] dolphinscheduler-registry-zookeeper ................ SUCCESS [  2.929 s]
[INFO] dolphinscheduler-registry-jdbc ..................... SUCCESS [  4.259 s]
[INFO] dolphinscheduler-registry-etcd ..................... SUCCESS [  2.768 s]
[INFO] dolphinscheduler-registry-all ...................... SUCCESS [  1.775 s]
[INFO] dolphinscheduler-extract-alert ..................... SUCCESS [  2.130 s]
[INFO] dolphinscheduler-actuator-authentication ........... SUCCESS [  0.555 s]
[INFO] dolphinscheduler-alert-server ...................... SUCCESS [  3.684 s]
[INFO] dolphinscheduler-datasource-plugin ................. SUCCESS [  0.045 s]
[INFO] dolphinscheduler-datasource-api .................... SUCCESS [  2.457 s]
[INFO] dolphinscheduler-task-datax ........................ SUCCESS [  2.048 s]
[INFO] dolphinscheduler-task-flink ........................ SUCCESS [  1.182 s]
[INFO] dolphinscheduler-task-flink-stream ................. SUCCESS [  1.216 s]
[INFO] dolphinscheduler-task-grpc ......................... SUCCESS [  2.348 s]
[INFO] dolphinscheduler-task-http ......................... SUCCESS [  1.317 s]
[INFO] dolphinscheduler-task-mr ........................... SUCCESS [  1.256 s]
[INFO] dolphinscheduler-task-procedure .................... SUCCESS [  1.631 s]
[INFO] dolphinscheduler-task-python ....................... SUCCESS [  1.139 s]
[INFO] dolphinscheduler-task-seatunnel .................... SUCCESS [  1.322 s]
[INFO] dolphinscheduler-task-shell ........................ SUCCESS [  1.108 s]
[INFO] dolphinscheduler-task-spark ........................ SUCCESS [  1.307 s]
[INFO] dolphinscheduler-task-sql .......................... SUCCESS [  1.574 s]
[INFO] dolphinscheduler-task-sqoop ........................ SUCCESS [  1.886 s]
[INFO] dolphinscheduler-task-emr .......................... SUCCESS [  1.363 s]
[INFO] dolphinscheduler-datasource-zeppelin ............... SUCCESS [  1.782 s]
[INFO] dolphinscheduler-task-zeppelin ..................... SUCCESS [  1.701 s]
[INFO] dolphinscheduler-task-jupyter ...................... SUCCESS [  1.380 s]
[INFO] dolphinscheduler-datasource-k8s .................... SUCCESS [  1.632 s]
[INFO] dolphinscheduler-task-k8s .......................... SUCCESS [  1.502 s]
[INFO] dolphinscheduler-task-mlflow ....................... SUCCESS [  1.117 s]
[INFO] dolphinscheduler-task-openmldb ..................... SUCCESS [  1.077 s]
[INFO] dolphinscheduler-task-dvc .......................... SUCCESS [  1.129 s]
[INFO] dolphinscheduler-task-dinky ........................ SUCCESS [  1.087 s]
[INFO] dolphinscheduler-task-java ......................... SUCCESS [  1.117 s]
[INFO] dolphinscheduler-datasource-sagemaker .............. SUCCESS [  1.574 s]
[INFO] dolphinscheduler-task-sagemaker .................... SUCCESS [  1.375 s]
[INFO] dolphinscheduler-task-hivecli ...................... SUCCESS [  1.218 s]
[INFO] dolphinscheduler-task-chunjun ...................... SUCCESS [  2.109 s]
[INFO] dolphinscheduler-task-dms .......................... SUCCESS [  1.104 s]
[INFO] dolphinscheduler-task-datasync ..................... SUCCESS [  1.255 s]
[INFO] dolphinscheduler-task-kubeflow ..................... SUCCESS [  1.591 s]
[INFO] dolphinscheduler-task-linkis ....................... SUCCESS [  1.156 s]
[INFO] dolphinscheduler-task-datafactory .................. SUCCESS [  2.470 s]
[INFO] dolphinscheduler-datasource-ssh .................... SUCCESS [  1.459 s]
[INFO] dolphinscheduler-task-remoteshell .................. SUCCESS [  1.678 s]
[INFO] dolphinscheduler-datasource-clickhouse ............. SUCCESS [  1.398 s]
[INFO] dolphinscheduler-datasource-databend ............... SUCCESS [  1.510 s]
[INFO] dolphinscheduler-datasource-db2 .................... SUCCESS [  1.447 s]
[INFO] dolphinscheduler-datasource-hive ................... SUCCESS [  2.652 s]
[INFO] dolphinscheduler-datasource-mysql .................. SUCCESS [  1.502 s]
[INFO] dolphinscheduler-datasource-oceanbase .............. SUCCESS [  1.389 s]
[INFO] dolphinscheduler-datasource-oracle ................. SUCCESS [  1.333 s]
[INFO] dolphinscheduler-datasource-postgresql ............. SUCCESS [  1.366 s]
[INFO] dolphinscheduler-datasource-sqlserver .............. SUCCESS [  1.630 s]
[INFO] dolphinscheduler-datasource-redshift ............... SUCCESS [  1.504 s]
[INFO] dolphinscheduler-datasource-athena ................. SUCCESS [  1.398 s]
[INFO] dolphinscheduler-datasource-spark .................. SUCCESS [  2.652 s]
[INFO] dolphinscheduler-datasource-presto ................. SUCCESS [  1.426 s]
[INFO] dolphinscheduler-datasource-trino .................. SUCCESS [  1.371 s]
[INFO] dolphinscheduler-datasource-starrocks .............. SUCCESS [  1.356 s]
[INFO] dolphinscheduler-datasource-azure-sql .............. SUCCESS [  1.575 s]
[INFO] dolphinscheduler-datasource-dameng ................. SUCCESS [  1.421 s]
[INFO] dolphinscheduler-datasource-snowflake .............. SUCCESS [  1.622 s]
[INFO] dolphinscheduler-datasource-kyuubi ................. SUCCESS [  1.476 s]
[INFO] dolphinscheduler-datasource-vertica ................ SUCCESS [  1.368 s]
[INFO] dolphinscheduler-datasource-doris .................. SUCCESS [  1.890 s]
[INFO] dolphinscheduler-datasource-hana ................... SUCCESS [  1.986 s]
[INFO] dolphinscheduler-datasource-aliyunserverlessspark .. SUCCESS [  1.491 s]
[INFO] dolphinscheduler-datasource-dolphindb .............. SUCCESS [  1.548 s]
[INFO] dolphinscheduler-datasource-all .................... SUCCESS [  1.740 s]
[INFO] dolphinscheduler-task-aliyunserverlessspark ........ SUCCESS [  6.413 s]
[INFO] dolphinscheduler-task-all .......................... SUCCESS [  2.286 s]
[INFO] dolphinscheduler-extract-common .................... SUCCESS [  2.478 s]
[INFO] dolphinscheduler-eventbus .......................... SUCCESS [  0.417 s]
[INFO] dolphinscheduler-task-executor ..................... SUCCESS [  6.999 s]
[INFO] dolphinscheduler-extract-master .................... SUCCESS [  5.612 s]
[INFO] dolphinscheduler-extract-worker .................... SUCCESS [  3.840 s]
[INFO] dolphinscheduler-service ........................... SUCCESS [  2.712 s]
[INFO] dolphinscheduler-ui ................................ SUCCESS [  0.422 s]
[INFO] dolphinscheduler-scheduler-plugin .................. SUCCESS [  0.019 s]
[INFO] dolphinscheduler-scheduler-api ..................... SUCCESS [  1.413 s]
[INFO] dolphinscheduler-scheduler-quartz .................. SUCCESS [  3.013 s]
[INFO] dolphinscheduler-scheduler-all ..................... SUCCESS [  1.746 s]
[INFO] dolphinscheduler-storage-plugin .................... SUCCESS [  0.037 s]
[INFO] dolphinscheduler-storage-api ....................... SUCCESS [  1.336 s]
[INFO] dolphinscheduler-storage-s3 ........................ SUCCESS [  1.007 s]
[INFO] dolphinscheduler-storage-hdfs ...................... SUCCESS [  2.119 s]
[INFO] dolphinscheduler-storage-oss ....................... SUCCESS [  1.151 s]
[INFO] dolphinscheduler-storage-gcs ....................... SUCCESS [  1.350 s]
[INFO] dolphinscheduler-storage-abs ....................... SUCCESS [  1.416 s]
[INFO] dolphinscheduler-storage-obs ....................... SUCCESS [  1.173 s]
[INFO] dolphinscheduler-storage-cos ....................... SUCCESS [  1.504 s]
[INFO] dolphinscheduler-storage-all ....................... SUCCESS [  0.458 s]
[INFO] dolphinscheduler-api ............................... SUCCESS [ 12.893 s]
[INFO] dolphinscheduler-yarn-aop .......................... SUCCESS [  4.156 s]
[INFO] dolphinscheduler-worker ............................ SUCCESS [  4.603 s]
[INFO] dolphinscheduler-master ............................ SUCCESS [ 11.821 s]
[INFO] dolphinscheduler-standalone-server ................. SUCCESS [  4.813 s]
[INFO] dolphinscheduler-tools ............................. SUCCESS [  2.442 s]
[INFO] dolphinscheduler-dist .............................. SUCCESS [  8.749 s]
[INFO] dolphinscheduler-microbench ........................ SUCCESS [  3.017 s]
[INFO] ------------------------------------------------------------------------
[INFO] BUILD SUCCESS
[INFO] ------------------------------------------------------------------------
[INFO] Total time:  05:00 min
[INFO] Finished at: 2026-03-12T07:03:10Z
[INFO] ------------------------------------------------------------------------
